# Blender 4.3.2
# www.blender.org
mtllib monkey.mtl
o Suzanne
v 0.658529 0.239909 1.135417
v -0.658529 0.239909 1.135417
v 0.724609 0.169271 1.027344
v -0.724609 0.169271 1.027344
v 0.791016 0.109375 0.873047
v -0.791016 0.109375 0.873047
v 0.527344 0.003906 0.923828
v -0.527344 0.003906 0.923828
v 0.527669 0.088542 1.066732
v -0.527669 0.088542 1.066732
v 0.528971 0.188802 1.161458
v -0.528971 0.188802 1.161458
v 0.403971 0.239909 1.183268
v -0.403971 0.239909 1.183268
v 0.331706 0.169271 1.097982
v -0.331706 0.169271 1.097982
v 0.263672 0.109375 0.966797
v -0.263672 0.109375 0.966797
v 0.156250 0.365234 0.980469
v -0.156250 0.365234 0.980469
v 0.250651 0.363932 1.104818
v -0.250651 0.363932 1.104818
v 0.352865 0.364909 1.187500
v -0.352865 0.364909 1.187500
v 0.403971 0.494792 1.183268
v -0.403971 0.494792 1.183268
v 0.331706 0.560547 1.097982
v -0.331706 0.560547 1.097982
v 0.263672 0.626953 0.966797
v -0.263672 0.626953 0.966797
v 0.527344 0.734375 0.923828
v -0.527344 0.734375 0.923828
v 0.527669 0.641927 1.066732
v -0.527669 0.641927 1.066732
v 0.528971 0.547526 1.161458
v -0.528971 0.547526 1.161458
v 0.658529 0.494792 1.135417
v -0.658529 0.494792 1.135417
v 0.724609 0.560547 1.027344
v -0.724609 0.560547 1.027344
v 0.791016 0.626953 0.873047
v -0.791016 0.626953 0.873047
v 0.898438 0.365234 0.851563
v -0.898438 0.365234 0.851563
v 0.805990 0.363932 1.009115
v -0.805990 0.363932 1.009115
v 0.710286 0.364909 1.123698
v -0.710286 0.364909 1.123698
v 0.674696 0.365017 1.170356
v -0.674696 0.365017 1.170356
v 0.634223 0.471571 1.180230
v -0.634223 0.471571 1.180230
v 0.529080 0.516059 1.204319
v -0.529080 0.516059 1.204319
v 0.427517 0.471571 1.222656
v -0.427517 0.471571 1.222656
v 0.384766 0.365017 1.226128
v -0.384766 0.365017 1.226128
v 0.427517 0.263455 1.222656
v -0.427517 0.263455 1.222656
v 0.528396 0.364859 1.227464
v -0.528396 0.364859 1.227464
v 0.529080 0.220703 1.204319
v -0.529080 0.220703 1.204319
v 0.634223 0.263455 1.180230
v -0.634223 0.263455 1.180230
v 0.000000 0.651042 1.102865
v 0.000000 0.530185 1.204545
v 0.000000 -0.981120 1.105469
v 0.000000 -0.452474 1.167969
v -0.000000 -0.257161 1.184245
v 0.000000 -1.143229 1.069661
v 0.000000 0.672092 0.934896
v 0.000000 0.849905 0.799361
v 0.000000 1.259766 -0.711589
v 0.000000 0.759115 -1.118490
v 0.000000 0.150391 -1.130859
v 0.000000 -0.513672 -0.434896
v 0.352539 -0.261068 0.871419
v -0.352539 -0.261068 0.871419
v 0.421549 -0.667318 0.846354
v -0.421549 -0.667318 0.846354
v 0.472656 -0.982422 0.833659
v -0.472656 -0.982422 0.833659
v 0.494792 -1.248698 0.798828
v -0.494792 -1.248698 0.798828
v 0.440430 -1.386719 0.790039
v -0.440430 -1.386719 0.790039
v 0.252604 -1.436198 0.820638
v -0.252604 -1.436198 0.820638
v 0.000000 -1.455729 0.843099
v 0.634766 -0.164062 0.825846
v -0.634766 -0.164062 0.825846
v 0.933268 -0.006185 0.783529
v -0.933268 -0.006185 0.783529
v 1.165690 0.260091 0.738281
v -1.165690 0.260091 0.738281
v 1.205404 0.573568 0.851888
v -1.205404 0.573568 0.851888
v 1.029622 0.717773 0.936198
v -1.029623 0.717773 0.936198
v 0.737630 0.883138 1.020508
v -0.737630 0.883138 1.020508
v 0.484701 1.045899 1.086263
v -0.484701 1.045898 1.086263
v 0.270182 0.993490 1.117513
v -0.270182 0.993490 1.117513
v 0.119466 0.752930 1.112630
v -0.119466 0.752930 1.112630
v 0.251302 0.609375 1.174805
v -0.251302 0.609375 1.174805
v 0.182943 0.466797 1.164714
v -0.182943 0.466797 1.164714
v 0.323893 0.098958 1.124024
v -0.323893 0.098958 1.124024
v 0.555013 0.045898 1.062500
v -0.555013 0.045898 1.062500
v 0.763672 0.118815 1.009440
v -0.763672 0.118815 1.009440
v 0.923828 0.285482 0.977865
v -0.923828 0.285482 0.977865
v 0.959310 0.450846 0.987630
v -0.959310 0.450846 0.987630
v 0.878906 0.567057 1.028971
v -0.878906 0.567057 1.028971
v 0.663737 0.667643 1.100911
v -0.663737 0.667643 1.100912
v 0.368164 0.712240 1.162760
v -0.368164 0.712240 1.162760
v 0.000000 -1.111328 1.098307
v 0.170625 -1.117969 1.083750
v -0.170625 -1.117969 1.083750
v 0.185221 -1.253255 1.049154
v -0.185221 -1.253255 1.049154
v 0.110026 -1.323893 1.027995
v -0.110026 -1.323893 1.027995
v 0.000000 -1.341146 1.021484
v 0.000000 -0.251116 1.148438
v 0.000000 -0.197443 1.127131
v 0.141602 -0.222005 1.134766
v -0.141602 -0.222005 1.134766
v 0.185221 -0.336263 1.127279
v -0.185221 -0.336263 1.127279
v 0.136875 -0.457500 1.117266
v -0.136875 -0.457500 1.117266
v 0.588542 -0.062826 0.998047
v -0.588542 -0.062826 0.998047
v 0.880859 0.075195 0.927734
v -0.880859 0.075195 0.927734
v 1.062500 0.294271 0.899089
v -1.062500 0.294271 0.899089
v 1.095703 0.523763 0.965169
v -1.095703 0.523763 0.965169
v 0.974609 0.646484 1.051758
v -0.974609 0.646484 1.051758
v 0.693685 0.800781 1.141276
v -0.693685 0.800781 1.141276
v 0.478516 0.919596 1.199870
v -0.478516 0.919596 1.199870
v 0.308594 0.876953 1.225260
v -0.308594 0.876953 1.225260
v 0.161458 0.679036 1.221029
v -0.161458 0.679037 1.221029
v 0.229936 -0.140803 1.134233
v -0.229936 -0.140803 1.134233
v 0.311198 -0.695964 1.035482
v -0.311198 -0.695964 1.035482
v 0.360352 -1.013997 1.012695
v -0.360352 -1.013997 1.012695
v 0.375326 -1.216471 0.979492
v -0.375326 -1.216471 0.979492
v 0.332031 -1.342122 0.948568
v -0.332031 -1.342123 0.948568
v 0.207357 -1.390625 0.946615
v -0.207357 -1.390625 0.946615
v -0.000000 -1.406901 0.953125
v 0.000000 0.058949 1.117543
v 0.000000 0.314453 1.147135
v 0.495768 0.729818 1.139648
v -0.495768 0.729818 1.139649
v 0.218424 0.196615 1.130859
v -0.218424 0.196615 1.130859
v 0.180664 0.321940 1.144857
v -0.180664 0.321940 1.144857
v 0.170898 -0.986003 1.093099
v -0.170898 -0.986003 1.093099
v 0.138997 -0.692383 1.109375
v -0.138997 -0.692383 1.109375
v 0.000000 -0.694661 1.119141
v 0.000000 -0.502604 1.125000
v 0.121745 -0.407878 1.171875
v -0.121745 -0.407878 1.171875
v 0.176432 -0.329427 1.183919
v -0.176432 -0.329427 1.183919
v 0.145833 -0.228841 1.173503
v -0.145833 -0.228841 1.173503
v 0.060221 -0.214193 1.173503
v -0.060221 -0.214193 1.173503
v 0.000000 -0.301847 1.230469
v 0.073242 -0.238770 1.212891
v -0.073242 -0.238770 1.212891
v 0.129883 -0.249512 1.212891
v -0.129883 -0.249512 1.212891
v 0.134115 -0.325521 1.224935
v -0.134115 -0.325521 1.224935
v 0.103027 -0.384766 1.206543
v -0.103027 -0.384766 1.206543
v 0.000000 -0.404948 1.207031
v 0.363607 -0.474609 0.843099
v -0.363607 -0.474609 0.843099
v 0.247070 -0.348958 1.053711
v -0.247070 -0.348958 1.053711
v 0.270833 -0.479818 1.036458
v -0.270833 -0.479818 1.036458
v 0.325846 -0.364258 0.854818
v -0.325846 -0.364258 0.854818
v 0.000000 -1.308594 1.018229
v 0.073893 -1.291341 1.024089
v -0.073893 -1.291341 1.024089
v 0.134115 -1.223307 1.048503
v -0.134115 -1.223307 1.048503
v 0.120768 -1.138346 1.069987
v -0.120768 -1.138346 1.069987
v 0.000000 -1.175781 0.997396
v 0.108724 -1.166992 0.998264
v -0.108724 -1.166992 0.998264
v 0.125000 -1.213379 0.991048
v -0.125000 -1.213379 0.991048
v 0.077474 -1.252604 0.971897
v -0.077474 -1.252604 0.971897
v 0.000000 -1.267578 0.969401
v 0.259115 0.332357 1.157227
v -0.259115 0.332357 1.157227
v 0.284831 0.238281 1.151367
v -0.284831 0.238281 1.151367
v 0.507812 0.640951 1.136393
v -0.507812 0.640951 1.136393
v 0.406250 0.628906 1.152018
v -0.406250 0.628906 1.152018
v 0.646484 0.600260 1.120768
v -0.646484 0.600260 1.120768
v 0.816732 0.526042 1.047201
v -0.816732 0.526042 1.047201
v 0.875977 0.426432 1.018555
v -0.875977 0.426432 1.018555
v 0.847331 0.293294 1.019857
v -0.847331 0.293294 1.019857
v 0.715495 0.161458 1.059896
v -0.715495 0.161458 1.059896
v 0.550456 0.110352 1.102865
v -0.550456 0.110352 1.102865
v 0.365560 0.163086 1.145508
v -0.365560 0.163086 1.145508
v 0.267253 0.447591 1.161784
v -0.267253 0.447591 1.161784
v 0.318034 0.559896 1.162109
v -0.318034 0.559896 1.162109
v 0.353516 0.533203 1.138672
v -0.353516 0.533203 1.138672
v 0.302734 0.443359 1.134766
v -0.302734 0.443359 1.134766
v 0.386719 0.189453 1.126953
v -0.386719 0.189453 1.126953
v 0.550781 0.146484 1.091797
v -0.550781 0.146484 1.091797
v 0.691406 0.191406 1.052734
v -0.691406 0.191406 1.052734
v 0.800781 0.310547 1.015625
v -0.800781 0.310547 1.015625
v 0.824219 0.417969 1.009766
v -0.824219 0.417969 1.009766
v 0.773438 0.503906 1.035156
v -0.773438 0.503906 1.035156
v 0.630859 0.576172 1.107422
v -0.630859 0.576172 1.107422
v 0.423828 0.589844 1.142578
v -0.423828 0.589844 1.142578
v 0.509766 0.603516 1.128906
v -0.509766 0.603516 1.128906
v 0.312500 0.259766 1.126953
v -0.312500 0.259766 1.126953
v 0.294922 0.343750 1.126953
v -0.294922 0.343750 1.126953
v 0.200781 0.753359 0.921797
v -0.200781 0.753359 0.921797
v 0.314453 0.953125 0.964844
v -0.314453 0.953125 0.964844
v 0.486328 0.992188 0.938965
v -0.486328 0.992188 0.938965
v 0.668438 0.831094 0.838360
v -0.668438 0.831094 0.838360
v 0.996419 0.700195 0.733724
v -0.996419 0.700195 0.733724
v 1.163737 0.568034 0.665365
v -1.163737 0.568034 0.665365
v 1.151693 0.272135 0.543294
v -1.151693 0.272135 0.543294
v 0.935872 0.000326 0.567383
v -0.935872 0.000326 0.567383
v 0.613437 -0.177188 0.661484
v -0.613437 -0.177188 0.661484
v 0.000000 1.263021 0.382813
v 0.000000 1.408854 -0.130859
v 0.000000 -0.253255 -0.901693
v 0.000000 -0.642578 0.167318
v -0.000000 -1.408203 0.683594
v 0.000000 -1.170573 0.548177
v 0.000000 -0.872396 0.489583
v -0.000000 -0.710286 0.401693
v 1.205078 0.337240 0.197591
v -1.205078 0.337240 0.197591
v 1.238203 0.438750 -0.075000
v -1.238203 0.438750 -0.075000
v 1.136250 0.435703 -0.613594
v -1.136250 0.435703 -0.613594
v 0.588542 0.663411 -0.981445
v -0.588542 0.663411 -0.981445
v 1.028906 -0.037500 0.111094
v -1.028906 -0.037500 0.111094
v 0.937969 -0.153750 -0.255000
v -0.937969 -0.153750 -0.255000
v 0.978841 0.016927 -0.586914
v -0.978841 0.016927 -0.586914
v 0.480686 0.128255 -0.991102
v -0.480686 0.128255 -0.991102
v 0.355794 -0.587240 0.614258
v -0.355794 -0.587240 0.614258
v 0.234375 -0.645833 0.429036
v -0.234375 -0.645833 0.429036
v 0.414063 -1.114583 0.615234
v -0.414063 -1.114583 0.615234
v 0.375000 -0.820313 0.618815
v -0.375000 -0.820313 0.618815
v 0.422852 -1.328125 0.650879
v -0.422852 -1.328125 0.650879
v 0.214193 -1.128581 0.564128
v -0.214193 -1.128581 0.564128
v 0.200195 -0.831055 0.521159
v -0.200195 -0.831055 0.521159
v 0.243164 -1.376628 0.664714
v -0.243164 -1.376628 0.664714
v 0.365781 -0.429609 0.594297
v -0.365781 -0.429609 0.594297
v 0.370877 -0.318685 0.710721
v -0.370877 -0.318685 0.710721
v 0.386882 -0.258301 0.754069
v -0.386882 -0.258301 0.754069
v 0.318672 -0.540703 0.225156
v -0.318672 -0.540703 0.225156
v 0.399089 -0.428060 -0.370117
v -0.399089 -0.428060 -0.370117
v 0.449436 -0.192708 -0.799696
v -0.449436 -0.192708 -0.799696
v 0.613607 1.178385 -0.620768
v -0.613607 1.178386 -0.620768
v 0.613281 1.327800 -0.144206
v -0.613281 1.327800 -0.144206
v 0.614258 1.191732 0.297526
v -0.614258 1.191732 0.297526
v 0.628581 0.858724 0.620117
v -0.628581 0.858724 0.620117
v 1.120443 0.615234 0.414063
v -1.120443 0.615234 0.414063
v 0.945312 0.748698 0.463542
v -0.945313 0.748698 0.463542
v 0.949219 1.008138 0.134766
v -0.949219 1.008138 0.134766
v 1.157878 0.789714 0.118490
v -1.157878 0.789714 0.118490
v 1.161784 0.856771 -0.220052
v -1.161784 0.856771 -0.220052
v 0.953125 1.105794 -0.242513
v -0.953125 1.105794 -0.242513
v 0.948568 0.960938 -0.606120
v -0.948568 0.960938 -0.606120
v 1.130859 0.781738 -0.513672
v -1.130859 0.781738 -0.513672
v 0.897461 0.513672 -0.822591
v -0.897461 0.513672 -0.822591
v 0.722734 0.028594 -0.766328
v -0.722734 0.028594 -0.766328
v 1.240078 0.535313 -0.309375
v -1.240078 0.535313 -0.309375
v 0.607891 -0.278203 0.242969
v -0.607891 -0.278203 0.242969
v 0.663737 -0.252604 -0.309245
v -0.663737 -0.252604 -0.309245
v 1.350260 0.587240 -0.401693
v -1.350260 0.587240 -0.401693
v 1.200195 -0.170573 -0.300456
v -1.200195 -0.170573 -0.300456
v 1.552734 -0.105469 -0.502279
v -1.552734 -0.105469 -0.502279
v 1.869141 0.114258 -0.638672
v -1.869141 0.114258 -0.638672
v 1.965820 0.448242 -0.652344
v -1.965820 0.448242 -0.652344
v 1.819662 0.682292 -0.629883
v -1.819662 0.682292 -0.629883
v 1.552083 0.680664 -0.510742
v -1.552083 0.680664 -0.510742
v 1.546550 0.611328 -0.463867
v -1.546550 0.611328 -0.463867
v 1.765951 0.611328 -0.583659
v -1.765951 0.611328 -0.583659
v 1.877604 0.416016 -0.620443
v -1.877604 0.416016 -0.620443
v 1.795898 0.138021 -0.600260
v -1.795899 0.138021 -0.600260
v 1.545573 -0.042318 -0.459310
v -1.545573 -0.042318 -0.459310
v 1.264974 -0.094727 -0.271159
v -1.264974 -0.094727 -0.271159
v 1.387044 0.533203 -0.363932
v -1.387044 0.533203 -0.363932
v 1.419596 0.461589 -0.442057
v -1.419597 0.461589 -0.442057
v 1.332682 -0.035807 -0.364583
v -1.332682 -0.035807 -0.364583
v 1.556315 0.008464 -0.528971
v -1.556315 0.008464 -0.528971
v 1.765951 0.152018 -0.648438
v -1.765951 0.152018 -0.648438
v 1.836589 0.370117 -0.667318
v -1.836589 0.370117 -0.667318
v 1.744141 0.521810 -0.638346
v -1.744141 0.521810 -0.638346
v 1.554688 0.523112 -0.537760
v -1.554688 0.523112 -0.537760
v 1.281250 0.431641 -0.325521
v -1.281250 0.431641 -0.325521
v 1.239583 0.260417 -0.403971
v -1.239583 0.260417 -0.403971
v 1.166667 0.147135 -0.404948
v -1.166667 0.147135 -0.404948
v 1.214844 0.104492 -0.422363
v -1.214844 0.104492 -0.422363
v 1.226237 0.036784 -0.403320
v -1.226237 0.036784 -0.403320
v 1.221354 -0.019531 -0.382813
v -1.221354 -0.019531 -0.382813
v 1.113064 0.061415 -0.122179
v -1.113064 0.061415 -0.122179
v 1.099297 -0.043906 -0.248750
v -1.099297 -0.043906 -0.248750
v 1.121797 0.081016 -0.290938
v -1.121797 0.081016 -0.290937
v 1.207357 0.299805 -0.294271
v -1.207357 0.299805 -0.294271
v 1.326172 0.370768 -0.404948
v -1.326172 0.370768 -0.404948
v 1.355469 0.336263 -0.479818
v -1.355469 0.336263 -0.479818
v 1.260254 -0.009277 -0.446289
v -1.260254 -0.009277 -0.446289
v 1.279948 0.040690 -0.469401
v -1.279948 0.040690 -0.469401
v 1.247721 0.117188 -0.470703
v -1.247722 0.117188 -0.470703
v 1.197266 0.161621 -0.463379
v -1.197266 0.161621 -0.463379
v 1.269531 0.240560 -0.471029
v -1.269531 0.240560 -0.471029
v 1.577583 0.477648 -0.602865
v -1.577583 0.477648 -0.602865
v 1.737088 0.476346 -0.679688
v -1.737088 0.476345 -0.679688
v 1.816406 0.347982 -0.697917
v -1.816406 0.347982 -0.697917
v 1.747721 0.168945 -0.678711
v -1.747722 0.168945 -0.678711
v 1.555990 0.045898 -0.585938
v -1.555990 0.045898 -0.585938
v 1.356120 -0.001302 -0.447266
v -1.356120 -0.001302 -0.447266
v 1.448893 0.419271 -0.519206
v -1.448893 0.419271 -0.519206
v 1.334961 0.173177 -0.495443
v -1.334961 0.173177 -0.495443
v 1.381185 0.090495 -0.496419
v -1.381185 0.090495 -0.496419
v 1.500000 0.170898 -0.554036
v -1.500000 0.170898 -0.554036
v 1.431315 0.261393 -0.523763
v -1.431315 0.261393 -0.523763
v 1.521159 0.347331 -0.556966
v -1.521159 0.347331 -0.556966
v 1.607097 0.263021 -0.593750
v -1.607097 0.263021 -0.593750
v 1.687012 0.335938 -0.620117
v -1.687012 0.335938 -0.620117
v 1.631294 0.411567 -0.606445
v -1.631293 0.411567 -0.606445
v 1.553711 0.533854 -0.675130
v -1.553711 0.533854 -0.675130
v 1.853082 0.569661 -0.760525
v -1.853082 0.569662 -0.760525
v 1.986654 0.430176 -0.742350
v -1.986654 0.430176 -0.742350
v 1.894748 0.197591 -0.755642
v -1.894749 0.197591 -0.755642
v 1.560222 0.018880 -0.668620
v -1.560221 0.018880 -0.668620
v 1.221029 -0.038737 -0.515951
v -1.221029 -0.038737 -0.515951
v 1.299154 0.448893 -0.562500
v -1.299154 0.448893 -0.562500
v 0.752035 0.364299 1.075195
v 0.696981 0.296794 1.126872
v 0.687052 0.208618 1.089925
v 0.784587 0.258545 1.014079
v -0.784587 0.258545 1.014079
v -0.687052 0.208618 1.089925
v -0.696981 0.296794 1.126872
v -0.752035 0.364299 1.075195
v 0.854655 0.364339 0.932780
v 0.759277 0.136637 0.953125
v 0.870361 0.226318 0.857178
v -0.870361 0.226318 0.857178
v -0.759277 0.136637 0.953125
v -0.854655 0.364339 0.932780
v 0.634074 0.109863 1.046183
v 0.527385 0.042318 0.998820
v 0.670166 0.031738 0.896973
v -0.670166 0.031738 0.896973
v -0.527384 0.042318 0.998820
v -0.634074 0.109863 1.046183
v 0.598877 0.202271 1.147705
v 0.528320 0.144531 1.121542
v -0.528320 0.144531 1.121541
v -0.598877 0.202271 1.147705
v 0.460856 0.202271 1.174194
v 0.372477 0.208618 1.147217
v 0.421631 0.109863 1.085042
v -0.421631 0.109863 1.085043
v -0.372477 0.208618 1.147217
v -0.460856 0.202271 1.174194
v 0.295614 0.136637 1.035929
v 0.384522 0.031738 0.948242
v -0.384522 0.031738 0.948242
v -0.295614 0.136637 1.035929
v 0.272013 0.258545 1.103719
v 0.200277 0.364339 1.045817
v 0.184326 0.226318 0.977295
v -0.184326 0.226318 0.977295
v -0.200277 0.364339 1.045817
v -0.272013 0.258545 1.103719
v 0.366333 0.296794 1.186971
v 0.308350 0.364299 1.152263
v -0.308350 0.364299 1.152262
v -0.366333 0.296794 1.186971
v 0.366333 0.434855 1.186971
v 0.372477 0.523031 1.147217
v 0.272013 0.470052 1.103719
v -0.272013 0.470052 1.103719
v -0.372477 0.523031 1.147217
v -0.366333 0.434855 1.186971
v 0.295614 0.595215 1.035929
v 0.184326 0.506348 0.977295
v -0.184326 0.506348 0.977295
v -0.295614 0.595215 1.035929
v 0.421631 0.620524 1.085042
v 0.527384 0.690592 0.998820
v 0.384522 0.706299 0.948242
v -0.384522 0.706299 0.948242
v -0.527384 0.690592 0.998820
v -0.421631 0.620524 1.085042
v 0.460856 0.533854 1.174194
v 0.528320 0.588135 1.121542
v -0.528320 0.588135 1.121542
v -0.460856 0.533854 1.174194
v 0.598877 0.533854 1.147705
v 0.687052 0.523031 1.089925
v 0.634074 0.620524 1.046183
v -0.634074 0.620524 1.046184
v -0.687052 0.523031 1.089925
v -0.598877 0.533854 1.147705
v 0.759277 0.595215 0.953125
v 0.670166 0.706299 0.896973
v -0.670166 0.706299 0.896973
v -0.759277 0.595215 0.953125
v 0.784587 0.470052 1.014079
v 0.870361 0.506348 0.857178
v -0.870361 0.506348 0.857178
v -0.784587 0.470052 1.014079
v 0.696981 0.434855 1.126872
v -0.696981 0.434855 1.126872
v 0.693142 0.365167 1.151015
v 0.647190 0.484077 1.161770
v 0.666273 0.422852 1.172106
v -0.666273 0.422852 1.172106
v -0.647190 0.484077 1.161770
v -0.693142 0.365167 1.151015
v 0.529229 0.532851 1.187080
v 0.586738 0.506212 1.191135
v -0.586738 0.506212 1.191135
v -0.529229 0.532851 1.187080
v 0.415948 0.484077 1.207479
v 0.473145 0.506212 1.215101
v -0.473145 0.506212 1.215101
v -0.415948 0.484077 1.207479
v 0.369059 0.365167 1.211372
v 0.394504 0.422852 1.225586
v -0.394504 0.422852 1.225586
v -0.369059 0.365167 1.211372
v 0.415948 0.251885 1.207479
v 0.394504 0.309082 1.225586
v -0.394504 0.309082 1.225586
v -0.415948 0.251885 1.207479
v 0.529229 0.204997 1.187080
v 0.473145 0.230442 1.215101
v -0.473145 0.230442 1.215102
v -0.529229 0.204997 1.187080
v 0.647190 0.251885 1.161770
v 0.586738 0.230442 1.191135
v -0.586738 0.230442 1.191135
v -0.647190 0.251885 1.161770
v 0.666273 0.309082 1.172106
v -0.666273 0.309082 1.172106
v 0.626560 0.364712 1.195150
v 0.599175 0.295973 1.201945
v -0.626560 0.364712 1.195150
v -0.599175 0.295973 1.201945
v 0.528714 0.267002 1.218438
v -0.528714 0.267002 1.218438
v 0.460002 0.295973 1.230849
v -0.460002 0.295973 1.230849
v 0.431030 0.364712 1.233480
v -0.431030 0.364712 1.233480
v 0.460002 0.436408 1.230849
v -0.460002 0.436408 1.230849
v 0.528714 0.466627 1.218438
v -0.528714 0.466627 1.218438
v 0.599175 0.436408 1.201945
v -0.599175 0.436408 1.201945
v 0.129720 -1.449870 0.836385
v 0.239136 -1.420492 0.888875
v 0.110148 -1.402181 0.950846
v -0.000000 -1.437419 0.904216
v -0.110148 -1.402181 0.950846
v -0.239136 -1.420492 0.888875
v -0.129720 -1.449870 0.836385
v 0.360555 -1.417806 0.802653
v 0.399048 -1.376750 0.874308
v 0.281291 -1.373576 0.944417
v -0.281291 -1.373576 0.944417
v -0.399048 -1.376750 0.874308
v -0.360555 -1.417806 0.802653
v 0.482381 -1.332845 0.788940
v 0.455200 -1.255168 0.896851
v 0.362345 -1.288086 0.961711
v -0.362345 -1.288086 0.961711
v -0.455200 -1.255168 0.896851
v -0.482381 -1.332845 0.788940
v 0.489339 -1.129964 0.816366
v 0.438110 -1.017131 0.934652
v 0.373942 -1.130615 0.996826
v -0.373942 -1.130615 0.996826
v -0.438110 -1.017130 0.934652
v -0.489339 -1.129964 0.816366
v 0.449422 -0.818522 0.843547
v 0.385295 -0.691162 0.952271
v 0.337362 -0.856812 1.026530
v -0.337362 -0.856812 1.026530
v -0.385295 -0.691162 0.952271
v -0.449422 -0.818522 0.843547
v 0.313104 -0.223936 0.997593
v 0.472778 -0.215007 0.852295
v 0.614339 -0.124308 0.917196
v 0.414320 -0.100869 1.061069
v -0.414320 -0.100869 1.061069
v -0.614339 -0.124308 0.917196
v -0.472778 -0.215007 0.852295
v -0.313104 -0.223936 0.997593
v 0.789999 -0.096720 0.806885
v 0.919637 0.029867 0.861369
v 0.746175 -0.005046 0.956299
v -0.746175 -0.005046 0.956299
v -0.919637 0.029867 0.861369
v -0.789998 -0.096720 0.806885
v 1.065104 0.112305 0.748332
v 1.128866 0.278036 0.823568
v 0.988525 0.176554 0.904378
v -0.988525 0.176554 0.904378
v -1.128866 0.278036 0.823568
v -1.065104 0.112305 0.748332
v 1.214111 0.428670 0.784709
v 1.165080 0.556112 0.920736
v 1.097412 0.418661 0.923706
v -1.097412 0.418661 0.923706
v -1.165080 0.556112 0.920736
v -1.214111 0.428670 0.784709
v 1.140707 0.658732 0.899536
v 1.012248 0.690552 1.011678
v 1.058594 0.590861 1.007975
v -1.058594 0.590861 1.007975
v -1.012248 0.690552 1.011678
v -1.140706 0.658732 0.899536
v 0.886678 0.791911 0.977743
v 0.717977 0.856486 1.100789
v 0.839885 0.719238 1.098104
v -0.839884 0.719238 1.098104
v -0.717977 0.856486 1.100789
v -0.886678 0.791911 0.977743
v 0.604696 0.978679 1.057292
v 0.478556 1.003011 1.164673
v 0.574992 0.873495 1.175212
v -0.574992 0.873495 1.175212
v -0.478556 1.003011 1.164673
v -0.604696 0.978679 1.057292
v 0.371216 1.053263 1.106771
v 0.281820 0.952311 1.192993
v 0.390625 0.923299 1.216472
v -0.390625 0.923299 1.216472
v -0.281820 0.952311 1.192993
v -0.371216 1.053264 1.106771
v 0.187866 0.876017 1.118123
v 0.130330 0.723185 1.186727
v 0.232341 0.783366 1.226441
v -0.232341 0.783366 1.226441
v -0.130330 0.723185 1.186727
v -0.187866 0.876017 1.118124
v 0.058146 0.675741 1.106038
v -0.000000 0.615298 1.173602
v 0.092916 0.598655 1.211566
v -0.092916 0.598655 1.211566
v -0.058146 0.675741 1.106038
v 0.205404 0.640788 1.205485
v 0.306681 0.669108 1.171102
v 0.339478 0.789714 1.201579
v -0.339478 0.789714 1.201579
v -0.306681 0.669108 1.171102
v -0.205404 0.640788 1.205485
v 0.430257 0.732503 1.152059
v 0.485799 0.819214 1.177205
v -0.485799 0.819214 1.177206
v -0.430257 0.732503 1.152059
v 0.570475 0.706421 1.124552
v 0.675781 0.731405 1.126953
v -0.675781 0.731405 1.126953
v -0.570475 0.706421 1.124553
v 0.777303 0.619426 1.065308
v 0.926026 0.602865 1.045980
v -0.926026 0.602865 1.045980
v -0.777303 0.619426 1.065308
v 0.937297 0.513224 1.003540
v 1.022990 0.484375 0.980916
v -1.022990 0.484375 0.980916
v -0.937297 0.513224 1.003540
v 0.956828 0.373291 0.978109
v 0.988770 0.292928 0.947266
v -0.988770 0.292928 0.947266
v -0.956828 0.373291 0.978109
v 0.854736 0.196289 0.989624
v 0.820801 0.101888 0.974569
v -0.820801 0.101888 0.974569
v -0.854736 0.196289 0.989624
v 0.665080 0.065999 1.033163
v 0.567749 -0.003581 1.040527
v -0.567749 -0.003581 1.040527
v -0.665080 0.065999 1.033162
v 0.432129 0.061320 1.097290
v 0.280328 0.008384 1.133477
v -0.280328 0.008384 1.133477
v -0.432129 0.061320 1.097290
v 0.256022 0.144613 1.131470
v 0.133911 0.142404 1.123036
v 0.120090 -0.035755 1.139427
v -0.120090 -0.035755 1.139427
v -0.133911 0.142404 1.123036
v -0.256022 0.144613 1.131470
v 0.208822 0.540283 1.172079
v 0.108541 0.488467 1.185362
v -0.108541 0.488467 1.185362
v -0.208822 0.540283 1.172079
v 0.175090 0.393026 1.155151
v 0.000000 0.411766 1.174497
v 0.099487 0.316854 1.144897
v -0.099487 0.316854 1.144898
v -0.175090 0.393026 1.155151
v 0.000000 0.211964 1.125090
v 0.194906 0.255981 1.135539
v -0.194906 0.255981 1.135539
v 0.157593 -1.355184 0.995361
v 0.056966 -1.337280 1.023031
v 0.000000 -1.371826 0.993897
v -0.056966 -1.337280 1.023031
v -0.157593 -1.355184 0.995362
v 0.252889 -1.294881 1.009237
v 0.154826 -1.297729 1.036743
v -0.154826 -1.297730 1.036743
v -0.252889 -1.294881 1.009237
v 0.276888 -1.163270 1.041539
v 0.194470 -1.188762 1.064834
v -0.194470 -1.188762 1.064834
v -0.276888 -1.163270 1.041539
v 0.223999 -0.694295 1.085490
v 0.155192 -0.847738 1.102214
v 0.266357 -0.999268 1.064494
v -0.266357 -0.999268 1.064494
v -0.155192 -0.847738 1.102214
v -0.223999 -0.694295 1.085490
v 0.176078 -1.068238 1.087315
v -0.176078 -1.068238 1.087315
v 0.132435 -0.563198 1.110855
v 0.064950 -0.490994 1.124201
v 0.000000 -0.577393 1.119873
v 0.065715 -0.693400 1.117920
v -0.065715 -0.693400 1.117920
v -0.064950 -0.490994 1.124201
v -0.132435 -0.563198 1.110855
v 0.082886 -0.981242 1.103923
v -0.000000 -0.843750 1.113037
v -0.082886 -0.981242 1.103923
v 0.000000 -1.067220 1.101644
v 0.081392 -1.104697 1.097122
v -0.081392 -1.104697 1.097122
v 0.173349 -0.390693 1.121373
v 0.178507 -0.332235 1.154623
v 0.159587 -0.372681 1.179240
v 0.123381 -0.421658 1.145441
v -0.123381 -0.421658 1.145441
v -0.159587 -0.372681 1.179240
v -0.178507 -0.332235 1.154623
v -0.173349 -0.390693 1.121373
v 0.175618 -0.276327 1.133097
v 0.142863 -0.229207 1.147664
v 0.171387 -0.275594 1.180176
v -0.171387 -0.275594 1.180176
v -0.142863 -0.229207 1.147664
v -0.175618 -0.276327 1.133097
v 0.082174 -0.189826 1.130039
v 0.043193 -0.213813 1.146722
v 0.104126 -0.207723 1.170817
v -0.104126 -0.207723 1.170817
v -0.043193 -0.213813 1.146722
v -0.082174 -0.189826 1.130039
v -0.000000 -0.240139 1.140883
v 0.000000 -0.255371 1.158203
v 0.026571 -0.240560 1.180217
v -0.026571 -0.240560 1.180217
v 0.000000 -0.468018 1.143555
v 0.065755 -0.438599 1.168457
v -0.065755 -0.438599 1.168457
v 0.000000 -0.433838 1.188965
v 0.114934 -0.394965 1.193181
v 0.061487 -0.396817 1.206955
v -0.061487 -0.396817 1.206955
v -0.114934 -0.394965 1.193181
v 0.000000 -0.266678 1.210060
v 0.050784 -0.264185 1.222218
v 0.068056 -0.223255 1.197786
v -0.068056 -0.223255 1.197785
v -0.050784 -0.264185 1.222218
v 0.102191 -0.240262 1.214175
v 0.141109 -0.236611 1.197786
v -0.141109 -0.236611 1.197785
v -0.102191 -0.240262 1.214175
v 0.136084 -0.281940 1.221549
v 0.164795 -0.327962 1.208578
v -0.164795 -0.327962 1.208578
v -0.136084 -0.281940 1.221549
v 0.120834 -0.360928 1.217147
v -0.120834 -0.360928 1.217147
v 0.079163 -0.319108 1.231341
v -0.079163 -0.319108 1.231341
v -0.000000 -0.362911 1.223407
v -0.000000 -0.101052 1.122541
v 0.155999 -0.192503 1.142531
v -0.155999 -0.192503 1.142531
v 0.208577 -0.341268 1.102458
v 0.229526 -0.268675 1.089471
v -0.229526 -0.268675 1.089471
v -0.208577 -0.341268 1.102458
v 0.205250 -0.470201 1.087885
v 0.259562 -0.412679 1.038371
v -0.259562 -0.412679 1.038371
v -0.205250 -0.470201 1.087885
v 0.288086 -0.570312 1.037557
v -0.288086 -0.570313 1.037557
v 0.391113 -0.554362 0.844727
v 0.329793 -0.482585 0.948324
v -0.329793 -0.482585 0.948324
v -0.391113 -0.554362 0.844727
v 0.343262 -0.415405 0.845785
v 0.292806 -0.359416 0.960734
v -0.292806 -0.359416 0.960734
v -0.343262 -0.415405 0.845785
v 0.314779 -0.311808 0.868368
v -0.314779 -0.311808 0.868368
v 0.131604 -1.129517 1.086786
v 0.000000 -1.132894 1.089844
v 0.069295 -1.136271 1.070923
v -0.069295 -1.136271 1.070923
v -0.131604 -1.129517 1.086786
v 0.148315 -1.231690 1.062012
v 0.140991 -1.173381 1.061686
v -0.140991 -1.173381 1.061686
v -0.148315 -1.231690 1.062012
v 0.083781 -1.303955 1.037272
v 0.108765 -1.264282 1.034709
v -0.108765 -1.264282 1.034709
v -0.083781 -1.303955 1.037272
v 0.000000 -1.321452 1.029867
v 0.037069 -1.304972 1.019206
v -0.037069 -1.304972 1.019206
v 0.000000 -1.294678 0.991130
v 0.071655 -1.278198 0.995104
v 0.040446 -1.263509 0.969957
v -0.040446 -1.263509 0.969957
v -0.071655 -1.278198 0.995104
v 0.128861 -1.217821 1.016054
v 0.107458 -1.235318 0.977541
v -0.107458 -1.235318 0.977541
v -0.128861 -1.217821 1.016054
v 0.116577 -1.146566 1.035631
v 0.128210 -1.185981 0.992779
v -0.128210 -1.185981 0.992779
v -0.116577 -1.146566 1.035631
v 0.000000 -1.152669 1.034749
v 0.061930 -1.169556 0.998725
v -0.061930 -1.169556 0.998725
v -0.000000 -1.220947 0.972412
v 0.092285 -1.208537 0.973999
v -0.092285 -1.208537 0.973999
v 0.230754 0.327148 1.152751
v 0.263590 0.225016 1.143677
v 0.267944 0.282267 1.153565
v -0.267944 0.282267 1.153565
v -0.263591 0.225016 1.143677
v -0.230754 0.327148 1.152751
v 0.234253 0.454142 1.160929
v 0.258423 0.388265 1.159994
v -0.258423 0.388265 1.159994
v -0.234253 0.454142 1.160929
v 0.289429 0.581950 1.163696
v 0.287028 0.506795 1.162801
v -0.287028 0.506795 1.162801
v -0.289429 0.581950 1.163696
v 0.350586 0.144084 1.133301
v 0.312744 0.199585 1.151367
v -0.312744 0.199585 1.151367
v -0.350586 0.144084 1.133301
v 0.550537 0.083252 1.085856
v 0.452148 0.128662 1.126994
v -0.452148 0.128662 1.126994
v -0.550537 0.083252 1.085856
v 0.731283 0.139771 1.040161
v 0.637248 0.121867 1.081136
v -0.637248 0.121867 1.081136
v -0.731283 0.139771 1.040161
v 0.878377 0.286214 1.003377
v 0.790080 0.222371 1.037069
v -0.790080 0.222371 1.037069
v -0.878377 0.286214 1.003377
v 0.911296 0.433390 1.003703
v 0.873861 0.363159 1.015055
v -0.873861 0.363159 1.015056
v -0.911296 0.433390 1.003703
v 0.843302 0.542399 1.034424
v 0.860514 0.480143 1.026530
v -0.860514 0.480143 1.026530
v -0.843302 0.542399 1.034424
v 0.654500 0.625041 1.105347
v 0.737345 0.566325 1.085449
v -0.737346 0.566325 1.085449
v -0.654500 0.625041 1.105347
v 0.503377 0.673055 1.130453
v 0.569824 0.626099 1.133952
v -0.569824 0.626099 1.133952
v -0.503377 0.673055 1.130453
v 0.390503 0.660563 1.149943
v 0.454834 0.642131 1.142985
v -0.454834 0.642131 1.142985
v -0.390503 0.660563 1.149943
v 0.359334 0.601237 1.158651
v -0.359334 0.601237 1.158651
v 0.416504 0.607178 1.149618
v 0.338094 0.544596 1.153320
v 0.387207 0.566650 1.142090
v -0.387207 0.566650 1.142090
v -0.338094 0.544596 1.153320
v -0.416504 0.607178 1.149618
v 0.509522 0.619914 1.135702
v 0.463867 0.601807 1.136475
v -0.463867 0.601807 1.136475
v -0.509522 0.619914 1.135702
v 0.638672 0.585775 1.120077
v 0.564453 0.595703 1.123291
v -0.564453 0.595703 1.123291
v -0.638672 0.585775 1.120077
v 0.794230 0.513997 1.046183
v 0.707275 0.543701 1.072022
v -0.707275 0.543701 1.072022
v -0.794230 0.513997 1.046183
v 0.848267 0.421956 1.018921
v 0.810547 0.462402 1.015869
v -0.810547 0.462402 1.015869
v -0.848267 0.421956 1.018921
v 0.822713 0.301799 1.022013
v 0.822754 0.367920 1.009033
v -0.822754 0.367920 1.009033
v -0.822713 0.301798 1.022013
v 0.703206 0.178141 1.061686
v 0.753418 0.247314 1.031983
v -0.753418 0.247314 1.031983
v -0.703206 0.178141 1.061686
v 0.550741 0.130249 1.102702
v 0.625488 0.156494 1.072266
v -0.625488 0.156494 1.072266
v -0.550741 0.130249 1.102702
v 0.376750 0.176636 1.141724
v 0.464355 0.160645 1.112305
v -0.464355 0.160645 1.112305
v -0.376750 0.176636 1.141724
v 0.299520 0.249023 1.143921
v 0.337891 0.223145 1.129883
v -0.337891 0.223145 1.129883
v -0.299520 0.249023 1.143921
v 0.288045 0.444621 1.152059
v 0.323730 0.491211 1.136719
v -0.323730 0.491211 1.136719
v -0.288045 0.444621 1.152059
v 0.278727 0.337931 1.146851
v 0.294434 0.392822 1.130859
v -0.294434 0.392822 1.130859
v -0.278727 0.337931 1.146851
v 0.300049 0.299561 1.125488
v -0.300049 0.299561 1.125488
v -0.000000 0.657579 1.013509
v 0.136107 0.753382 1.019710
v 0.073492 0.688135 0.935177
v -0.073492 0.688135 0.935177
v -0.136107 0.753382 1.019710
v 0.283312 0.985874 1.027710
v 0.277559 0.865673 0.945715
v -0.277559 0.865673 0.945715
v -0.283312 0.985874 1.027710
v 0.491546 1.033807 0.996621
v 0.399735 0.982327 0.942442
v -0.399735 0.982327 0.942442
v -0.491546 1.033807 0.996620
v 0.735798 0.871618 0.927606
v 0.554757 0.927540 0.903271
v -0.554757 0.927540 0.903271
v -0.735798 0.871618 0.927606
v 1.021566 0.715576 0.843018
v 0.861714 0.762385 0.778416
v -0.861714 0.762385 0.778416
v -1.021566 0.715576 0.843018
v 1.197754 0.573364 0.766805
v 1.098389 0.647054 0.704427
v -1.098389 0.647054 0.704427
v -1.197754 0.573364 0.766805
v 1.161255 0.258423 0.656047
v 1.184448 0.433146 0.598592
v -1.184448 0.433146 0.598592
v -1.161255 0.258423 0.656047
v 0.928711 -0.008057 0.696940
v 1.062215 0.123413 0.538737
v -1.062215 0.123413 0.538737
v -0.928711 -0.008057 0.696940
v 0.639072 -0.167043 0.750622
v 0.792060 -0.094066 0.605209
v -0.792060 -0.094066 0.605209
v -0.639072 -0.167043 0.750621
v 0.101929 -0.859660 0.498413
v 0.000000 -0.772054 0.452718
v 0.128174 -0.690267 0.402669
v 0.213989 -0.720744 0.481323
v -0.213989 -0.720744 0.481323
v -0.128174 -0.690267 0.402669
v -0.101929 -0.859660 0.498413
v 0.106608 -1.157512 0.553589
v 0.000000 -1.014160 0.514974
v 0.201945 -0.973714 0.542887
v -0.201945 -0.973714 0.542887
v -0.106608 -1.157511 0.553589
v 0.121948 -1.398397 0.678304
v 0.000000 -1.309652 0.606608
v 0.229289 -1.271159 0.604045
v -0.229289 -1.271159 0.604045
v -0.121948 -1.398397 0.678304
v 0.252401 -1.427531 0.741577
v 0.000000 -1.452230 0.766520
v -0.252401 -1.427531 0.741577
v 0.446556 -1.365185 0.704617
v 0.355532 -1.351818 0.650052
v -0.355532 -1.351818 0.650052
v -0.446556 -1.365185 0.704617
v 0.477620 -1.182373 0.696045
v 0.428815 -1.246634 0.626492
v -0.428815 -1.246634 0.626492
v -0.477620 -1.182373 0.696045
v 0.444336 -0.897705 0.719157
v 0.393066 -0.966227 0.615682
v -0.393066 -0.966227 0.615682
v -0.444336 -0.897705 0.719157
v 0.320964 -1.102905 0.577352
v 0.291626 -0.805542 0.556315
v -0.291626 -0.805542 0.556315
v -0.320964 -1.102905 0.577352
v 0.304484 -0.601644 0.505412
v 0.363810 -0.690837 0.617757
v -0.363810 -0.690837 0.617757
v -0.304484 -0.601644 0.505412
v 0.403320 -0.620443 0.731161
v -0.403320 -0.620443 0.731161
v 0.362507 -0.454382 0.738104
v 0.378770 -0.360836 0.662996
v 0.336846 -0.353434 0.771376
v -0.336846 -0.353434 0.771376
v -0.378770 -0.360836 0.662996
v -0.362507 -0.454382 0.738104
v 0.349398 -0.511125 0.609984
v -0.349398 -0.511125 0.609984
v 0.369612 -0.266220 0.791066
v 0.361677 -0.285710 0.740000
v -0.361677 -0.285710 0.740000
v -0.369612 -0.266220 0.791066
v 0.470035 -0.222773 0.733528
v -0.470035 -0.222773 0.733528
v 0.000000 -0.077311 -1.042155
v 0.261502 0.143229 -1.084093
v 0.453939 -0.054443 -0.921224
v 0.244412 -0.238118 -0.864529
v -0.244412 -0.238119 -0.864529
v -0.453939 -0.054443 -0.921224
v -0.261502 0.143229 -1.084093
v 0.000000 -0.399089 -0.701742
v 0.431993 -0.320760 -0.614977
v 0.213216 -0.490519 -0.412638
v -0.213216 -0.490519 -0.412638
v -0.431993 -0.320760 -0.614977
v 0.000000 -0.592773 -0.114014
v 0.358470 -0.498419 -0.079259
v 0.162859 -0.617600 0.172457
v -0.162859 -0.617600 0.172457
v -0.358470 -0.498419 -0.079259
v 0.000000 -0.674479 0.326009
v 0.256745 -0.599106 0.364182
v -0.256745 -0.599106 0.364182
v 0.351979 -0.486391 0.424714
v -0.351979 -0.486391 0.424714
v 1.172038 0.297363 0.373861
v 0.978108 -0.009506 0.366241
v 1.153238 0.154353 0.149627
v -1.153238 0.154353 0.149627
v -0.978108 -0.009506 0.366241
v -1.172038 0.297363 0.373861
v 0.000000 0.443278 -1.167399
v 0.320394 0.730062 -1.072551
v 0.535753 0.375814 -1.022936
v -0.535753 0.375814 -1.022936
v -0.320394 0.730062 -1.072551
v 0.000000 1.374023 0.141357
v 0.332397 1.245077 0.361165
v 0.613403 1.295654 0.087280
v 0.331543 1.389445 -0.128133
v -0.331543 1.389445 -0.128133
v -0.613403 1.295654 0.087280
v -0.332397 1.245077 0.361165
v 0.000000 1.376546 -0.424642
v 0.613322 1.297648 -0.384196
v 0.332316 1.240072 -0.674845
v -0.332316 1.240072 -0.674845
v -0.613322 1.297648 -0.384196
v 0.000000 1.044841 -0.956787
v 0.610962 0.950928 -0.835286
v -0.610962 0.950928 -0.835286
v 0.966349 0.698201 0.606690
v 1.132202 0.574911 0.546549
v 1.041178 0.691976 0.447347
v -1.041178 0.691976 0.447347
v -1.132202 0.574911 0.546550
v -0.966349 0.698202 0.606690
v 0.942871 0.872925 0.306234
v 1.135864 0.699300 0.271647
v 1.064657 0.908081 0.127604
v -1.064657 0.908081 0.127604
v -1.135864 0.699300 0.271647
v -0.942871 0.872925 0.306234
v 0.952637 1.086751 -0.050090
v 1.165202 0.845215 -0.046387
v 1.072957 0.990926 -0.233602
v -1.072957 0.990926 -0.233602
v -1.165202 0.845215 -0.046387
v -0.952637 1.086751 -0.050090
v 0.952555 1.071330 -0.433472
v 1.152701 0.827237 -0.391480
v 1.063997 0.857673 -0.566060
v -1.063997 0.857673 -0.566060
v -1.152701 0.827237 -0.391480
v -0.952555 1.071330 -0.433472
v 1.140758 0.639807 -0.565662
v 1.015116 0.456410 -0.731270
v 0.935344 0.760010 -0.741821
v -0.935344 0.760010 -0.741821
v -1.015116 0.456410 -0.731270
v -1.140758 0.639807 -0.565662
v 0.769491 0.586589 -0.900065
v 0.809042 1.076742 -0.609660
v -0.809041 1.076742 -0.609660
v -0.769491 0.586589 -0.900065
v 0.811035 1.224854 -0.198486
v -0.811035 1.224854 -0.198486
v 0.810669 1.107015 0.204183
v -0.810669 1.107015 0.204183
v 0.617513 1.018026 0.475789
v 0.818563 0.807373 0.527303
v -0.818563 0.807373 0.527303
v -0.617513 1.018026 0.475789
v 0.650349 0.796239 0.733677
v -0.650349 0.796239 0.733677
v -0.000000 1.074813 0.593099
v 0.352695 0.884613 0.709737
v -0.352695 0.884613 0.709737
v 0.423806 0.809062 0.862844
v -0.423806 0.809061 0.862844
v 0.162949 0.768712 0.862545
v -0.162949 0.768712 0.862545
v 0.000000 0.729625 0.885132
v 1.184977 0.495524 0.308634
v -1.184977 0.495524 0.308634
v 1.226790 0.391587 0.062778
v 1.220728 0.634955 0.042230
v -1.220728 0.634954 0.042230
v -1.226790 0.391587 0.062778
v 1.243158 0.523545 -0.179937
v 1.208709 0.686788 -0.253559
v -1.208709 0.686788 -0.253559
v -1.243158 0.523545 -0.179937
v 1.209461 0.528492 -0.457567
v -1.209461 0.528492 -0.457567
v 0.461049 -0.414007 0.194237
v 0.540812 -0.339966 -0.336141
v 0.645439 -0.285929 -0.052418
v -0.645439 -0.285929 -0.052418
v -0.540812 -0.339966 -0.336141
v -0.461049 -0.414007 0.194237
v 0.956482 -0.126211 -0.082367
v 0.826048 -0.160812 0.173633
v 0.795208 -0.190130 -0.282430
v -0.795208 -0.190130 -0.282430
v -0.826048 -0.160812 0.173633
v -0.956482 -0.126211 -0.082367
v 0.636399 -0.207225 0.475446
v -0.636399 -0.207225 0.475446
v 0.468547 -0.256602 0.668902
v 0.460481 -0.352393 0.448280
v -0.460481 -0.352393 0.448280
v -0.468547 -0.256602 0.668902
v 1.052062 0.208790 -0.649443
v 0.861930 0.037720 -0.665724
v 0.823919 0.271871 -0.834154
v -0.823919 0.271871 -0.834154
v -0.861930 0.037720 -0.665724
v -1.052062 0.208790 -0.649443
v 0.626748 0.104350 -0.901204
v -0.626748 0.104350 -0.901205
v 0.933839 -0.108526 -0.442322
v 0.692001 -0.150024 -0.548550
v -0.692001 -0.150024 -0.548550
v -0.933839 -0.108526 -0.442322
v 0.591043 -0.112549 -0.765564
v -0.591043 -0.112549 -0.765564
v 1.548950 0.655884 -0.466064
v 1.438721 0.638957 -0.448039
v 1.369019 0.568522 -0.360840
v 1.457276 0.576660 -0.405965
v -1.457276 0.576660 -0.405965
v -1.369019 0.568522 -0.360840
v -1.438721 0.638957 -0.448039
v -1.548950 0.655884 -0.466064
v 1.687826 0.704305 -0.578369
v 1.657715 0.630371 -0.529378
v 1.792928 0.656820 -0.590414
v -1.792928 0.656820 -0.590413
v -1.657715 0.630371 -0.529378
v -1.687826 0.704305 -0.578369
v 1.918254 0.591756 -0.649536
v 1.843384 0.535645 -0.611206
v 1.922567 0.437622 -0.624186
v -1.922567 0.437622 -0.624186
v -1.843384 0.535645 -0.611206
v -1.918254 0.591756 -0.649536
v 1.950073 0.278320 -0.653564
v 1.861776 0.274333 -0.620606
v 1.832154 0.125285 -0.605306
v -1.832154 0.125285 -0.605306
v -1.861776 0.274333 -0.620605
v -1.950073 0.278320 -0.653564
v 1.728516 -0.015747 -0.589396
v 1.684774 0.031006 -0.546265
v 1.547445 -0.078532 -0.460042
v -1.547445 -0.078532 -0.460042
v -1.684774 0.031006 -0.546265
v -1.728516 -0.015747 -0.589396
v 1.369507 -0.155355 -0.388184
v 1.398682 -0.083049 -0.352051
v 1.225871 -0.139364 -0.258952
v -1.225871 -0.139364 -0.258952
v -1.398682 -0.083049 -0.352051
v -1.369507 -0.155355 -0.388184
v 1.549357 -0.011556 -0.487549
v 1.437053 -0.023926 -0.433960
v 1.303955 -0.058797 -0.313110
v -1.303955 -0.058797 -0.313110
v -1.437053 -0.023926 -0.433960
v -1.549357 -0.011556 -0.487549
v 1.773112 0.147583 -0.618245
v 1.672119 0.066935 -0.603475
v -1.672119 0.066935 -0.603475
v -1.773112 0.147583 -0.618245
v 1.847819 0.391235 -0.637777
v 1.822144 0.259359 -0.666178
v -1.822144 0.259359 -0.666178
v -1.847819 0.391235 -0.637777
v 1.749065 0.562052 -0.603923
v 1.809164 0.463053 -0.660523
v -1.809164 0.463053 -0.660523
v -1.749065 0.562052 -0.603923
v 1.548544 0.562948 -0.493612
v 1.650879 0.537109 -0.593791
v -1.650879 0.537109 -0.593791
v -1.548544 0.562948 -0.493612
v 1.404785 0.494222 -0.396647
v 1.478475 0.496623 -0.484294
v -1.478475 0.496623 -0.484294
v -1.404785 0.494222 -0.396647
v 1.100680 0.024070 -0.034245
v 1.034389 -0.105193 -0.210703
v 1.077282 -0.018158 -0.177079
v -1.077282 -0.018158 -0.177079
v -1.034389 -0.105193 -0.210703
v -1.100680 0.024070 -0.034245
v 1.059775 -0.161098 -0.278809
v 1.162901 -0.081398 -0.251956
v -1.162901 -0.081398 -0.251956
v -1.059775 -0.161098 -0.278809
v 1.179522 0.221285 -0.094035
v -1.179522 0.221285 -0.094035
v 1.284068 0.536214 -0.371641
v 1.264679 0.472290 -0.300515
v 1.328166 0.483887 -0.340332
v -1.328166 0.483887 -0.340332
v -1.264679 0.472290 -0.300515
v -1.284068 0.536214 -0.371641
v 1.258952 -0.033285 -0.358561
v 1.171656 -0.026025 -0.322194
v -1.171656 -0.026025 -0.322194
v -1.258952 -0.033285 -0.358561
v 1.217814 0.003621 -0.397095
v 1.170645 0.047572 -0.353313
v 1.107553 0.010872 -0.272444
v -1.107553 0.010872 -0.272444
v -1.170645 0.047572 -0.353313
v -1.217814 0.003621 -0.397095
v 1.185565 0.119631 -0.412085
v 1.149113 0.123567 -0.357029
v 1.224790 0.076947 -0.411881
v -1.224790 0.076947 -0.411881
v -1.149113 0.123567 -0.357029
v -1.185565 0.119631 -0.412084
v 1.191406 0.198161 -0.403605
v 1.219198 0.272909 -0.356812
v 1.157319 0.193934 -0.284465
v -1.157319 0.193934 -0.284465
v -1.219198 0.272909 -0.356812
v -1.191406 0.198161 -0.403605
v 1.304443 0.396932 -0.363037
v 1.245646 0.375610 -0.309652
v 1.284587 0.318400 -0.402873
v -1.284587 0.318400 -0.402873
v -1.245646 0.375610 -0.309652
v -1.304443 0.396932 -0.363037
v 1.370077 0.418986 -0.416423
v -1.370077 0.418986 -0.416423
v 1.218510 0.349290 -0.207485
v -1.218510 0.349290 -0.207485
v 1.111204 0.079527 -0.201708
v -1.111204 0.079527 -0.201708
v 1.430827 0.440430 -0.484904
v 1.338623 0.354980 -0.445313
v 1.399373 0.380086 -0.494019
v -1.399374 0.380086 -0.494019
v -1.338623 0.354980 -0.445313
v -1.430827 0.440430 -0.484904
v 1.253337 0.253784 -0.442627
v 1.313965 0.289632 -0.473348
v -1.313965 0.289632 -0.473348
v -1.253337 0.253784 -0.442627
v 1.179570 0.156777 -0.442514
v 1.222783 0.192360 -0.468820
v -1.222783 0.192360 -0.468820
v -1.179570 0.156777 -0.442514
v 1.227394 0.109398 -0.445471
v 1.214279 0.142983 -0.468779
v -1.214279 0.142983 -0.468779
v -1.227394 0.109398 -0.445471
v 1.255900 0.033854 -0.443075
v 1.273234 0.080526 -0.471273
v -1.273234 0.080526 -0.471273
v -1.255900 0.033854 -0.443075
v 1.244708 -0.015772 -0.426439
v 1.267901 0.008296 -0.461717
v -1.267901 0.008296 -0.461717
v -1.244708 -0.015772 -0.426439
v 1.346110 -0.022217 -0.409831
v 1.289691 -0.009221 -0.438015
v -1.289691 -0.009221 -0.438015
v -1.346110 -0.022217 -0.409831
v 1.564141 0.498630 -0.578369
v 1.506972 0.451959 -0.557007
v -1.506972 0.451959 -0.557007
v -1.564141 0.498630 -0.578369
v 1.746921 0.497572 -0.670858
v 1.660238 0.491862 -0.648438
v -1.660238 0.491862 -0.648438
v -1.746921 0.497572 -0.670858
v 1.837240 0.357096 -0.695801
v 1.792575 0.425307 -0.694417
v -1.792575 0.425307 -0.694417
v -1.837240 0.357096 -0.695801
v 1.767823 0.153646 -0.676392
v 1.801229 0.257243 -0.694295
v -1.801229 0.257243 -0.694295
v -1.767823 0.153646 -0.676392
v 1.561646 0.019979 -0.567098
v 1.661011 0.097168 -0.644409
v -1.661011 0.097168 -0.644409
v -1.561646 0.019979 -0.567098
v 1.449463 0.015096 -0.507080
v -1.449463 0.015096 -0.507080
v 1.285970 0.138835 -0.485514
v 1.323609 0.060343 -0.482544
v 1.366374 0.134033 -0.500448
v -1.366374 0.134033 -0.500448
v -1.323609 0.060343 -0.482544
v -1.285970 0.138835 -0.485514
v 1.384359 0.215454 -0.508260
v 1.441203 0.127889 -0.523153
v 1.467245 0.221029 -0.537557
v -1.467245 0.221029 -0.537557
v -1.441203 0.127889 -0.523153
v -1.384359 0.215454 -0.508260
v 1.475749 0.306803 -0.540120
v 1.555868 0.217570 -0.577799
v 1.557048 0.307739 -0.568644
v -1.557048 0.307739 -0.568644
v -1.555868 0.217570 -0.577800
v -1.475749 0.306803 -0.540120
v 1.571791 0.380507 -0.576091
v 1.652355 0.303347 -0.605675
v 1.661951 0.369360 -0.609438
v -1.661951 0.369360 -0.609438
v -1.652355 0.303347 -0.605675
v -1.571791 0.380507 -0.576091
v 1.598267 0.447876 -0.606567
v 1.482341 0.386597 -0.542481
v -1.482340 0.386597 -0.542481
v -1.598267 0.447876 -0.606567
v 1.389852 0.302490 -0.505575
v -1.389852 0.302490 -0.505575
v 1.298950 0.211385 -0.487020
v -1.298950 0.211385 -0.487020
v 1.372681 0.040446 -0.477580
v -1.372681 0.040446 -0.477580
v 1.532634 0.104004 -0.576091
v -1.532634 0.104004 -0.576091
v 1.682780 0.210734 -0.640991
v -1.682780 0.210734 -0.640991
v 1.750785 0.339175 -0.659141
v -1.750785 0.339175 -0.659141
v 1.695760 0.445353 -0.650594
v -1.695760 0.445353 -0.650594
v 1.558065 -0.095785 -0.586548
v 1.199138 -0.155802 -0.404541
v 1.379639 -0.027384 -0.579468
v -1.379639 -0.027384 -0.579468
v -1.199138 -0.155802 -0.404541
v -1.558065 -0.095785 -0.586548
v 1.892850 0.120280 -0.697971
v 1.744371 0.095907 -0.729546
v -1.744371 0.095907 -0.729546
v -1.892850 0.120280 -0.697971
v 1.988902 0.442760 -0.701290
v 1.975393 0.318086 -0.754391
v -1.975393 0.318086 -0.754391
v -1.988902 0.442760 -0.701290
v 1.837511 0.666260 -0.698215
v 1.949148 0.516959 -0.758480
v -1.949148 0.516959 -0.758480
v -1.837511 0.666260 -0.698215
v 1.552775 0.660116 -0.595744
v 1.710517 0.567139 -0.730971
v -1.710517 0.567139 -0.730971
v -1.552775 0.660116 -0.595744
v 1.328735 0.566773 -0.486735
v 1.413493 0.493449 -0.608073
v -1.413493 0.493449 -0.608073
v -1.328735 0.566773 -0.486735
v 1.557454 0.274170 -0.701904
v 1.259115 0.205078 -0.574259
v -1.259115 0.205078 -0.574260
v -1.557455 0.274170 -0.701904
v 1.874349 0.378866 -0.781291
v -1.874349 0.378866 -0.781291
v 1.211690 0.408375 -0.566170
v -1.211690 0.408375 -0.566170
v 1.092367 -0.016642 -0.526042
v -1.092367 -0.016642 -0.526042
v 0.735062 0.279805 1.079234
v -0.735062 0.279806 1.079234
v 0.829610 0.240967 0.938222
v -0.829610 0.240967 0.938222
v 0.652837 0.067230 0.974859
v -0.652837 0.067230 0.974859
v 0.613988 0.161423 1.104986
v -0.613988 0.161423 1.104986
v 0.443746 0.161423 1.136592
v -0.443746 0.161423 1.136592
v 0.401978 0.067230 1.020274
v -0.401978 0.067230 1.020274
v 0.225316 0.240967 1.043818
v -0.225316 0.240967 1.043818
v 0.325246 0.279806 1.151601
v -0.325246 0.279806 1.151601
v 0.325246 0.449936 1.151601
v -0.325246 0.449936 1.151601
v 0.225316 0.488902 1.043818
v -0.225316 0.488902 1.043818
v 0.401978 0.665548 1.020274
v -0.401978 0.665548 1.020274
v 0.443746 0.571116 1.136592
v -0.443746 0.571116 1.136592
v 0.613988 0.571116 1.104986
v -0.613988 0.571116 1.104986
v 0.652837 0.665548 0.974859
v -0.652837 0.665548 0.974859
v 0.829610 0.488902 0.938222
v -0.829610 0.488902 0.938222
v 0.735062 0.449936 1.079234
v -0.735062 0.449936 1.079234
v 0.681729 0.429113 1.153736
v -0.681729 0.429113 1.153736
v 0.593057 0.520389 1.173642
v -0.593057 0.520389 1.173642
v 0.467397 0.520389 1.199083
v -0.467397 0.520389 1.199083
v 0.381299 0.429113 1.210871
v -0.381299 0.429113 1.210871
v 0.381299 0.303335 1.210871
v -0.381299 0.303335 1.210871
v 0.467397 0.217236 1.199083
v -0.467397 0.217236 1.199083
v 0.593057 0.217236 1.173642
v -0.593057 0.217236 1.173642
v 0.681729 0.303335 1.153736
v -0.681729 0.303335 1.153736
v 0.633741 0.321729 1.190788
v -0.633741 0.321729 1.190788
v 0.572904 0.261060 1.205704
v -0.572904 0.261060 1.205704
v 0.485779 0.261060 1.224337
v -0.485779 0.261060 1.224337
v 0.425110 0.321729 1.232422
v -0.425110 0.321729 1.232422
v 0.425110 0.409065 1.232422
v -0.425110 0.409065 1.232422
v 0.485779 0.473234 1.224337
v -0.485779 0.473234 1.224337
v 0.572904 0.473234 1.205704
v -0.572904 0.473234 1.205704
v 0.633741 0.409065 1.190788
v -0.633741 0.409065 1.190788
v 0.125198 -1.432343 0.899430
v -0.125198 -1.432343 0.899429
v 0.331909 -1.404434 0.878388
v -0.331909 -1.404434 0.878387
v 0.438843 -1.328563 0.881307
v -0.438843 -1.328563 0.881307
v 0.453339 -1.152781 0.916407
v -0.453339 -1.152781 0.916407
v 0.414113 -0.851659 0.946955
v -0.414113 -0.851659 0.946955
v 0.443225 -0.173604 0.963108
v -0.443225 -0.173604 0.963108
v 0.776311 -0.058314 0.886810
v -0.776311 -0.058314 0.886810
v 1.041219 0.142309 0.831253
v -1.041219 0.142309 0.831253
v 1.170685 0.428274 0.862111
v -1.170685 0.428273 0.862112
v 1.112620 0.632823 0.969305
v -1.112620 0.632823 0.969304
v 0.869507 0.766408 1.056905
v -0.869507 0.766408 1.056905
v 0.589203 0.944168 1.137095
v -0.589203 0.944168 1.137095
v 0.375473 1.008331 1.183502
v -0.375473 1.008331 1.183502
v 0.201024 0.841517 1.193125
v -0.201024 0.841517 1.193125
v 0.065018 0.644461 1.177999
v -0.065018 0.644461 1.177999
v 0.270076 0.722453 1.206431
v -0.270075 0.722453 1.206431
v 0.410685 0.822210 1.191910
v -0.410685 0.822210 1.191910
v 0.570002 0.785899 1.156489
v -0.570002 0.785899 1.156489
v 0.807037 0.666295 1.087535
v -0.807037 0.666295 1.087535
v 0.995641 0.547892 1.010320
v -0.995641 0.547892 1.010320
v 1.021886 0.395991 0.957789
v -1.021886 0.395991 0.957789
v 0.918976 0.190984 0.954615
v -0.918976 0.190984 0.954615
v 0.703568 0.035268 1.001704
v -0.703568 0.035268 1.001704
v 0.417118 -0.012364 1.092497
v -0.417118 -0.012364 1.092497
v 0.189650 0.066241 1.134797
v -0.189650 0.066241 1.134797
v 0.149363 0.564276 1.198166
v -0.149363 0.564276 1.198165
v 0.096278 0.403646 1.165659
v -0.096278 0.403646 1.165659
v 0.109528 0.229693 1.127866
v -0.109528 0.229693 1.127866
v 0.083420 -1.367549 0.993988
v -0.083420 -1.367549 0.993988
v 0.214732 -1.333669 0.999751
v -0.214732 -1.333669 0.999751
v 0.272144 -1.233485 1.024743
v -0.272144 -1.233485 1.024743
v 0.245956 -0.853022 1.076518
v -0.245956 -0.853022 1.076518
v 0.276238 -1.095337 1.053613
v -0.276238 -1.095337 1.053613
v 0.063286 -0.571703 1.118768
v -0.063286 -0.571703 1.118768
v 0.074331 -0.844615 1.111684
v -0.074331 -0.844615 1.111684
v 0.085056 -1.063731 1.099928
v -0.085056 -1.063731 1.099928
v 0.161898 -0.380251 1.150822
v -0.161898 -0.380251 1.150822
v 0.172282 -0.276632 1.152410
v -0.172282 -0.276632 1.152410
v 0.093414 -0.207063 1.145064
v -0.093414 -0.207063 1.145064
v 0.015732 -0.240719 1.153461
v -0.015732 -0.240719 1.153461
v 0.065834 -0.454363 1.143711
v -0.065834 -0.454363 1.143711
v 0.062908 -0.421297 1.189444
v -0.062908 -0.421297 1.189444
v 0.033834 -0.248943 1.205269
v -0.033834 -0.248943 1.205269
v 0.106546 -0.217439 1.195257
v -0.106546 -0.217439 1.195257
v 0.161518 -0.279184 1.205020
v -0.161518 -0.279184 1.205020
v 0.149110 -0.365409 1.202272
v -0.149110 -0.365409 1.202272
v 0.092992 -0.275803 1.227178
v -0.092992 -0.275803 1.227178
v 0.068279 -0.361934 1.222657
v -0.068279 -0.361934 1.222657
v 0.086760 -0.129220 1.133757
v -0.086760 -0.129220 1.133757
v 0.192930 -0.269500 1.125349
v -0.192930 -0.269500 1.125349
v 0.209449 -0.402310 1.090722
v -0.209449 -0.402310 1.090722
v 0.209760 -0.565477 1.087828
v -0.209760 -0.565477 1.087828
v 0.355621 -0.569143 0.951319
v -0.355621 -0.569143 0.951320
v 0.310644 -0.418360 0.948898
v -0.310644 -0.418360 0.948898
v 0.278471 -0.292032 0.985945
v -0.278471 -0.292032 0.985945
v 0.073937 -1.125295 1.090158
v -0.073937 -1.125295 1.090158
v 0.154722 -1.173727 1.076150
v -0.154722 -1.173727 1.076150
v 0.121663 -1.276154 1.048116
v -0.121663 -1.276154 1.048116
v 0.042425 -1.317769 1.031464
v -0.042425 -1.317769 1.031464
v 0.036057 -1.291061 0.991687
v -0.036057 -1.291061 0.991687
v 0.104944 -1.253705 1.003530
v -0.104944 -1.253705 1.003530
v 0.135828 -1.175452 1.027639
v -0.135828 -1.175452 1.027639
v 0.066940 -1.146078 1.036263
v -0.066940 -1.146078 1.036263
v 0.051086 -1.215734 0.973343
v -0.051086 -1.215734 0.973343
v 0.113631 -1.208346 0.974557
v -0.113631 -1.208346 0.974557
v 0.243342 0.272542 1.147558
v -0.243342 0.272542 1.147558
v 0.226949 0.388341 1.157222
v -0.226949 0.388341 1.157222
v 0.254883 0.521174 1.163808
v -0.254883 0.521174 1.163808
v 0.294027 0.183741 1.141556
v -0.294027 0.183741 1.141556
v 0.443970 0.104955 1.112356
v -0.443970 0.104955 1.112356
v 0.645182 0.095627 1.062078
v -0.645182 0.095627 1.062078
v 0.814153 0.207514 1.018718
v -0.814153 0.207514 1.018718
v 0.908707 0.363602 0.999420
v -0.908707 0.363602 0.999420
v 0.893153 0.492213 1.013280
v -0.893153 0.492213 1.013280
v 0.754761 0.586848 1.070663
v -0.754761 0.586848 1.070663
v 0.570821 0.655090 1.122676
v -0.570821 0.655090 1.122676
v 0.445079 0.675186 1.139603
v -0.445079 0.675186 1.139603
v 0.336762 0.629191 1.158681
v -0.336762 0.629191 1.158681
v 0.375117 0.581777 1.152949
v -0.375117 0.581777 1.152949
v 0.460449 0.619756 1.142049
v -0.460449 0.619756 1.142049
v 0.567505 0.608383 1.133321
v -0.567505 0.608383 1.133321
v 0.721929 0.553213 1.084503
v -0.721929 0.553213 1.084503
v 0.834096 0.470846 1.025991
v -0.834096 0.470846 1.025991
v 0.846537 0.365219 1.016469
v -0.846537 0.365219 1.016469
v 0.771001 0.235591 1.039302
v -0.771001 0.235591 1.039302
v 0.631353 0.141271 1.082164
v -0.631353 0.141271 1.082164
v 0.458618 0.145752 1.125127
v -0.458618 0.145752 1.125127
v 0.326050 0.211411 1.145752
v -0.326050 0.211411 1.145752
v 0.308248 0.497554 1.153071
v -0.308248 0.497554 1.153071
v 0.278946 0.390147 1.149791
v -0.278946 0.390147 1.149791
v 0.285141 0.290899 1.144287
v -0.285141 0.290899 1.144287
v 0.065409 0.680028 1.015639
v -0.065409 0.680028 1.015639
v 0.206363 0.873563 1.026346
v -0.206363 0.873564 1.026346
v 0.381392 1.041587 1.015599
v -0.381392 1.041587 1.015599
v 0.606040 0.966372 0.966830
v -0.606041 0.966372 0.966830
v 0.883235 0.785292 0.883457
v -0.883235 0.785292 0.883457
v 1.131327 0.658432 0.810054
v -1.131327 0.658432 0.810054
v 1.208664 0.427795 0.702545
v -1.208664 0.427795 0.702545
v 1.059952 0.110214 0.662959
v -1.059952 0.110214 0.662959
v 0.789578 -0.098162 0.725246
v -0.789578 -0.098162 0.725246
v 0.112991 -0.756058 0.457698
v -0.112991 -0.756058 0.457698
v 0.100866 -1.001689 0.523895
v -0.100866 -1.001689 0.523895
v 0.114354 -1.297638 0.606349
v -0.114354 -1.297638 0.606349
v 0.127772 -1.444687 0.759252
v -0.127772 -1.444687 0.759252
v 0.366400 -1.405093 0.720608
v -0.366400 -1.405093 0.720608
v 0.478669 -1.291380 0.694796
v -0.478669 -1.291380 0.694795
v 0.463420 -1.046906 0.706624
v -0.463420 -1.046906 0.706624
v 0.301885 -0.949188 0.566696
v -0.301885 -0.949188 0.566696
v 0.340801 -1.246041 0.602724
v -0.340801 -1.246041 0.602724
v 0.294973 -0.687953 0.534266
v -0.294973 -0.687953 0.534266
v 0.424469 -0.749247 0.727127
v -0.424469 -0.749247 0.727127
v 0.349677 -0.399174 0.753457
v -0.349677 -0.399174 0.753457
v 0.380854 -0.525191 0.733486
v -0.380854 -0.525191 0.733486
v 0.329916 -0.309836 0.786563
v -0.329916 -0.309836 0.786563
v 0.483648 -0.220559 0.776888
v -0.483648 -0.220559 0.776888
v 0.248820 -0.071859 -0.999451
v -0.248820 -0.071859 -0.999451
v 0.233076 -0.378555 -0.670693
v -0.233076 -0.378555 -0.670693
v 0.187804 -0.567954 -0.102989
v -0.187805 -0.567954 -0.102989
v 0.142720 -0.651831 0.326867
v -0.142720 -0.651831 0.326867
v 0.315946 -0.543335 0.473635
v -0.315946 -0.543335 0.473635
v 1.102702 0.135502 0.348508
v -1.102702 0.135502 0.348508
v 0.291090 0.422272 -1.120106
v -0.291090 0.422272 -1.120105
v 0.331650 1.354797 0.130478
v -0.331650 1.354797 0.130478
v 0.331640 1.358292 -0.403778
v -0.331640 1.358292 -0.403778
v 0.331986 1.018789 -0.912852
v -0.331985 1.018789 -0.912852
v 1.061941 0.647939 0.583791
v -1.061941 0.647939 0.583791
v 1.047837 0.795375 0.294525
v -1.047836 0.795375 0.294525
v 1.072408 0.975474 -0.050054
v -1.072408 0.975474 -0.050054
v 1.070997 0.956433 -0.413752
v -1.070997 0.956433 -0.413752
v 1.051786 0.679101 -0.671648
v -1.051786 0.679101 -0.671648
v 0.801107 0.857758 -0.785090
v -0.801107 0.857758 -0.785090
v 0.810786 1.192973 -0.408727
v -0.810786 1.192973 -0.408727
v 0.810989 1.199137 0.009593
v -0.810989 1.199138 0.009593
v 0.811106 0.950114 0.376439
v -0.811106 0.950114 0.376439
v 0.837570 0.752913 0.660231
v -0.837570 0.752913 0.660231
v 0.335683 1.061921 0.556890
v -0.335683 1.061921 0.556890
v 0.418615 0.891047 0.900052
v -0.418615 0.891047 0.900052
v 0.396082 0.800599 0.803820
v -0.396082 0.800599 0.803820
v 0.065747 0.723351 0.892218
v -0.065747 0.723351 0.892218
v 1.175817 0.452540 0.458740
v -1.175817 0.452540 0.458740
v 1.204601 0.564765 0.173852
v -1.204601 0.564765 0.173852
v 1.220305 0.680223 -0.098420
v -1.220305 0.680223 -0.098420
v 1.188273 0.662052 -0.418265
v -1.188273 0.662052 -0.418265
v 0.502998 -0.394634 -0.064223
v -0.502998 -0.394634 -0.064223
v 0.809199 -0.197579 -0.059390
v -0.809199 -0.197579 -0.059390
v 0.813625 -0.117558 0.409834
v -0.813625 -0.117558 0.409834
v 0.481224 -0.291561 0.566675
v -0.481224 -0.291562 0.566675
v 0.420942 -0.419907 0.364058
v -0.420942 -0.419907 0.364058
v 0.429368 -0.250097 0.716632
v -0.429368 -0.250097 0.716632
v 0.941312 0.234545 -0.738114
v -0.941312 0.234545 -0.738114
v 0.702814 0.323853 -0.928406
v -0.702814 0.323853 -0.928406
v 0.811817 -0.109666 -0.497974
v -0.811817 -0.109666 -0.497974
v 0.575373 -0.234848 -0.578079
v -0.575373 -0.234848 -0.578079
v 0.570999 -0.028702 -0.869415
v -0.570999 -0.028702 -0.869415
v 1.447998 0.616674 -0.405396
v -1.447998 0.616674 -0.405396
v 1.672465 0.677790 -0.534617
v -1.672465 0.677790 -0.534617
v 1.881490 0.571955 -0.616638
v -1.881490 0.571955 -0.616638
v 1.906260 0.278554 -0.624725
v -1.906260 0.278554 -0.624725
v 1.705836 0.004471 -0.550557
v -1.705836 0.004471 -0.550557
v 1.380295 -0.124741 -0.346314
v -1.380295 -0.124741 -0.346313
v 1.419683 -0.047613 -0.387192
v -1.419683 -0.047613 -0.387192
v 1.673426 0.053258 -0.568339
v -1.673426 0.053258 -0.568339
v 1.832682 0.267212 -0.637471
v -1.832682 0.267212 -0.637472
v 1.818324 0.495809 -0.629273
v -1.818324 0.495809 -0.629272
v 1.650269 0.579071 -0.554306
v -1.650269 0.579071 -0.554306
v 1.467799 0.532964 -0.438217
v -1.467799 0.532964 -0.438217
v 1.040876 -0.066544 -0.125917
v -1.040876 -0.066544 -0.125917
v 1.104004 -0.129492 -0.233674
v -1.104004 -0.129492 -0.233674
v 1.179634 0.193409 0.010263
v -1.179634 0.193409 0.010263
v 1.306791 0.517110 -0.332478
v -1.306791 0.517110 -0.332478
v 1.219085 -0.049834 -0.302140
v -1.219085 -0.049834 -0.302140
v 1.162773 0.007077 -0.338436
v -1.162773 0.007077 -0.338436
v 1.179586 0.089461 -0.380195
v -1.179586 0.089461 -0.380195
v 1.171332 0.193062 -0.352771
v -1.171332 0.193062 -0.352772
v 1.263026 0.340352 -0.359421
v -1.263026 0.340352 -0.359421
v 1.351044 0.448308 -0.373189
v -1.351044 0.448308 -0.373189
v 1.244287 0.428834 -0.250815
v -1.244287 0.428834 -0.250815
v 1.164587 0.211030 -0.194741
v -1.164587 0.211030 -0.194741
v 1.089473 0.015155 -0.216005
v -1.089473 0.015155 -0.216005
v 1.381826 0.400269 -0.458318
v -1.381826 0.400269 -0.458318
v 1.297750 0.306259 -0.441864
v -1.297750 0.306259 -0.441864
v 1.205456 0.199656 -0.442884
v -1.205456 0.199656 -0.442884
v 1.194438 0.131948 -0.444073
v -1.194438 0.131948 -0.444073
v 1.250432 0.074011 -0.444421
v -1.250432 0.074011 -0.444421
v 1.245737 0.003030 -0.439913
v -1.245737 0.003030 -0.439913
v 1.276921 -0.023886 -0.404100
v -1.276921 -0.023886 -0.404100
v 1.489300 0.473523 -0.526861
v -1.489300 0.473523 -0.526861
v 1.657176 0.511953 -0.630620
v -1.657176 0.511953 -0.630620
v 1.810142 0.443198 -0.690486
v -1.810142 0.443198 -0.690486
v 1.823191 0.253906 -0.693375
v -1.823191 0.253906 -0.693375
v 1.675217 0.074254 -0.635813
v -1.675217 0.074254 -0.635813
v 1.446081 -0.009893 -0.476608
v -1.446081 -0.009893 -0.476608
v 1.314143 0.101161 -0.487493
v -1.314143 0.101161 -0.487493
v 1.418411 0.175303 -0.518026
v -1.418411 0.175303 -0.518026
v 1.512650 0.266963 -0.554657
v -1.512650 0.266963 -0.554657
v 1.604243 0.340090 -0.582403
v -1.604243 0.340090 -0.582403
v 1.536901 0.419800 -0.570908
v -1.536901 0.419800 -0.570908
v 1.434311 0.346787 -0.521113
v -1.434311 0.346786 -0.521113
v 1.345561 0.256587 -0.494497
v -1.345561 0.256587 -0.494497
v 1.251059 0.170521 -0.481015
v -1.251059 0.170522 -0.481015
v 1.309407 0.020542 -0.465435
v -1.309407 0.020542 -0.465436
v 1.449712 0.067403 -0.521266
v -1.449712 0.067403 -0.521266
v 1.613536 0.152593 -0.616582
v -1.613536 0.152593 -0.616582
v 1.731107 0.274562 -0.653799
v -1.731107 0.274562 -0.653799
v 1.734327 0.398759 -0.656932
v -1.734327 0.398759 -0.656932
v 1.654068 0.467720 -0.640327
v -1.654068 0.467720 -0.640327
v 1.369766 -0.145248 -0.482407
v -1.369766 -0.145248 -0.482407
v 1.743498 -0.006917 -0.661084
v -1.743498 -0.006917 -0.661084
v 1.975919 0.279188 -0.704380
v -1.975919 0.279188 -0.704380
v 1.939980 0.580529 -0.706150
v -1.939980 0.580529 -0.706150
v 1.698475 0.684992 -0.657595
v -1.698475 0.684992 -0.657595
v 1.427694 0.618998 -0.532008
v -1.427694 0.618998 -0.532008
v 1.395956 0.231659 -0.626073
v -1.395955 0.231659 -0.626073
v 1.729207 0.328456 -0.756688
v -1.729207 0.328456 -0.756688
v 1.950398 0.407689 -0.778121
v -1.950398 0.407689 -0.778121
v 1.255709 0.515098 -0.471193
v -1.255709 0.515098 -0.471193
v 1.150594 0.196581 -0.586743
v -1.150594 0.196581 -0.586743
v 1.057780 -0.133913 -0.400752
v -1.057780 -0.133913 -0.400752
vn 0.6159 -0.4966 0.6116
vn -0.6159 -0.4966 0.6116
vn 0.6226 -0.5110 0.5927
vn -0.6226 -0.5110 0.5927
vn 0.6767 -0.5727 0.4627
vn -0.6767 -0.5727 0.4627
vn 0.0982 -0.8843 0.4565
vn -0.0982 -0.8843 0.4565
vn 0.1101 -0.7677 0.6313
vn -0.1101 -0.7677 0.6313
vn 0.1221 -0.7533 0.6463
vn -0.1221 -0.7533 0.6463
vn -0.4677 -0.5583 0.6852
vn 0.4677 -0.5583 0.6852
vn -0.4698 -0.5598 0.6826
vn 0.4699 -0.5598 0.6826
vn -0.5590 -0.6503 0.5143
vn 0.5590 -0.6503 0.5143
vn -0.8305 0.0001 0.5571
vn 0.8305 0.0001 0.5571
vn -0.7077 -0.0011 0.7065
vn 0.7077 -0.0011 0.7065
vn -0.7248 -0.0016 0.6890
vn 0.7248 -0.0016 0.6890
vn -0.4921 0.5599 0.6666
vn 0.4921 0.5599 0.6666
vn -0.4739 0.5539 0.6846
vn 0.4739 0.5539 0.6846
vn -0.5473 0.6362 0.5438
vn 0.5473 0.6362 0.5438
vn 0.1058 0.8574 0.5036
vn -0.1058 0.8574 0.5036
vn 0.1110 0.7652 0.6341
vn -0.1110 0.7652 0.6341
vn 0.1157 0.7811 0.6136
vn -0.1157 0.7811 0.6136
vn 0.6314 0.4987 0.5938
vn -0.6314 0.4987 0.5938
vn 0.6261 0.5049 0.5942
vn -0.6261 0.5049 0.5942
vn 0.6725 0.5580 0.4863
vn -0.6725 0.5580 0.4863
vn 0.8804 -0.0001 0.4742
vn -0.8804 -0.0001 0.4742
vn 0.8143 -0.0010 0.5805
vn -0.8143 -0.0010 0.5805
vn 0.8035 -0.0013 0.5953
vn -0.8035 -0.0013 0.5953
vn 0.6232 -0.0013 0.7820
vn -0.6233 -0.0013 0.7820
vn 0.5167 0.3244 0.7923
vn -0.5167 0.3244 0.7923
vn 0.1630 0.5384 0.8267
vn -0.1630 0.5384 0.8267
vn -0.2915 0.3803 0.8777
vn 0.2915 0.3803 0.8777
vn -0.4828 -0.0018 0.8757
vn 0.4828 -0.0018 0.8757
vn -0.2894 -0.4006 0.8694
vn 0.2894 -0.4006 0.8694
vn 0.1931 -0.0015 0.9812
vn -0.1931 -0.0015 0.9812
vn 0.1599 -0.5603 0.8127
vn -0.1599 -0.5603 0.8127
vn 0.5141 -0.3431 0.7861
vn -0.5141 -0.3431 0.7861
vn -0.0000 0.9672 0.2539
vn -0.0000 -0.0443 0.9990
vn -0.0000 -0.0507 0.9987
vn -0.0000 -0.8048 0.5935
vn -0.0000 0.9526 0.3042
vn -0.0000 -0.9312 0.3646
vn -0.0000 0.9037 0.4282
vn -0.0000 0.6621 0.7494
vn -0.0000 0.8404 -0.5419
vn -0.0000 0.3250 -0.9457
vn -0.0000 -0.2479 -0.9688
vn -0.0000 -0.9481 -0.3181
vn 0.6050 -0.7431 0.2859
vn -0.6050 -0.7431 0.2859
vn 0.9680 0.2055 0.1440
vn -0.9680 0.2055 0.1440
vn 0.9867 0.1152 0.1147
vn -0.9867 0.1152 0.1147
vn 0.9907 -0.0659 0.1192
vn -0.9907 -0.0659 0.1192
vn 0.6233 -0.7772 0.0863
vn -0.6233 -0.7772 0.0863
vn 0.1547 -0.9849 0.0775
vn -0.1547 -0.9849 0.0775
vn -0.0000 -0.9931 0.1176
vn 0.3779 -0.8914 0.2503
vn -0.3779 -0.8914 0.2503
vn 0.6172 -0.7570 0.2147
vn -0.6172 -0.7570 0.2147
vn 0.8883 -0.4262 0.1709
vn -0.8883 -0.4262 0.1709
vn 0.9431 0.2555 0.2128
vn -0.9431 0.2555 0.2128
vn 0.5090 0.8413 0.1818
vn -0.5090 0.8413 0.1818
vn 0.5722 0.8069 0.1463
vn -0.5722 0.8069 0.1463
vn 0.2983 0.9373 0.1800
vn -0.2983 0.9373 0.1800
vn -0.6563 0.7388 0.1531
vn 0.6563 0.7388 0.1531
vn -0.8197 0.5621 0.1105
vn 0.8197 0.5621 0.1105
vn 0.2804 -0.2166 0.9351
vn -0.2804 -0.2166 0.9351
vn 0.1287 -0.1629 0.9782
vn -0.1287 -0.1629 0.9782
vn 0.1083 -0.1293 0.9857
vn -0.1083 -0.1293 0.9857
vn 0.2782 -0.3740 0.8847
vn -0.2782 -0.3740 0.8847
vn 0.4398 -0.3701 0.8183
vn -0.4398 -0.3701 0.8183
vn 0.4458 -0.2062 0.8710
vn -0.4458 -0.2062 0.8710
vn 0.2803 -0.1719 0.9444
vn -0.2803 -0.1719 0.9444
vn 0.1678 -0.3127 0.9349
vn -0.1678 -0.3127 0.9349
vn 0.1743 -0.2092 0.9622
vn -0.1743 -0.2092 0.9622
vn 0.2764 -0.2470 0.9288
vn -0.2764 -0.2470 0.9288
vn -0.0000 -0.2200 0.9755
vn 0.2138 -0.1500 0.9653
vn -0.2138 -0.1500 0.9653
vn 0.2270 -0.3367 0.9138
vn -0.2270 -0.3367 0.9138
vn 0.0800 -0.5235 0.8483
vn -0.0800 -0.5234 0.8483
vn -0.0000 -0.5476 0.8367
vn -0.0000 0.7509 0.6604
vn -0.0000 0.2762 0.9611
vn 0.2920 0.3299 0.8977
vn -0.2920 0.3299 0.8977
vn 0.8150 -0.1124 0.5685
vn -0.8150 -0.1124 0.5685
vn 0.3661 -0.2600 0.8935
vn -0.3661 -0.2600 0.8935
vn 0.3795 -0.5644 0.7331
vn -0.3795 -0.5644 0.7331
vn 0.5049 -0.4603 0.7302
vn -0.5049 -0.4603 0.7302
vn 0.5918 -0.3291 0.7359
vn -0.5918 -0.3291 0.7359
vn 0.5130 -0.2538 0.8200
vn -0.5130 -0.2538 0.8200
vn 0.3714 0.0003 0.9285
vn -0.3714 0.0003 0.9285
vn 0.3232 0.0706 0.9437
vn -0.3232 0.0706 0.9437
vn 0.2535 0.1240 0.9594
vn -0.2535 0.1240 0.9594
vn -0.0491 0.0966 0.9941
vn 0.0491 0.0966 0.9941
vn -0.1587 0.0433 0.9864
vn 0.1587 0.0433 0.9864
vn 0.3170 -0.2083 0.9253
vn -0.3170 -0.2083 0.9253
vn 0.6307 0.0856 0.7713
vn -0.6307 0.0856 0.7713
vn 0.6026 -0.0082 0.7980
vn -0.6026 -0.0082 0.7980
vn 0.5585 -0.2108 0.8023
vn -0.5585 -0.2108 0.8023
vn 0.3988 -0.5441 0.7382
vn -0.3988 -0.5441 0.7382
vn 0.1631 -0.7744 0.6114
vn -0.1631 -0.7744 0.6114
vn -0.0000 -0.8100 0.5865
vn -0.0000 0.0264 0.9997
vn -0.0000 -0.2263 0.9741
vn 0.1299 -0.2630 0.9560
vn -0.1299 -0.2630 0.9560
vn -0.1122 -0.0771 0.9907
vn 0.1122 -0.0771 0.9907
vn -0.0512 -0.1592 0.9859
vn 0.0512 -0.1592 0.9859
vn 0.2044 -0.0503 0.9776
vn -0.2044 -0.0503 0.9776
vn 0.1941 -0.0120 0.9809
vn -0.1941 -0.0119 0.9809
vn -0.0000 -0.0237 0.9997
vn -0.0000 -0.2546 0.9670
vn 0.4951 -0.7314 0.4689
vn -0.4951 -0.7314 0.4689
vn 0.9539 -0.1324 0.2694
vn -0.9539 -0.1324 0.2694
vn 0.6775 0.7241 0.1287
vn -0.6775 0.7241 0.1287
vn -0.3199 0.9026 0.2881
vn 0.3199 0.9026 0.2881
vn -0.0000 0.1476 0.9890
vn -0.1192 0.5351 0.8363
vn 0.1192 0.5351 0.8363
vn 0.3285 0.4195 0.8462
vn -0.3285 0.4195 0.8462
vn 0.3065 -0.1133 0.9451
vn -0.3065 -0.1133 0.9451
vn 0.2095 -0.5400 0.8152
vn -0.2095 -0.5400 0.8152
vn -0.0000 -0.4783 0.8782
vn 0.9409 0.2880 0.1782
vn -0.9409 0.2880 0.1782
vn 0.8327 -0.0082 0.5537
vn -0.8327 -0.0082 0.5537
vn 0.7303 0.1227 0.6720
vn -0.7303 0.1227 0.6720
vn 0.9567 0.1921 0.2187
vn -0.9567 0.1921 0.2187
vn -0.0000 0.7913 0.6114
vn -0.4604 0.6510 0.6035
vn 0.4604 0.6510 0.6035
vn -0.8477 0.1505 0.5087
vn 0.8477 0.1505 0.5087
vn -0.3736 -0.8039 0.4627
vn 0.3736 -0.8039 0.4627
vn -0.0000 -0.6806 0.7326
vn -0.2334 -0.7105 0.6638
vn 0.2334 -0.7105 0.6638
vn -0.8885 0.2578 0.3796
vn 0.8885 0.2578 0.3796
vn -0.2886 0.3768 0.8802
vn 0.2886 0.3768 0.8802
vn -0.0000 0.3200 0.9474
vn 0.1567 -0.0549 0.9861
vn -0.1567 -0.0549 0.9861
vn 0.0278 -0.0197 0.9994
vn -0.0278 -0.0197 0.9994
vn 0.1182 0.1135 0.9865
vn -0.1182 0.1135 0.9865
vn 0.1451 0.0410 0.9886
vn -0.1451 0.0410 0.9886
vn 0.3008 0.0841 0.9500
vn -0.3008 0.0841 0.9500
vn 0.3200 -0.1244 0.9392
vn -0.3200 -0.1244 0.9392
vn 0.2372 -0.0701 0.9689
vn -0.2372 -0.0701 0.9689
vn 0.3070 -0.0538 0.9502
vn -0.3070 -0.0538 0.9502
vn 0.3643 -0.1722 0.9152
vn -0.3643 -0.1722 0.9152
vn 0.2164 -0.2935 0.9311
vn -0.2164 -0.2935 0.9311
vn 0.0530 -0.2067 0.9770
vn -0.0530 -0.2067 0.9770
vn 0.1796 -0.0780 0.9806
vn -0.1796 -0.0780 0.9806
vn 0.1500 -0.0776 0.9856
vn -0.1500 -0.0776 0.9856
vn 0.4572 -0.3968 0.7959
vn -0.4572 -0.3968 0.7959
vn 0.7192 -0.2340 0.6542
vn -0.7192 -0.2340 0.6542
vn 0.3838 0.5457 0.7449
vn -0.3838 0.5457 0.7449
vn 0.2024 0.5582 0.8046
vn -0.2024 0.5582 0.8046
vn -0.0692 0.4961 0.8655
vn 0.0692 0.4961 0.8655
vn -0.1896 0.2728 0.9432
vn 0.1896 0.2728 0.9432
vn -0.3230 -0.1186 0.9389
vn 0.3230 -0.1186 0.9389
vn -0.1025 -0.6509 0.7523
vn 0.1025 -0.6509 0.7523
vn -0.0505 -0.7391 0.6717
vn 0.0505 -0.7391 0.6717
vn 0.2402 -0.3071 0.9209
vn -0.2402 -0.3071 0.9209
vn 0.0543 -0.4198 0.9060
vn -0.0543 -0.4198 0.9060
vn 0.6391 0.3261 0.6966
vn -0.6391 0.3261 0.6966
vn 0.7735 0.0093 0.6338
vn -0.7735 0.0093 0.6338
vn -0.4802 0.8614 -0.1655
vn 0.4802 0.8614 -0.1655
vn -0.4871 0.4926 -0.7212
vn 0.4871 0.4926 -0.7212
vn 0.0589 0.6528 -0.7552
vn -0.0589 0.6528 -0.7552
vn 0.1443 0.8727 -0.4665
vn -0.1443 0.8727 -0.4665
vn 0.3906 0.9038 -0.1751
vn -0.3906 0.9038 -0.1751
vn 0.8439 0.4889 -0.2210
vn -0.8439 0.4889 -0.2210
vn 0.9413 -0.3367 -0.0241
vn -0.9413 -0.3367 -0.0241
vn 0.6357 -0.7692 0.0656
vn -0.6357 -0.7692 0.0656
vn 0.4415 -0.8886 0.1244
vn -0.4415 -0.8886 0.1244
vn -0.0000 0.8304 0.5572
vn -0.0000 1.0000 0.0089
vn -0.0000 -0.7221 -0.6918
vn -0.0000 -0.9831 -0.1832
vn -0.0000 -0.7609 -0.6489
vn -0.0000 -0.2890 -0.9573
vn -0.0000 -0.2643 -0.9644
vn -0.0000 -0.7857 -0.6186
vn 0.9779 -0.1643 0.1291
vn -0.9779 -0.1643 0.1291
vn 0.9943 -0.0987 0.0402
vn -0.9943 -0.0987 0.0402
vn 0.6676 0.0944 -0.7385
vn -0.6676 0.0944 -0.7385
vn 0.4123 0.2265 -0.8824
vn -0.4123 0.2265 -0.8824
vn 0.6925 -0.7044 0.1558
vn -0.6925 -0.7044 0.1558
vn 0.2221 -0.9750 -0.0030
vn -0.2221 -0.9750 -0.0030
vn 0.3264 -0.6042 -0.7269
vn -0.3264 -0.6042 -0.7269
vn 0.3984 -0.2872 -0.8711
vn -0.3984 -0.2872 -0.8711
vn 0.9281 0.0178 -0.3719
vn -0.9281 0.0178 -0.3719
vn 0.6284 -0.6181 -0.4723
vn -0.6284 -0.6181 -0.4723
vn 0.6229 0.0304 -0.7817
vn -0.6229 0.0304 -0.7817
vn 0.7551 0.0592 -0.6529
vn -0.7551 0.0592 -0.6529
vn 0.4377 -0.4731 -0.7646
vn -0.4377 -0.4731 -0.7646
vn 0.1467 -0.1855 -0.9716
vn -0.1467 -0.1855 -0.9716
vn 0.3470 -0.2260 -0.9102
vn -0.3470 -0.2260 -0.9102
vn 0.0608 -0.6821 -0.7287
vn -0.0608 -0.6821 -0.7287
vn 0.9232 -0.3730 0.0921
vn -0.9232 -0.3730 0.0921
vn 0.8059 -0.3343 0.4886
vn -0.8059 -0.3343 0.4886
vn 0.5124 -0.8417 0.1705
vn -0.5124 -0.8417 0.1705
vn 0.5904 -0.8066 -0.0277
vn -0.5904 -0.8066 -0.0277
vn 0.4640 -0.8567 -0.2254
vn -0.4640 -0.8567 -0.2254
vn 0.4289 -0.6941 -0.5782
vn -0.4289 -0.6941 -0.5782
vn 0.3469 0.7600 -0.5496
vn -0.3469 0.7600 -0.5496
vn 0.3413 0.9399 0.0092
vn -0.3413 0.9399 0.0092
vn 0.3991 0.7549 0.5205
vn -0.3991 0.7549 0.5205
vn 0.3484 0.7561 0.5540
vn -0.3484 0.7561 0.5540
vn 0.8532 0.4730 0.2198
vn -0.8532 0.4730 0.2198
vn 0.5391 0.7470 0.3890
vn -0.5391 0.7470 0.3890
vn 0.6353 0.6606 0.4000
vn -0.6353 0.6606 0.4000
vn 0.8551 0.4342 0.2834
vn -0.8551 0.4342 0.2834
vn 0.9017 0.4289 -0.0543
vn -0.9017 0.4289 -0.0543
vn 0.6643 0.7465 -0.0372
vn -0.6643 0.7465 -0.0372
vn 0.5979 0.5576 -0.5759
vn -0.5979 0.5576 -0.5759
vn 0.8587 0.3156 -0.4038
vn -0.8587 0.3156 -0.4038
vn 0.5727 0.0302 -0.8192
vn -0.5727 0.0302 -0.8192
vn 0.5626 -0.5387 -0.6271
vn -0.5626 -0.5387 -0.6271
vn 0.8847 0.4511 0.1173
vn -0.8847 0.4511 0.1173
vn 0.5777 -0.8031 0.1457
vn -0.5777 -0.8031 0.1457
vn 0.5341 -0.8274 -0.1735
vn -0.5341 -0.8274 -0.1735
vn -0.4461 0.8609 0.2445
vn 0.4461 0.8609 0.2445
vn 0.0634 -0.9713 0.2291
vn -0.0634 -0.9713 0.2291
vn 0.4415 -0.8709 0.2157
vn -0.4415 -0.8709 0.2157
vn 0.7263 -0.4892 0.4828
vn -0.7263 -0.4892 0.4828
vn 0.7820 0.1011 0.6150
vn -0.7820 0.1011 0.6150
vn 0.4358 0.8568 0.2758
vn -0.4358 0.8568 0.2758
vn -0.1641 0.9738 0.1574
vn 0.1641 0.9738 0.1574
vn 0.5489 -0.1863 0.8148
vn -0.5489 -0.1863 0.8148
vn 0.2860 -0.2225 0.9320
vn -0.2860 -0.2225 0.9320
vn -0.1340 -0.0599 0.9892
vn 0.1340 -0.0599 0.9892
vn -0.0701 0.3285 0.9419
vn 0.0701 0.3285 0.9419
vn 0.4476 0.3134 0.8375
vn -0.4476 0.3134 0.8375
vn 0.3736 0.2697 0.8875
vn -0.3736 0.2697 0.8875
vn 0.5149 -0.1142 0.8496
vn -0.5149 -0.1142 0.8496
vn 0.6830 -0.5161 0.5168
vn -0.6830 -0.5161 0.5168
vn 0.1410 0.9072 0.3964
vn -0.1410 0.9072 0.3964
vn -0.1165 0.9326 0.3417
vn 0.1165 0.9326 0.3417
vn -0.7578 0.6400 0.1269
vn 0.7578 0.6400 0.1269
vn -0.9715 -0.0776 0.2240
vn 0.9715 -0.0776 0.2240
vn -0.0803 -0.7280 0.6809
vn 0.0803 -0.7280 0.6808
vn 0.5237 -0.6319 0.5714
vn -0.5237 -0.6319 0.5714
vn 0.7112 -0.2663 0.6506
vn -0.7112 -0.2663 0.6506
vn 0.7355 -0.5522 0.3925
vn -0.7355 -0.5522 0.3925
vn 0.9288 -0.0157 0.3702
vn -0.9288 -0.0157 0.3702
vn 0.6038 0.5866 0.5397
vn -0.6038 0.5866 0.5397
vn 0.7523 0.0644 0.6557
vn -0.7523 0.0644 0.6557
vn 0.4764 0.7564 0.4482
vn -0.4764 0.7564 0.4482
vn 0.9129 -0.4040 -0.0586
vn -0.9129 -0.4040 -0.0586
vn 0.7190 0.1287 0.6830
vn -0.7190 0.1287 0.6830
vn 0.9326 -0.1456 0.3303
vn -0.9326 -0.1456 0.3303
vn 0.8908 -0.3952 0.2242
vn -0.8908 -0.3952 0.2242
vn 0.6837 -0.5079 0.5240
vn -0.6837 -0.5079 0.5240
vn 0.5666 -0.3556 0.7433
vn -0.5666 -0.3556 0.7433
vn 0.2412 0.7286 0.6411
vn -0.2412 0.7286 0.6411
vn 0.4169 0.1648 0.8939
vn -0.4169 0.1648 0.8939
vn 0.4178 0.3398 0.8426
vn -0.4178 0.3398 0.8426
vn 0.6350 -0.0644 0.7698
vn -0.6350 -0.0644 0.7698
vn 0.4732 -0.3899 0.7900
vn -0.4732 -0.3899 0.7900
vn 0.5250 -0.1935 0.8288
vn -0.5250 -0.1935 0.8288
vn 0.2651 -0.1542 0.9518
vn -0.2651 -0.1542 0.9518
vn 0.1739 0.0074 0.9847
vn -0.1739 0.0074 0.9847
vn 0.2334 0.0931 0.9679
vn -0.2334 0.0931 0.9679
vn 0.3923 0.3543 0.8488
vn -0.3923 0.3543 0.8488
vn 0.1537 0.7195 0.6773
vn -0.1537 0.7195 0.6773
vn 0.6057 -0.2638 0.7507
vn -0.6057 -0.2638 0.7507
vn 0.2162 0.0100 0.9763
vn -0.2162 0.0100 0.9763
vn 0.2589 0.1805 0.9489
vn -0.2589 0.1805 0.9489
vn 0.4499 -0.0211 0.8928
vn -0.4499 -0.0211 0.8928
vn 0.3477 -0.0212 0.9374
vn -0.3477 -0.0212 0.9374
vn 0.3429 0.0348 0.9387
vn -0.3429 0.0348 0.9387
vn 0.4014 -0.1418 0.9049
vn -0.4014 -0.1418 0.9049
vn 0.4874 -0.0052 0.8731
vn -0.4875 -0.0052 0.8731
vn 0.3912 0.2643 0.8815
vn -0.3912 0.2643 0.8815
vn -0.4283 0.2876 -0.8567
vn 0.4283 0.2876 -0.8567
vn 0.0473 0.3824 -0.9228
vn -0.0473 0.3824 -0.9228
vn 0.9073 0.0932 -0.4100
vn -0.9073 0.0932 -0.4100
vn 0.3559 -0.3679 -0.8591
vn -0.3559 -0.3679 -0.8591
vn -0.2395 -0.3714 -0.8970
vn 0.2395 -0.3714 -0.8970
vn -0.1672 -0.4827 -0.8597
vn 0.1672 -0.4827 -0.8597
vn -0.3762 0.3767 -0.8465
vn 0.3762 0.3767 -0.8465
vn 0.7684 -0.0008 0.6400
vn 0.7575 -0.2569 0.6002
vn 0.5895 -0.4598 0.6642
vn 0.7664 -0.2694 0.5831
vn -0.7664 -0.2694 0.5831
vn -0.5895 -0.4598 0.6642
vn -0.7575 -0.2569 0.6002
vn -0.7684 -0.0008 0.6400
vn 0.8642 -0.0013 0.5031
vn 0.6548 -0.5685 0.4980
vn 0.8306 -0.2988 0.4699
vn -0.8306 -0.2988 0.4699
vn -0.6548 -0.5685 0.4980
vn -0.8642 -0.0013 0.5031
vn 0.3959 -0.6874 0.6089
vn 0.0878 -0.8575 0.5069
vn 0.4245 -0.7835 0.4538
vn -0.4245 -0.7835 0.4538
vn -0.0878 -0.8575 0.5069
vn -0.3959 -0.6874 0.6089
vn 0.3955 -0.6713 0.6268
vn 0.1296 -0.6828 0.7190
vn -0.1296 -0.6828 0.7190
vn -0.3955 -0.6713 0.6268
vn -0.1836 -0.7220 0.6671
vn -0.4052 -0.5023 0.7639
vn -0.1969 -0.7282 0.6565
vn 0.1969 -0.7282 0.6565
vn 0.4052 -0.5023 0.7639
vn 0.1836 -0.7220 0.6671
vn -0.5405 -0.6252 0.5630
vn -0.2523 -0.8413 0.4781
vn 0.2523 -0.8413 0.4781
vn 0.5405 -0.6252 0.5630
vn -0.6492 -0.2967 0.7004
vn -0.8000 -0.0014 0.6001
vn -0.7633 -0.3484 0.5440
vn 0.7633 -0.3484 0.5440
vn 0.8000 -0.0014 0.6001
vn 0.6492 -0.2967 0.7004
vn -0.6598 -0.2960 0.6907
vn -0.6302 -0.0009 0.7764
vn 0.6302 -0.0009 0.7764
vn 0.6598 -0.2960 0.6907
vn -0.6714 0.2897 0.6821
vn -0.4218 0.5061 0.7523
vn -0.6507 0.2916 0.7011
vn 0.6507 0.2916 0.7011
vn 0.4218 0.5061 0.7523
vn 0.6714 0.2897 0.6821
vn -0.5356 0.6101 0.5838
vn -0.7573 0.3433 0.5555
vn 0.7573 0.3433 0.5555
vn 0.5356 0.6101 0.5838
vn -0.1990 0.7251 0.6592
vn 0.0940 0.8361 0.5404
vn -0.2383 0.8189 0.5222
vn 0.2383 0.8189 0.5222
vn -0.0940 0.8361 0.5404
vn 0.1990 0.7251 0.6592
vn -0.2045 0.7422 0.6383
vn 0.1259 0.7045 0.6984
vn -0.1259 0.7045 0.6984
vn 0.2045 0.7421 0.6383
vn 0.4045 0.6910 0.5991
vn 0.6001 0.4629 0.6524
vn 0.3988 0.6835 0.6113
vn -0.3988 0.6835 0.6113
vn -0.6001 0.4629 0.6524
vn -0.4045 0.6910 0.5991
vn 0.6547 0.5526 0.5158
vn 0.4236 0.7601 0.4928
vn -0.4236 0.7601 0.4928
vn -0.6547 0.5526 0.5158
vn 0.7677 0.2648 0.5836
vn 0.8273 0.2938 0.4788
vn -0.8273 0.2938 0.4788
vn -0.7677 0.2648 0.5836
vn 0.7652 0.2519 0.5924
vn -0.7652 0.2519 0.5924
vn 0.8025 -0.0012 0.5967
vn 0.6357 0.4998 0.5883
vn 0.6010 0.1604 0.7830
vn -0.6010 0.1604 0.7830
vn -0.6357 0.4998 0.5883
vn -0.8025 -0.0012 0.5967
vn 0.1105 0.8020 0.5870
vn 0.3670 0.4690 0.8033
vn -0.3670 0.4690 0.8033
vn -0.1105 0.8020 0.5870
vn -0.5168 0.5744 0.6348
vn -0.0781 0.5138 0.8543
vn 0.0781 0.5138 0.8543
vn 0.5168 0.5744 0.6348
vn -0.7724 -0.0015 0.6352
vn -0.4353 0.1982 0.8782
vn 0.4353 0.1982 0.8782
vn 0.7724 -0.0015 0.6352
vn -0.5026 -0.5846 0.6369
vn -0.4365 -0.2107 0.8747
vn 0.4365 -0.2107 0.8747
vn 0.5026 -0.5846 0.6369
vn 0.1125 -0.7973 0.5930
vn -0.0801 -0.5340 0.8417
vn 0.0801 -0.5340 0.8417
vn -0.1125 -0.7973 0.5930
vn 0.6247 -0.5074 0.5936
vn 0.3654 -0.4888 0.7922
vn -0.3654 -0.4888 0.7922
vn -0.6247 -0.5074 0.5936
vn 0.6016 -0.1709 0.7803
vn -0.6016 -0.1709 0.7803
vn 0.3860 -0.0006 0.9225
vn 0.3423 -0.1196 0.9320
vn -0.3860 -0.0006 0.9225
vn -0.3423 -0.1196 0.9320
vn 0.1999 -0.1878 0.9616
vn -0.1999 -0.1878 0.9616
vn 0.0196 -0.1215 0.9924
vn -0.0196 -0.1215 0.9924
vn -0.0521 -0.0004 0.9986
vn 0.0521 -0.0004 0.9986
vn 0.0203 0.1143 0.9932
vn -0.0203 0.1143 0.9932
vn 0.2005 0.1764 0.9637
vn -0.2005 0.1764 0.9637
vn 0.3420 0.1127 0.9329
vn -0.3420 0.1127 0.9329
vn 0.0889 -0.9907 0.1034
vn 0.1708 -0.9014 0.3979
vn 0.0869 -0.8024 0.5905
vn -0.0000 -0.9138 0.4062
vn -0.0869 -0.8024 0.5905
vn -0.1708 -0.9014 0.3979
vn -0.0889 -0.9907 0.1034
vn 0.2914 -0.9540 0.0699
vn 0.5078 -0.7001 0.5019
vn 0.2670 -0.6973 0.6651
vn -0.2670 -0.6973 0.6651
vn -0.5078 -0.7001 0.5019
vn -0.2914 -0.9540 0.0699
vn 0.9178 -0.3818 0.1086
vn 0.8093 -0.1806 0.5590
vn 0.4987 -0.3591 0.7889
vn -0.4987 -0.3591 0.7889
vn -0.8093 -0.1806 0.5590
vn -0.9178 -0.3818 0.1086
vn 0.9917 0.0635 0.1117
vn 0.8400 0.0486 0.5404
vn 0.5915 -0.0920 0.8011
vn -0.5915 -0.0920 0.8011
vn -0.8400 0.0486 0.5404
vn -0.9917 0.0635 0.1117
vn 0.9809 0.1493 0.1247
vn 0.8415 0.1616 0.5156
vn 0.6097 0.0403 0.7916
vn -0.6097 0.0403 0.7916
vn -0.8415 0.1616 0.5156
vn -0.9809 0.1493 0.1247
vn 0.6162 -0.5795 0.5333
vn 0.3667 -0.8918 0.2651
vn 0.3812 -0.7537 0.5354
vn 0.3816 -0.4921 0.7824
vn -0.3816 -0.4921 0.7824
vn -0.3812 -0.7537 0.5354
vn -0.3667 -0.8918 0.2651
vn -0.6162 -0.5795 0.5333
vn 0.4825 -0.8437 0.2354
vn 0.5783 -0.6068 0.5454
vn 0.4249 -0.5417 0.7253
vn -0.4249 -0.5417 0.7253
vn -0.5783 -0.6068 0.5454
vn -0.4825 -0.8437 0.2354
vn 0.7560 -0.6275 0.1862
vn 0.7432 -0.3952 0.5399
vn 0.5737 -0.3793 0.7260
vn -0.5737 -0.3793 0.7260
vn -0.7432 -0.3952 0.5399
vn -0.7560 -0.6275 0.1862
vn 0.9701 -0.1578 0.1842
vn 0.7746 -0.0353 0.6315
vn 0.5569 -0.3031 0.7733
vn -0.5569 -0.3031 0.7733
vn -0.7746 -0.0353 0.6315
vn -0.9701 -0.1578 0.1842
vn 0.7060 0.6714 0.2253
vn 0.5433 0.5353 0.6468
vn 0.4520 -0.1101 0.8852
vn -0.4520 -0.1101 0.8852
vn -0.5433 0.5353 0.6468
vn -0.7060 0.6714 0.2253
vn 0.5165 0.8429 0.1508
vn 0.5411 0.5660 0.6220
vn 0.3322 0.0550 0.9416
vn -0.3322 0.0550 0.9416
vn -0.5411 0.5660 0.6220
vn -0.5165 0.8429 0.1508
vn 0.5561 0.8152 0.1619
vn 0.3163 0.6479 0.6930
vn 0.3127 0.0870 0.9459
vn -0.3127 0.0870 0.9459
vn -0.3163 0.6479 0.6930
vn -0.5561 0.8152 0.1619
vn -0.2067 0.9604 0.1870
vn -0.4537 0.5352 0.7126
vn 0.1039 0.1391 0.9848
vn -0.1039 0.1391 0.9848
vn 0.4537 0.5352 0.7126
vn 0.2067 0.9604 0.1870
vn -0.8380 0.5355 0.1052
vn -0.6598 0.4196 0.6234
vn -0.1248 0.0561 0.9906
vn 0.1248 0.0561 0.9906
vn 0.6598 0.4196 0.6234
vn 0.8380 0.5355 0.1052
vn -0.5933 0.7828 0.1877
vn -0.0000 0.6400 0.7683
vn -0.1289 0.0505 0.9904
vn 0.1289 0.0505 0.9904
vn 0.5933 0.7828 0.1877
vn 0.2605 -0.2463 0.9335
vn 0.3032 -0.2294 0.9249
vn 0.2634 -0.2497 0.9318
vn -0.2634 -0.2497 0.9318
vn -0.3032 -0.2294 0.9249
vn -0.2605 -0.2463 0.9335
vn 0.2060 -0.2672 0.9414
vn 0.1474 -0.2820 0.9480
vn -0.1474 -0.2820 0.9480
vn -0.2060 -0.2672 0.9414
vn 0.1203 -0.2244 0.9671
vn 0.1107 -0.3212 0.9405
vn -0.1107 -0.3212 0.9405
vn -0.1203 -0.2244 0.9671
vn 0.1893 -0.2724 0.9434
vn 0.1362 -0.3764 0.9164
vn -0.1362 -0.3764 0.9164
vn -0.1893 -0.2724 0.9434
vn 0.1918 -0.2551 0.9477
vn 0.3021 -0.2814 0.9108
vn -0.3021 -0.2814 0.9108
vn -0.1918 -0.2551 0.9477
vn 0.3805 -0.1588 0.9110
vn 0.4687 -0.2509 0.8470
vn -0.4687 -0.2509 0.8470
vn -0.3805 -0.1588 0.9110
vn 0.4639 -0.2835 0.8393
vn 0.4396 -0.3626 0.8217
vn -0.4396 -0.3626 0.8217
vn -0.4639 -0.2835 0.8393
vn 0.3664 -0.4229 0.8288
vn 0.3418 -0.3644 0.8663
vn -0.3418 -0.3644 0.8663
vn -0.3664 -0.4229 0.8288
vn 0.2110 -0.2489 0.9453
vn 0.1744 -0.0597 0.9829
vn -0.1744 -0.0597 0.9829
vn -0.2110 -0.2489 0.9453
vn -0.0411 -0.0565 0.9976
vn -0.0556 0.0047 0.9984
vn -0.0576 0.0335 0.9978
vn 0.0576 0.0335 0.9978
vn 0.0556 0.0047 0.9984
vn 0.0411 -0.0565 0.9976
vn 0.2152 -0.1926 0.9574
vn 0.1354 -0.2253 0.9648
vn -0.1354 -0.2253 0.9648
vn -0.2152 -0.1926 0.9574
vn 0.0330 -0.1528 0.9877
vn -0.0000 -0.2467 0.9691
vn 0.0274 -0.2038 0.9786
vn -0.0274 -0.2038 0.9786
vn -0.0330 -0.1528 0.9877
vn -0.0000 -0.1195 0.9928
vn -0.0996 -0.1399 0.9851
vn 0.0996 -0.1399 0.9851
vn 0.1423 -0.6644 0.7338
vn 0.0325 -0.5455 0.8375
vn -0.0000 -0.7205 0.6934
vn -0.0325 -0.5455 0.8375
vn -0.1423 -0.6644 0.7338
vn 0.3233 -0.4195 0.8482
vn 0.1522 -0.4518 0.8790
vn -0.1522 -0.4518 0.8790
vn -0.3233 -0.4195 0.8482
vn 0.3818 -0.1849 0.9055
vn 0.2593 -0.2280 0.9385
vn -0.2593 -0.2280 0.9385
vn -0.3818 -0.1849 0.9055
vn 0.3915 0.0195 0.9200
vn 0.1951 -0.0344 0.9802
vn 0.3858 -0.0400 0.9217
vn -0.3858 -0.0400 0.9217
vn -0.1951 -0.0344 0.9802
vn -0.3915 0.0195 0.9200
vn 0.2176 -0.0831 0.9725
vn -0.2176 -0.0831 0.9725
vn 0.2124 -0.0253 0.9768
vn 0.1287 -0.2665 0.9552
vn -0.0000 -0.0355 0.9994
vn 0.0664 -0.0216 0.9976
vn -0.0664 -0.0215 0.9976
vn -0.1287 -0.2665 0.9552
vn -0.2124 -0.0253 0.9768
vn 0.0711 -0.0512 0.9962
vn -0.0000 -0.0479 0.9989
vn -0.0711 -0.0512 0.9962
vn -0.0000 -0.0599 0.9982
vn 0.0711 -0.1732 0.9823
vn -0.0711 -0.1732 0.9823
vn 0.6547 -0.2892 0.6984
vn 0.9770 -0.1030 0.1865
vn 0.7615 -0.5428 0.3543
vn 0.5048 -0.6264 0.5940
vn -0.5048 -0.6264 0.5940
vn -0.7615 -0.5428 0.3543
vn -0.9770 -0.1030 0.1865
vn -0.6547 -0.2892 0.6984
vn 0.7388 0.1334 0.6605
vn 0.6895 0.7131 0.1267
vn 0.9311 0.3098 0.1926
vn -0.9311 0.3098 0.1926
vn -0.6895 0.7131 0.1267
vn -0.7388 0.1334 0.6605
vn -0.0651 0.2901 0.9548
vn -0.3029 0.7439 0.5957
vn 0.1854 0.9700 0.1570
vn -0.1854 0.9700 0.1570
vn 0.3029 0.7439 0.5957
vn 0.0651 0.2901 0.9548
vn -0.0000 0.5499 0.8353
vn -0.0000 0.9306 0.3662
vn -0.5225 0.7921 0.3156
vn 0.5225 0.7921 0.3156
vn -0.0000 -0.6613 0.7501
vn 0.2777 -0.7801 0.5606
vn -0.2777 -0.7801 0.5606
vn -0.0000 -0.6694 0.7429
vn 0.3632 -0.6629 0.6547
vn 0.1148 -0.5011 0.8577
vn -0.1148 -0.5011 0.8577
vn -0.3632 -0.6629 0.6547
vn -0.0000 0.7126 0.7016
vn -0.1294 0.3885 0.9123
vn -0.2444 0.7781 0.5787
vn 0.2444 0.7781 0.5787
vn 0.1294 0.3885 0.9123
vn 0.0982 0.4994 0.8608
vn 0.5604 0.6124 0.5576
vn -0.5604 0.6124 0.5576
vn -0.0982 0.4994 0.8608
vn 0.3457 0.1885 0.9192
vn 0.7218 -0.1403 0.6777
vn -0.7218 -0.1403 0.6777
vn -0.3457 0.1885 0.9192
vn 0.2440 -0.4010 0.8830
vn -0.2440 -0.4010 0.8830
vn 0.0480 -0.0437 0.9979
vn -0.0480 -0.0437 0.9979
vn -0.0000 -0.2707 0.9627
vn -0.0000 0.0134 0.9999
vn 0.0883 -0.0878 0.9922
vn -0.0883 -0.0878 0.9922
vn 0.6963 -0.1051 0.7100
vn 0.7309 -0.1703 0.6609
vn -0.7309 -0.1703 0.6609
vn -0.6963 -0.1051 0.7100
vn 0.5143 -0.0322 0.8570
vn 0.7974 0.0689 0.5994
vn -0.7974 0.0689 0.5994
vn -0.5143 -0.0322 0.8570
vn 0.6706 0.1267 0.7309
vn -0.6706 0.1267 0.7309
vn 0.9489 0.2705 0.1626
vn 0.8671 0.2461 0.4331
vn -0.8671 0.2461 0.4331
vn -0.9489 0.2705 0.1626
vn 0.9434 0.2657 0.1984
vn 0.9223 0.1235 0.3662
vn -0.9223 0.1235 0.3662
vn -0.9434 0.2657 0.1984
vn 0.9355 -0.2286 0.2695
vn -0.9355 -0.2286 0.2695
vn -0.0621 -0.4239 0.9036
vn -0.0000 -0.6728 0.7398
vn 0.0337 -0.9268 0.3740
vn -0.0337 -0.9268 0.3740
vn 0.0621 -0.4239 0.9036
vn -0.2459 -0.1700 0.9543
vn -0.8263 -0.3036 0.4744
vn 0.8263 -0.3036 0.4744
vn 0.2459 -0.1700 0.9543
vn -0.2114 -0.0057 0.9774
vn -0.6929 0.4401 0.5711
vn 0.6929 0.4401 0.5711
vn 0.2114 -0.0057 0.9774
vn -0.0000 0.1376 0.9905
vn -0.2098 0.7622 0.6124
vn 0.2098 0.7622 0.6124
vn -0.0000 0.7795 0.6264
vn -0.4427 0.7322 0.5176
vn -0.1123 0.3328 0.9363
vn 0.1123 0.3328 0.9363
vn 0.4427 0.7322 0.5176
vn -0.9314 0.2981 0.2087
vn -0.5804 0.3746 0.7230
vn 0.5804 0.3746 0.7230
vn 0.9314 0.2981 0.2087
vn -0.4126 -0.8382 0.3566
vn -0.7396 -0.3064 0.5992
vn 0.7396 -0.3064 0.5992
vn 0.4126 -0.8382 0.3566
vn -0.0000 -0.9151 0.4033
vn 0.0496 -0.7021 0.7104
vn -0.0496 -0.7021 0.7104
vn -0.0000 -0.2692 0.9631
vn -0.0551 -0.2685 0.9617
vn 0.0551 -0.2685 0.9617
vn -0.1343 -0.1149 0.9843
vn -0.2024 -0.1620 0.9658
vn 0.1121 -0.0372 0.9930
vn -0.1121 -0.0372 0.9930
vn 0.2024 -0.1620 0.9658
vn 0.1343 -0.1149 0.9843
vn 0.0075 -0.0674 0.9977
vn 0.1743 -0.0620 0.9827
vn -0.1743 -0.0620 0.9827
vn -0.0075 -0.0674 0.9977
vn 0.1248 -0.0612 0.9903
vn 0.1715 -0.0910 0.9810
vn -0.1715 -0.0910 0.9810
vn -0.1248 -0.0611 0.9903
vn -0.0246 -0.3585 0.9332
vn -0.0102 -0.0938 0.9955
vn 0.0102 -0.0938 0.9955
vn 0.0246 -0.3585 0.9332
vn 0.2096 -0.4968 0.8422
vn 0.1340 -0.2773 0.9514
vn -0.1340 -0.2773 0.9514
vn -0.2096 -0.4968 0.8422
vn 0.4586 -0.3994 0.7938
vn 0.3109 -0.2559 0.9153
vn -0.3109 -0.2559 0.9153
vn -0.4586 -0.3994 0.7938
vn 0.4636 -0.1858 0.8664
vn 0.3540 -0.0916 0.9307
vn -0.3540 -0.0916 0.9307
vn -0.4636 -0.1858 0.8664
vn 0.3706 -0.0759 0.9257
vn 0.2599 -0.0545 0.9641
vn -0.2599 -0.0545 0.9641
vn -0.3706 -0.0759 0.9257
vn 0.3488 -0.0572 0.9354
vn 0.2626 -0.1035 0.9593
vn -0.2626 -0.1035 0.9593
vn -0.3488 -0.0572 0.9354
vn 0.3270 0.1793 0.9279
vn 0.3645 -0.0523 0.9297
vn -0.3645 -0.0523 0.9297
vn -0.3270 0.1793 0.9279
vn 0.1467 0.0377 0.9885
vn 0.1639 0.1469 0.9755
vn -0.1639 0.1469 0.9755
vn -0.1467 0.0377 0.9885
vn 0.1780 -0.0235 0.9838
vn 0.1497 0.0800 0.9855
vn -0.1497 0.0800 0.9855
vn -0.1780 -0.0235 0.9838
vn 0.1327 -0.0263 0.9908
vn -0.1327 -0.0263 0.9908
vn 0.2052 -0.1682 0.9642
vn 0.3610 -0.2844 0.8882
vn 0.3140 -0.3812 0.8695
vn -0.3140 -0.3812 0.8695
vn -0.3610 -0.2844 0.8882
vn -0.2052 -0.1682 0.9642
vn 0.0725 -0.2089 0.9753
vn 0.1852 -0.2948 0.9374
vn -0.1852 -0.2948 0.9374
vn -0.0725 -0.2089 0.9753
vn 0.0875 -0.4751 0.8755
vn -0.0445 -0.6076 0.7930
vn 0.0445 -0.6076 0.7930
vn -0.0875 -0.4751 0.8755
vn 0.0453 -0.5047 0.8621
vn -0.0427 -0.7571 0.6519
vn 0.0427 -0.7571 0.6519
vn -0.0453 -0.5047 0.8621
vn -0.1305 -0.1099 0.9853
vn -0.2433 -0.3930 0.8867
vn 0.2433 -0.3930 0.8867
vn 0.1305 -0.1099 0.9853
vn -0.0221 0.1712 0.9850
vn -0.2843 0.0889 0.9546
vn 0.2843 0.0889 0.9546
vn 0.0221 0.1712 0.9850
vn 0.0960 0.2812 0.9548
vn -0.1214 0.4045 0.9064
vn 0.1214 0.4045 0.9064
vn -0.0960 0.2811 0.9549
vn 0.2387 0.2715 0.9324
vn 0.0457 0.5515 0.8329
vn -0.0457 0.5515 0.8329
vn -0.2387 0.2715 0.9324
vn 0.3075 0.3145 0.8981
vn 0.3130 0.5501 0.7742
vn -0.3130 0.5501 0.7742
vn -0.3075 0.3145 0.8981
vn 0.4829 0.2547 0.8378
vn 0.4884 0.4865 0.7244
vn -0.4884 0.4865 0.7244
vn -0.4829 0.2547 0.8378
vn 0.5676 -0.1781 0.8038
vn 0.6071 -0.3407 0.7179
vn -0.6071 -0.3407 0.7179
vn -0.5676 -0.1781 0.8038
vn 0.6256 0.0003 0.7801
vn 0.7708 -0.1055 0.6283
vn -0.7708 -0.1055 0.6283
vn -0.6256 0.0003 0.7801
vn 0.7394 0.1429 0.6579
vn -0.7394 0.1429 0.6579
vn -0.0000 0.9963 0.0863
vn -0.7257 0.6447 -0.2401
vn -0.3460 0.8915 0.2924
vn 0.3460 0.8915 0.2924
vn 0.7257 0.6447 -0.2401
vn -0.6350 0.6713 -0.3823
vn -0.5097 0.4303 -0.7450
vn 0.5097 0.4303 -0.7450
vn 0.6350 0.6713 -0.3823
vn 0.2102 0.9052 -0.3695
vn -0.2361 0.5783 -0.7809
vn 0.2361 0.5783 -0.7809
vn -0.2102 0.9052 -0.3695
vn 0.4165 0.8526 -0.3156
vn 0.1022 0.6001 -0.7934
vn -0.1022 0.6001 -0.7934
vn -0.4165 0.8526 -0.3156
vn 0.4139 0.8985 -0.1461
vn 0.3007 0.9204 -0.2498
vn -0.3007 0.9204 -0.2498
vn -0.4139 0.8985 -0.1461
vn 0.8890 0.4217 -0.1784
vn 0.5616 0.8020 -0.2036
vn -0.5616 0.8020 -0.2036
vn -0.8890 0.4217 -0.1784
vn 0.9134 -0.3968 -0.0909
vn 0.9894 0.0550 -0.1342
vn -0.9894 0.0550 -0.1342
vn -0.9134 -0.3968 -0.0909
vn 0.6054 -0.7957 -0.0192
vn 0.7936 -0.6072 0.0392
vn -0.7936 -0.6072 0.0392
vn -0.6054 -0.7957 -0.0192
vn 0.3718 -0.9280 0.0225
vn 0.5072 -0.8583 0.0772
vn -0.5072 -0.8583 0.0772
vn -0.3718 -0.9280 0.0225
vn 0.1926 -0.2631 -0.9453
vn -0.0000 -0.5021 -0.8648
vn 0.2944 -0.7672 -0.5698
vn 0.4963 -0.4353 -0.7511
vn -0.4963 -0.4353 -0.7511
vn -0.2944 -0.7672 -0.5698
vn -0.1926 -0.2631 -0.9453
vn 0.1092 -0.2576 -0.9600
vn -0.0000 -0.1870 -0.9824
vn 0.2325 -0.1211 -0.9650
vn -0.2325 -0.1211 -0.9650
vn -0.1092 -0.2576 -0.9600
vn 0.0496 -0.7371 -0.6740
vn -0.0000 -0.4941 -0.8694
vn 0.0762 -0.3784 -0.9225
vn -0.0762 -0.3784 -0.9225
vn -0.0496 -0.7371 -0.6740
vn 0.1082 -0.9353 -0.3368
vn -0.0000 -0.9635 -0.2677
vn -0.1082 -0.9353 -0.3368
vn 0.6110 -0.6766 -0.4110
vn 0.1463 -0.6107 -0.7782
vn -0.1463 -0.6107 -0.7782
vn -0.6110 -0.6766 -0.4110
vn 0.9282 0.0533 -0.3683
vn 0.5538 -0.1552 -0.8181
vn -0.5538 -0.1552 -0.8181
vn -0.9282 0.0533 -0.3683
vn 0.9377 0.1355 -0.3199
vn 0.6836 0.0826 -0.7251
vn -0.6836 0.0826 -0.7251
vn -0.9377 0.1355 -0.3199
vn 0.2689 -0.0825 -0.9596
vn 0.5331 -0.1024 -0.8398
vn -0.5331 -0.1024 -0.8398
vn -0.2689 -0.0825 -0.9596
vn 0.8595 -0.2937 -0.4183
vn 0.8463 0.0229 -0.5322
vn -0.8463 0.0229 -0.5322
vn -0.8595 -0.2937 -0.4183
vn 0.9625 0.1779 -0.2049
vn -0.9625 0.1779 -0.2049
vn 0.9933 0.1126 0.0252
vn 0.8822 -0.3677 0.2940
vn 0.9551 0.0714 0.2875
vn -0.9551 0.0714 0.2875
vn -0.8822 -0.3677 0.2940
vn -0.9933 0.1126 0.0252
vn 0.9804 -0.0901 -0.1750
vn -0.9804 -0.0901 -0.1750
vn 0.5870 -0.8005 0.1205
vn 0.7439 -0.5114 0.4303
vn -0.7439 -0.5114 0.4303
vn -0.5870 -0.8005 0.1205
vn 0.4025 -0.8981 0.1770
vn -0.4025 -0.8981 0.1770
vn -0.0000 -0.4986 -0.8668
vn 0.2551 -0.2597 -0.9314
vn 0.4002 -0.5020 -0.7667
vn 0.2495 -0.7124 -0.6560
vn -0.2495 -0.7124 -0.6560
vn -0.4002 -0.5020 -0.7667
vn -0.2551 -0.2597 -0.9314
vn -0.0000 -0.8683 -0.4960
vn 0.4522 -0.8002 -0.3940
vn 0.2514 -0.9231 -0.2910
vn -0.2514 -0.9231 -0.2910
vn -0.4522 -0.8002 -0.3940
vn -0.0000 -0.9791 -0.2034
vn 0.5011 -0.8603 -0.0942
vn 0.3038 -0.9408 -0.1506
vn -0.3038 -0.9408 -0.1506
vn -0.5011 -0.8603 -0.0942
vn -0.0000 -0.9479 -0.3185
vn 0.6461 -0.7417 -0.1798
vn -0.6461 -0.7417 -0.1798
vn 0.7903 -0.6097 0.0611
vn -0.7903 -0.6097 0.0611
vn 0.9639 -0.2439 0.1066
vn 0.6688 -0.7228 0.1740
vn 0.8885 -0.4392 0.1331
vn -0.8885 -0.4392 0.1331
vn -0.6688 -0.7228 0.1740
vn -0.9639 -0.2439 0.1066
vn -0.0000 0.0119 -0.9999
vn 0.2646 0.2940 -0.9185
vn 0.4080 -0.0727 -0.9101
vn -0.4080 -0.0727 -0.9101
vn -0.2646 0.2940 -0.9185
vn -0.0000 0.9596 0.2813
vn 0.1777 0.8131 0.5543
vn 0.3707 0.8884 0.2707
vn 0.1387 0.9903 0.0114
vn -0.1387 0.9903 0.0114
vn -0.3707 0.8884 0.2707
vn -0.1777 0.8131 0.5543
vn -0.0000 0.9667 -0.2561
vn 0.3302 0.9065 -0.2629
vn 0.1957 0.8175 -0.5416
vn -0.1957 0.8175 -0.5416
vn -0.3302 0.9065 -0.2629
vn -0.0000 0.6208 -0.7839
vn 0.3861 0.5223 -0.7604
vn -0.3861 0.5223 -0.7604
vn 0.4599 0.8858 0.0625
vn 0.8574 0.5139 -0.0262
vn 0.6358 0.7047 0.3149
vn -0.6358 0.7047 0.3149
vn -0.8574 0.5139 -0.0262
vn -0.4599 0.8858 0.0625
vn 0.5841 0.6305 0.5112
vn 0.8376 0.4183 0.3514
vn 0.6814 0.6273 0.3771
vn -0.6814 0.6273 0.3771
vn -0.8376 0.4183 0.3514
vn -0.5841 0.6305 0.5112
vn 0.6636 0.7255 0.1825
vn 0.8852 0.4530 0.1060
vn 0.7643 0.6437 -0.0389
vn -0.7643 0.6437 -0.0389
vn -0.8852 0.4530 0.1060
vn -0.6636 0.7255 0.1825
vn 0.6412 0.7086 -0.2946
vn 0.8998 0.3810 -0.2126
vn 0.7302 0.4453 -0.5182
vn -0.7302 0.4453 -0.5182
vn -0.8998 0.3810 -0.2126
vn -0.6412 0.7086 -0.2946
vn 0.8444 0.1804 -0.5044
vn 0.6473 -0.0287 -0.7617
vn 0.5770 0.3130 -0.7544
vn -0.5770 0.3130 -0.7544
vn -0.6473 -0.0287 -0.7617
vn -0.8444 0.1804 -0.5044
vn 0.4998 0.1334 -0.8558
vn 0.4799 0.6679 -0.5688
vn -0.4799 0.6679 -0.5688
vn -0.4998 0.1334 -0.8558
vn 0.5500 0.8350 -0.0136
vn -0.5500 0.8350 -0.0136
vn 0.5880 0.6753 0.4452
vn -0.5880 0.6753 0.4452
vn 0.4033 0.6517 0.6423
vn 0.4996 0.7462 0.4400
vn -0.4996 0.7462 0.4400
vn -0.4033 0.6517 0.6423
vn 0.1916 0.9760 0.1032
vn -0.1916 0.9760 0.1032
vn -0.0000 0.7033 0.7109
vn 0.1717 0.7236 0.6685
vn -0.1717 0.7236 0.6685
vn -0.1949 0.8115 -0.5509
vn 0.1949 0.8115 -0.5509
vn -0.0872 0.8147 0.5733
vn 0.0872 0.8147 0.5733
vn -0.0000 0.6394 0.7689
vn 0.9754 0.1402 0.1702
vn -0.9754 0.1402 0.1702
vn 0.9905 -0.1123 0.0793
vn 0.9737 0.1750 0.1455
vn -0.9737 0.1750 0.1455
vn -0.9905 -0.1123 0.0793
vn 0.9973 0.0642 0.0368
vn 0.9659 0.2438 -0.0870
vn -0.9659 0.2438 -0.0870
vn -0.9973 0.0642 0.0368
vn 0.6933 0.5788 -0.4293
vn -0.6933 0.5788 -0.4293
vn 0.6531 -0.7525 0.0851
vn 0.5810 -0.7954 -0.1724
vn 0.5495 -0.8354 0.0096
vn -0.5495 -0.8354 0.0096
vn -0.5810 -0.7954 -0.1724
vn -0.6531 -0.7525 0.0851
vn 0.5178 -0.8478 0.1146
vn 0.5175 -0.8421 0.1522
vn 0.3757 -0.9118 -0.1657
vn -0.3757 -0.9118 -0.1657
vn -0.5175 -0.8421 0.1522
vn -0.5178 -0.8478 0.1146
vn 0.5299 -0.8242 0.2000
vn -0.5299 -0.8242 0.2000
vn 0.5553 -0.7280 0.4021
vn 0.6916 -0.6948 0.1975
vn -0.6916 -0.6948 0.1975
vn -0.5553 -0.7280 0.4021
vn 0.5194 -0.2753 -0.8090
vn 0.4432 -0.6005 -0.6656
vn 0.5558 -0.2672 -0.7872
vn -0.5558 -0.2672 -0.7872
vn -0.4432 -0.6005 -0.6656
vn -0.5194 -0.2753 -0.8090
vn 0.5185 -0.3626 -0.7743
vn -0.5185 -0.3626 -0.7743
vn 0.1396 -0.8795 -0.4550
vn 0.5435 -0.7484 -0.3802
vn -0.5435 -0.7484 -0.3802
vn -0.1396 -0.8795 -0.4550
vn 0.5707 -0.6342 -0.5216
vn -0.5707 -0.6342 -0.5216
vn 0.2844 0.5417 0.7910
vn -0.3187 0.9294 0.1862
vn 0.0489 0.5321 0.8453
vn 0.5638 -0.1233 0.8167
vn -0.5638 -0.1233 0.8167
vn -0.0489 0.5321 0.8453
vn 0.3187 0.9294 0.1862
vn -0.2844 0.5417 0.7910
vn 0.0756 0.9797 0.1859
vn 0.4613 -0.2319 0.8564
vn 0.4307 0.3388 0.8365
vn -0.4307 0.3388 0.8365
vn -0.4613 -0.2319 0.8564
vn -0.0756 0.9797 0.1859
vn 0.7339 0.4879 0.4726
vn 0.0465 -0.1638 0.9854
vn 0.3748 0.0130 0.9270
vn -0.3748 0.0130 0.9270
vn -0.0465 -0.1638 0.9854
vn -0.7339 0.4879 0.4726
vn 0.7641 -0.2042 0.6120
vn -0.1901 0.1090 0.9757
vn 0.4450 -0.1314 0.8859
vn -0.4450 -0.1314 0.8859
vn 0.1901 0.1090 0.9757
vn -0.7641 -0.2042 0.6120
vn 0.6075 -0.7262 0.3219
vn 0.1960 0.4191 0.8865
vn 0.5852 -0.3889 0.7116
vn -0.5852 -0.3889 0.7116
vn -0.1960 0.4191 0.8865
vn -0.6075 -0.7262 0.3219
vn 0.2692 -0.9441 0.1903
vn 0.5229 0.1853 0.8320
vn 0.2805 -0.4555 0.8449
vn -0.2805 -0.4555 0.8449
vn -0.5229 0.1853 0.8320
vn -0.2692 -0.9441 0.1903
vn 0.1151 0.7890 0.6035
vn 0.1164 0.9080 0.4024
vn 0.2840 0.7138 0.6402
vn -0.2840 0.7138 0.6402
vn -0.1164 0.9080 0.4024
vn -0.1151 0.7890 0.6035
vn -0.5723 0.6138 0.5438
vn -0.4505 0.8595 0.2414
vn 0.4505 0.8595 0.2414
vn 0.5723 0.6138 0.5438
vn -0.6953 -0.0864 0.7135
vn -0.9450 0.3152 0.0871
vn 0.9450 0.3152 0.0871
vn 0.6953 -0.0864 0.7135
vn 0.1007 -0.5302 0.8419
vn -0.6796 -0.5173 0.5201
vn 0.6796 -0.5173 0.5201
vn -0.1007 -0.5302 0.8419
vn 0.5569 -0.4946 0.6673
vn 0.3339 -0.6988 0.6326
vn -0.3339 -0.6988 0.6326
vn -0.5569 -0.4946 0.6673
vn 0.6457 -0.3977 0.6518
vn 0.6353 -0.5621 0.5295
vn -0.6353 -0.5621 0.5295
vn -0.6457 -0.3977 0.6518
vn 0.8400 -0.5400 0.0528
vn 0.4702 -0.6997 0.5379
vn 0.9063 -0.4008 0.1342
vn -0.9063 -0.4008 0.1342
vn -0.4702 -0.6997 0.5379
vn -0.8400 -0.5400 0.0528
vn -0.0479 -0.9738 0.2224
vn 0.2647 0.4101 0.8728
vn -0.2647 0.4101 0.8728
vn 0.0479 -0.9738 0.2224
vn 0.9461 -0.3200 -0.0499
vn -0.9461 -0.3200 -0.0499
vn -0.1732 0.9535 0.2465
vn 0.8413 0.0795 0.5347
vn 0.5289 -0.1788 0.8296
vn -0.5289 -0.1788 0.8296
vn -0.8413 0.0795 0.5347
vn 0.1732 0.9535 0.2465
vn 0.1337 0.9365 0.3243
vn 0.5017 0.6236 0.5995
vn -0.5017 0.6236 0.5995
vn -0.1337 0.9365 0.3243
vn 0.7686 0.1973 0.6086
vn 0.7458 0.1408 0.6511
vn 0.8810 0.0292 0.4722
vn -0.8810 0.0292 0.4721
vn -0.7458 0.1408 0.6511
vn -0.7686 0.1973 0.6086
vn 0.6943 0.5129 0.5049
vn 0.9224 -0.0194 0.3858
vn 0.6969 0.3399 0.6315
vn -0.6969 0.3399 0.6315
vn -0.9224 -0.0194 0.3858
vn -0.6943 0.5129 0.5049
vn 0.8222 -0.4906 0.2886
vn 0.7948 -0.4662 0.3885
vn 0.9205 -0.3672 0.1335
vn -0.9205 -0.3672 0.1335
vn -0.7948 -0.4662 0.3885
vn -0.8222 -0.4906 0.2886
vn 0.6500 -0.4103 0.6397
vn 0.8493 -0.3396 0.4042
vn 0.6992 -0.5271 0.4831
vn -0.6992 -0.5271 0.4831
vn -0.8493 -0.3396 0.4042
vn -0.6500 -0.4103 0.6397
vn 0.6852 -0.5036 0.5263
vn -0.6852 -0.5036 0.5263
vn 0.9558 -0.2884 0.0574
vn -0.9558 -0.2884 0.0574
vn 0.9436 -0.3308 0.0104
vn -0.9436 -0.3308 0.0104
vn 0.6788 -0.5033 0.5347
vn 0.6863 -0.5212 0.5073
vn 0.5968 -0.3219 0.7349
vn -0.5968 -0.3219 0.7349
vn -0.6863 -0.5212 0.5073
vn -0.6788 -0.5033 0.5347
vn 0.6717 -0.5709 0.4721
vn 0.5174 -0.3778 0.7678
vn -0.5174 -0.3778 0.7678
vn -0.6717 -0.5709 0.4721
vn 0.8717 -0.0322 0.4890
vn 0.4998 -0.3344 0.7990
vn -0.4998 -0.3344 0.7990
vn -0.8717 -0.0322 0.4890
vn 0.5956 0.5678 0.5682
vn 0.4452 0.3038 0.8423
vn -0.4452 0.3038 0.8423
vn -0.5956 0.5678 0.5682
vn 0.7697 -0.0146 0.6382
vn 0.4712 0.2155 0.8553
vn -0.4712 0.2155 0.8553
vn -0.7697 -0.0146 0.6382
vn 0.4584 0.7549 0.4690
vn 0.3485 0.3618 0.8647
vn -0.3485 0.3618 0.8647
vn -0.4584 0.7549 0.4689
vn 0.0740 0.9218 0.3806
vn -0.0670 0.8325 0.5499
vn 0.0670 0.8325 0.5499
vn -0.0740 0.9218 0.3806
vn 0.5230 -0.5887 0.6164
vn 0.5828 -0.2013 0.7873
vn -0.5828 -0.2013 0.7873
vn -0.5230 -0.5887 0.6164
vn -0.1027 -0.6680 0.7371
vn 0.4032 -0.2088 0.8909
vn -0.4032 -0.2088 0.8909
vn 0.1027 -0.6680 0.7371
vn -0.7658 -0.0395 0.6418
vn 0.1756 -0.0386 0.9837
vn -0.1756 -0.0386 0.9837
vn 0.7658 -0.0395 0.6418
vn -0.5241 0.5807 0.6229
vn 0.1997 0.0225 0.9796
vn -0.1997 0.0225 0.9796
vn 0.5241 0.5807 0.6229
vn 0.0218 0.8514 0.5241
vn 0.3012 0.2151 0.9290
vn -0.3012 0.2151 0.9290
vn -0.0218 0.8514 0.5241
vn 0.4030 0.5006 0.7661
vn -0.4030 0.5006 0.7661
vn 0.2169 0.0905 0.9720
vn 0.1387 0.2465 0.9592
vn 0.2325 0.0869 0.9687
vn -0.2325 0.0869 0.9687
vn -0.1387 0.2465 0.9592
vn -0.2169 0.0905 0.9720
vn 0.2915 -0.0103 0.9565
vn 0.4082 0.0763 0.9097
vn 0.3771 -0.0051 0.9262
vn -0.3771 -0.0051 0.9262
vn -0.4082 0.0763 0.9097
vn -0.2915 -0.0103 0.9565
vn 0.3615 -0.0148 0.9322
vn 0.4244 -0.0969 0.9003
vn 0.3396 -0.0436 0.9396
vn -0.3396 -0.0436 0.9396
vn -0.4244 -0.0969 0.9003
vn -0.3615 -0.0148 0.9322
vn 0.3433 0.1473 0.9276
vn 0.4274 -0.1097 0.8974
vn 0.4354 0.1345 0.8901
vn -0.4354 0.1345 0.8901
vn -0.4274 -0.1097 0.8974
vn -0.3433 0.1473 0.9276
vn 0.4204 0.2350 0.8764
vn 0.4447 -0.0071 0.8956
vn -0.4447 -0.0071 0.8956
vn -0.4204 0.2350 0.8764
vn 0.4001 -0.1245 0.9080
vn -0.4001 -0.1244 0.9080
vn 0.2559 -0.1197 0.9593
vn -0.2559 -0.1197 0.9593
vn 0.2446 0.3657 0.8980
vn -0.2446 0.3657 0.8980
vn 0.4971 0.0223 0.8674
vn -0.4971 0.0223 0.8674
vn 0.4384 -0.1465 0.8867
vn -0.4384 -0.1465 0.8867
vn 0.5058 0.0135 0.8625
vn -0.5058 0.0135 0.8625
vn 0.4209 0.2692 0.8662
vn -0.4209 0.2692 0.8662
vn 0.0923 -0.8636 -0.4956
vn -0.1065 -0.9002 -0.4223
vn -0.3212 -0.3945 -0.8609
vn 0.3212 -0.3945 -0.8609
vn 0.1065 -0.9002 -0.4223
vn -0.0923 -0.8636 -0.4956
vn 0.7109 -0.6445 -0.2816
vn -0.0174 -0.3740 -0.9272
vn 0.0174 -0.3740 -0.9272
vn -0.7109 -0.6445 -0.2816
vn 0.9819 0.1370 0.1305
vn 0.7376 -0.1930 -0.6471
vn -0.7376 -0.1930 -0.6471
vn -0.9819 0.1370 0.1305
vn 0.2790 0.8212 -0.4978
vn 0.5868 0.3405 -0.7346
vn -0.5868 0.3405 -0.7346
vn -0.2790 0.8212 -0.4978
vn -0.4152 0.7458 -0.5210
vn -0.2824 0.3057 -0.9093
vn 0.2824 0.3057 -0.9093
vn 0.4152 0.7458 -0.5209
vn -0.5589 0.7450 -0.3641
vn -0.4825 0.3098 -0.8193
vn 0.4825 0.3098 -0.8193
vn 0.5589 0.7450 -0.3641
vn -0.3624 -0.0235 -0.9317
vn -0.1497 -0.0726 -0.9861
vn 0.1497 -0.0726 -0.9861
vn 0.3624 -0.0235 -0.9317
vn -0.0188 -0.0188 -0.9996
vn 0.0188 -0.0188 -0.9996
vn 0.2271 0.3033 -0.9254
vn -0.2271 0.3033 -0.9254
vn 0.1160 -0.5685 -0.8144
vn -0.1160 -0.5685 -0.8144
vn 0.7236 -0.2425 0.6463
vn -0.7236 -0.2425 0.6463
vn 0.8124 -0.2988 0.5007
vn -0.8124 -0.2988 0.5007
vn 0.4043 -0.7678 0.4971
vn -0.4043 -0.7678 0.4971
vn 0.3832 -0.6136 0.6904
vn -0.3832 -0.6136 0.6904
vn -0.1488 -0.6518 0.7436
vn 0.1488 -0.6518 0.7436
vn -0.2470 -0.8112 0.5301
vn 0.2470 -0.8112 0.5301
vn -0.7357 -0.3344 0.5891
vn 0.7357 -0.3344 0.5891
vn -0.5750 -0.2641 0.7744
vn 0.5750 -0.2641 0.7744
vn -0.5828 0.2612 0.7695
vn 0.5828 0.2612 0.7695
vn -0.7327 0.3263 0.5972
vn 0.7327 0.3263 0.5972
vn -0.2392 0.7924 0.5612
vn 0.2392 0.7924 0.5612
vn -0.1630 0.6688 0.7254
vn 0.1630 0.6688 0.7254
vn 0.3900 0.6292 0.6724
vn -0.3900 0.6292 0.6724
vn 0.4064 0.7474 0.5256
vn -0.4064 0.7474 0.5256
vn 0.8111 0.2910 0.5074
vn -0.8111 0.2910 0.5074
vn 0.7288 0.2398 0.6413
vn -0.7288 0.2398 0.6413
vn 0.7652 0.2475 0.5943
vn -0.7652 0.2475 0.5943
vn 0.4082 0.7024 0.5831
vn -0.4082 0.7024 0.5831
vn -0.2197 0.7602 0.6115
vn 0.2197 0.7602 0.6115
vn -0.7072 0.3020 0.6393
vn 0.7072 0.3020 0.6393
vn -0.7014 -0.3119 0.6409
vn 0.7014 -0.3119 0.6409
vn -0.2098 -0.7597 0.6155
vn 0.2098 -0.7597 0.6155
vn 0.4023 -0.7004 0.5896
vn -0.4023 -0.7004 0.5896
vn 0.7606 -0.2557 0.5967
vn -0.7606 -0.2557 0.5967
vn 0.4081 -0.0753 0.9098
vn -0.4081 -0.0753 0.9098
vn 0.2960 -0.2052 0.9329
vn -0.2960 -0.2052 0.9329
vn 0.0825 -0.2136 0.9734
vn -0.0825 -0.2136 0.9734
vn -0.0797 -0.0696 0.9944
vn 0.0797 -0.0696 0.9944
vn -0.0787 0.0641 0.9948
vn 0.0787 0.0641 0.9948
vn 0.0834 0.2020 0.9758
vn -0.0834 0.2020 0.9758
vn 0.2961 0.1941 0.9352
vn -0.2961 0.1940 0.9352
vn 0.4074 0.0699 0.9106
vn -0.4074 0.0699 0.9106
vn 0.0946 -0.9113 0.4006
vn -0.0946 -0.9113 0.4006
vn 0.2925 -0.8525 0.4332
vn -0.2925 -0.8525 0.4332
vn 0.7180 -0.4195 0.5554
vn -0.7180 -0.4195 0.5554
vn 0.8374 -0.0352 0.5454
vn -0.8374 -0.0352 0.5454
vn 0.8389 0.1019 0.5346
vn -0.8389 0.1019 0.5346
vn 0.3868 -0.7592 0.5235
vn -0.3868 -0.7592 0.5235
vn 0.4582 -0.6985 0.5497
vn -0.4582 -0.6985 0.5497
vn 0.6849 -0.4987 0.5313
vn -0.6849 -0.4987 0.5313
vn 0.7653 -0.2840 0.5776
vn -0.7653 -0.2840 0.5776
vn 0.6674 0.3231 0.6710
vn -0.6674 0.3231 0.6710
vn 0.5224 0.5892 0.6163
vn -0.5224 0.5892 0.6163
vn 0.5107 0.5688 0.6447
vn -0.5107 0.5688 0.6447
vn -0.0771 0.6734 0.7353
vn 0.0771 0.6734 0.7353
vn -0.6382 0.4086 0.6525
vn 0.6382 0.4086 0.6525
vn -0.4976 0.5452 0.6747
vn 0.4976 0.5452 0.6747
vn 0.2895 -0.2441 0.9255
vn -0.2895 -0.2441 0.9255
vn 0.2065 -0.2649 0.9419
vn -0.2065 -0.2649 0.9419
vn 0.1114 -0.2967 0.9485
vn -0.1114 -0.2967 0.9485
vn 0.1151 -0.3637 0.9244
vn -0.1151 -0.3637 0.9244
vn 0.2085 -0.3405 0.9168
vn -0.2085 -0.3405 0.9168
vn 0.4019 -0.2415 0.8833
vn -0.4019 -0.2415 0.8833
vn 0.4744 -0.2939 0.8298
vn -0.4744 -0.2939 0.8298
vn 0.3872 -0.4155 0.8230
vn -0.3872 -0.4155 0.8230
vn 0.3134 -0.2118 0.9257
vn -0.3134 -0.2118 0.9257
vn -0.0175 0.0472 0.9987
vn 0.0175 0.0472 0.9987
vn 0.1953 -0.2365 0.9518
vn -0.1953 -0.2365 0.9518
vn 0.0838 -0.2222 0.9714
vn -0.0838 -0.2222 0.9714
vn -0.0150 -0.1246 0.9921
vn 0.0150 -0.1246 0.9921
vn 0.0712 -0.7085 0.7021
vn -0.0712 -0.7085 0.7021
vn 0.2318 -0.5680 0.7898
vn -0.2318 -0.5680 0.7898
vn 0.3697 -0.2842 0.8846
vn -0.3697 -0.2842 0.8846
vn 0.3819 -0.0084 0.9242
vn -0.3819 -0.0084 0.9242
vn 0.3878 -0.1028 0.9160
vn -0.3878 -0.1028 0.9160
vn 0.0699 -0.0364 0.9969
vn -0.0699 -0.0364 0.9969
vn 0.0672 -0.0451 0.9967
vn -0.0672 -0.0451 0.9967
vn 0.0779 -0.0636 0.9949
vn -0.0779 -0.0636 0.9949
vn 0.7923 -0.4755 0.3823
vn -0.7923 -0.4755 0.3823
vn 0.9417 0.3225 0.0956
vn -0.9417 0.3225 0.0956
vn 0.1603 0.9174 0.3642
vn -0.1603 0.9174 0.3642
vn -0.5394 0.6674 0.5134
vn 0.5394 0.6674 0.5134
vn 0.2493 -0.6578 0.7107
vn -0.2493 -0.6578 0.7107
vn 0.2053 -0.6682 0.7151
vn -0.2053 -0.6682 0.7151
vn -0.3654 0.6957 0.6185
vn 0.3654 0.6957 0.6185
vn 0.1615 0.8204 0.5486
vn -0.1615 0.8204 0.5486
vn 0.7407 0.2542 0.6219
vn -0.7407 0.2542 0.6219
vn 0.5598 -0.5032 0.6583
vn -0.5598 -0.5032 0.6583
vn 0.0660 0.2118 0.9751
vn -0.0660 0.2118 0.9751
vn 0.0555 -0.3042 0.9510
vn -0.0555 -0.3042 0.9510
vn -0.0870 -0.0004 0.9962
vn 0.0870 -0.0004 0.9962
vn 0.4840 -0.1160 0.8673
vn -0.4840 -0.1160 0.8673
vn 0.6345 -0.1038 0.7659
vn -0.6345 -0.1038 0.7659
vn 0.4307 0.0284 0.9021
vn -0.4307 0.0284 0.9021
vn 0.8484 0.2255 0.4789
vn -0.8484 0.2255 0.4789
vn 0.8956 0.2131 0.3904
vn -0.8956 0.2131 0.3904
vn 0.8800 -0.1921 0.4344
vn -0.8800 -0.1921 0.4344
vn 0.0412 -0.6198 0.7837
vn -0.0412 -0.6198 0.7837
vn -0.2085 -0.2728 0.9392
vn 0.2085 -0.2728 0.9392
vn -0.2479 -0.1076 0.9628
vn 0.2479 -0.1076 0.9628
vn -0.1139 0.0957 0.9889
vn 0.1139 0.0957 0.9889
vn -0.1964 0.7718 0.6047
vn 0.1964 0.7718 0.6047
vn -0.7168 0.6035 0.3493
vn 0.7168 0.6035 0.3493
vn -0.9167 -0.2944 0.2703
vn 0.9167 -0.2944 0.2703
vn 0.0423 -0.9214 0.3864
vn -0.0423 -0.9214 0.3864
vn 0.0118 -0.2787 0.9603
vn -0.0118 -0.2787 0.9603
vn -0.4563 -0.1209 0.8816
vn 0.4563 -0.1209 0.8816
vn -0.1806 -0.1443 0.9729
vn 0.1806 -0.1443 0.9729
vn -0.0676 -0.0804 0.9945
vn 0.0676 -0.0804 0.9945
vn 0.0741 -0.0681 0.9949
vn -0.0741 -0.0681 0.9949
vn -0.1485 -0.2343 0.9607
vn 0.1485 -0.2343 0.9607
vn 0.0911 -0.4476 0.8896
vn -0.0911 -0.4476 0.8896
vn 0.3527 -0.4857 0.7998
vn -0.3527 -0.4857 0.7998
vn 0.4853 -0.2874 0.8257
vn -0.4853 -0.2874 0.8257
vn 0.4212 -0.1121 0.9000
vn -0.4212 -0.1121 0.9000
vn 0.3325 -0.0802 0.9397
vn -0.3325 -0.0802 0.9397
vn 0.3782 0.0661 0.9234
vn -0.3782 0.0661 0.9234
vn 0.2049 0.1440 0.9681
vn -0.2049 0.1440 0.9681
vn 0.1706 -0.0129 0.9852
vn -0.1706 -0.0129 0.9852
vn 0.1569 -0.0412 0.9868
vn -0.1569 -0.0412 0.9868
vn 0.2514 -0.2491 0.9353
vn -0.2514 -0.2491 0.9353
vn 0.1703 -0.1424 0.9751
vn -0.1703 -0.1424 0.9751
vn 0.0307 -0.3317 0.9429
vn -0.0307 -0.3317 0.9429
vn 0.1155 -0.5578 0.8219
vn -0.1155 -0.5578 0.8219
vn -0.0673 -0.3070 0.9493
vn 0.0673 -0.3070 0.9493
vn -0.0996 0.0376 0.9943
vn 0.0996 0.0376 0.9943
vn 0.0458 0.2524 0.9665
vn -0.0458 0.2524 0.9665
vn 0.1653 0.2777 0.9463
vn -0.1653 0.2777 0.9463
vn 0.2862 0.2859 0.9145
vn -0.2862 0.2859 0.9145
vn 0.3566 0.3279 0.8748
vn -0.3566 0.3279 0.8748
vn 0.4789 -0.2529 0.8407
vn -0.4789 -0.2529 0.8407
vn 0.6154 -0.0872 0.7834
vn -0.6154 -0.0872 0.7834
vn 0.5905 0.1131 0.7991
vn -0.5905 0.1131 0.7991
vn -0.5000 0.8657 -0.0249
vn 0.5000 0.8657 -0.0249
vn -0.7720 0.5154 -0.3719
vn 0.7720 0.5154 -0.3719
vn -0.2463 0.8929 -0.3768
vn 0.2463 0.8929 -0.3768
vn 0.4367 0.8190 -0.3721
vn -0.4367 0.8190 -0.3721
vn 0.3907 0.8962 -0.2104
vn -0.3907 0.8962 -0.2104
vn 0.5969 0.7874 -0.1541
vn -0.5969 0.7874 -0.1541
vn 0.9881 -0.0271 -0.1511
vn -0.9881 -0.0271 -0.1511
vn 0.7541 -0.6552 -0.0444
vn -0.7541 -0.6552 -0.0444
vn 0.4774 -0.8787 -0.0017
vn -0.4774 -0.8787 -0.0017
vn 0.2377 -0.5060 -0.8292
vn -0.2377 -0.5060 -0.8292
vn 0.1531 -0.1695 -0.9736
vn -0.1531 -0.1695 -0.9736
vn 0.0649 -0.4595 -0.8858
vn -0.0649 -0.4595 -0.8858
vn 0.0686 -0.9546 -0.2900
vn -0.0686 -0.9546 -0.2900
vn 0.2316 -0.8966 -0.3774
vn -0.2316 -0.8966 -0.3774
vn 0.8915 -0.2120 -0.4003
vn -0.8915 -0.2120 -0.4003
vn 0.9311 0.1261 -0.3422
vn -0.9311 0.1261 -0.3422
vn 0.3807 -0.0301 -0.9242
vn -0.3807 -0.0301 -0.9242
vn 0.1695 -0.2653 -0.9491
vn -0.1695 -0.2653 -0.9491
vn 0.7177 -0.2166 -0.6618
vn -0.7177 -0.2166 -0.6618
vn 0.9503 0.1400 -0.2782
vn -0.9503 0.1400 -0.2782
vn 0.9797 0.0957 0.1763
vn -0.9797 0.0957 0.1763
vn 0.9779 0.1805 -0.1057
vn -0.9779 0.1805 -0.1057
vn 0.9210 -0.2834 0.2673
vn -0.9210 -0.2834 0.2673
vn 0.3445 -0.9379 0.0414
vn -0.3445 -0.9379 0.0414
vn 0.2511 -0.4973 -0.8304
vn -0.2511 -0.4973 -0.8304
vn 0.2496 -0.8497 -0.4645
vn -0.2496 -0.8497 -0.4645
vn 0.2721 -0.9468 -0.1719
vn -0.2721 -0.9468 -0.1719
vn 0.3199 -0.9050 -0.2806
vn -0.3199 -0.9050 -0.2806
vn 0.8892 -0.4329 -0.1481
vn -0.8892 -0.4329 -0.1481
vn 0.8402 -0.5209 0.1507
vn -0.8402 -0.5209 0.1507
vn 0.2605 -0.0139 -0.9654
vn -0.2605 -0.0139 -0.9654
vn 0.1527 0.9467 0.2838
vn -0.1527 0.9467 0.2838
vn 0.1515 0.9542 -0.2579
vn -0.1515 0.9542 -0.2579
vn 0.2437 0.5898 -0.7699
vn -0.2437 0.5898 -0.7699
vn 0.6074 0.7944 0.0011
vn -0.6074 0.7944 0.0011
vn 0.6343 0.6138 0.4700
vn -0.6343 0.6138 0.4700
vn 0.7372 0.6553 0.1646
vn -0.7372 0.6553 0.1646
vn 0.7623 0.5936 -0.2578
vn -0.7623 0.5936 -0.2578
vn 0.6943 0.2153 -0.6868
vn -0.6943 0.2153 -0.6868
vn 0.4788 0.4285 -0.7662
vn -0.4788 0.4285 -0.7662
vn 0.5147 0.8099 -0.2812
vn -0.5147 0.8099 -0.2812
vn 0.5775 0.7855 0.2224
vn -0.5775 0.7855 0.2224
vn 0.5657 0.6118 0.5529
vn -0.5657 0.6118 0.5529
vn 0.3715 0.9258 0.0695
vn -0.3715 0.9258 0.0695
vn 0.1965 0.6891 0.6975
vn -0.1965 0.6891 0.6975
vn -0.2176 0.3981 -0.8912
vn 0.2176 0.3981 -0.8912
vn 0.0164 0.9515 0.3071
vn -0.0164 0.9515 0.3071
vn -0.1283 0.6960 0.7065
vn 0.1283 0.6960 0.7065
vn 0.9921 0.1186 0.0406
vn -0.9921 0.1186 0.0406
vn 0.9676 0.1460 0.2058
vn -0.9676 0.1460 0.2058
vn 0.9751 0.2196 0.0325
vn -0.9751 0.2196 0.0325
vn 0.9437 0.2192 -0.2478
vn -0.9437 0.2192 -0.2478
vn 0.6079 -0.7937 -0.0223
vn -0.6079 -0.7937 -0.0223
vn 0.4546 -0.8894 0.0475
vn -0.4546 -0.8894 0.0475
vn 0.5322 -0.8277 0.1780
vn -0.5322 -0.8277 0.1780
vn 0.6461 -0.7127 0.2730
vn -0.6461 -0.7127 0.2730
vn 0.7022 -0.6971 0.1448
vn -0.7022 -0.6971 0.1448
vn 0.5121 -0.7082 0.4859
vn -0.5121 -0.7082 0.4859
vn 0.5563 -0.3063 -0.7724
vn -0.5563 -0.3063 -0.7724
vn 0.5072 -0.1654 -0.8458
vn -0.5072 -0.1654 -0.8458
vn 0.3583 -0.8245 -0.4379
vn -0.3583 -0.8245 -0.4379
vn 0.5823 -0.7371 -0.3429
vn -0.5823 -0.7371 -0.3429
vn 0.5159 -0.4971 -0.6976
vn -0.5159 -0.4971 -0.6976
vn 0.1734 0.5729 0.8011
vn -0.1734 0.5729 0.8011
vn 0.3607 0.4703 0.8054
vn -0.3607 0.4703 0.8054
vn 0.4253 0.1508 0.8924
vn -0.4254 0.1508 0.8924
vn 0.3751 -0.0704 0.9243
vn -0.3751 -0.0704 0.9243
vn 0.5404 -0.2353 0.8079
vn -0.5404 -0.2353 0.8079
vn 0.5074 -0.5042 0.6988
vn -0.5074 -0.5042 0.6988
vn 0.3260 0.6939 0.6421
vn -0.3260 0.6939 0.6421
vn -0.2355 0.7933 0.5614
vn 0.2355 0.7933 0.5614
vn -0.7615 0.2803 0.5845
vn 0.7615 0.2803 0.5845
vn -0.3575 -0.3885 0.8493
vn 0.3575 -0.3885 0.8493
vn 0.4060 -0.5372 0.7394
vn -0.4060 -0.5372 0.7394
vn 0.6373 -0.4343 0.6366
vn -0.6373 -0.4343 0.6366
vn 0.7257 -0.6726 0.1449
vn -0.7257 -0.6726 0.1449
vn 0.1606 -0.4179 0.8942
vn -0.1606 -0.4179 0.8942
vn 0.9356 -0.3524 0.0215
vn -0.9356 -0.3524 0.0215
vn 0.2951 0.4027 0.8665
vn -0.2951 0.4027 0.8665
vn 0.2187 0.8007 0.5577
vn -0.2187 0.8007 0.5577
vn 0.7255 0.2185 0.6526
vn -0.7255 0.2185 0.6526
vn 0.7150 0.3398 0.6110
vn -0.7150 0.3398 0.6110
vn 0.8787 -0.4009 0.2591
vn -0.8787 -0.4009 0.2591
vn 0.7228 -0.4366 0.5358
vn -0.7228 -0.4366 0.5358
vn 0.6233 -0.3979 0.6732
vn -0.6233 -0.3979 0.6732
vn 0.9729 -0.1417 0.1826
vn -0.9729 -0.1417 0.1826
vn 0.9356 -0.3531 -0.0084
vn -0.9356 -0.3531 -0.0084
vn 0.9699 -0.1924 0.1495
vn -0.9699 -0.1924 0.1495
vn 0.6900 -0.5086 0.5149
vn -0.6900 -0.5086 0.5149
vn 0.6744 -0.5436 0.4996
vn -0.6744 -0.5436 0.4996
vn 0.7363 -0.5288 0.4221
vn -0.7363 -0.5288 0.4221
vn 0.6411 0.5509 0.5343
vn -0.6411 0.5509 0.5343
vn 0.7279 0.2866 0.6228
vn -0.7279 0.2866 0.6229
vn 0.7589 0.1352 0.6370
vn -0.7589 0.1352 0.6370
vn 0.0426 0.9537 0.2976
vn -0.0426 0.9537 0.2976
vn 0.6301 -0.5240 0.5731
vn -0.6301 -0.5240 0.5731
vn 0.3170 -0.6756 0.6657
vn -0.3170 -0.6756 0.6657
vn -0.5679 -0.4139 0.7114
vn 0.5679 -0.4139 0.7114
vn -0.7202 0.2947 0.6281
vn 0.7202 0.2947 0.6281
vn -0.2410 0.7725 0.5876
vn 0.2410 0.7725 0.5876
vn 0.1458 0.8754 0.4609
vn -0.1458 0.8754 0.4609
vn 0.2142 0.1257 0.9687
vn -0.2142 0.1257 0.9687
vn 0.3294 0.0444 0.9432
vn -0.3294 0.0444 0.9432
vn 0.3690 -0.0399 0.9286
vn -0.3690 -0.0399 0.9286
vn 0.3549 0.0190 0.9347
vn -0.3549 0.0190 0.9347
vn 0.4280 0.1277 0.8947
vn -0.4280 0.1277 0.8947
vn 0.4398 -0.0910 0.8935
vn -0.4398 -0.0910 0.8935
vn 0.3299 -0.1328 0.9346
vn -0.3299 -0.1328 0.9346
vn 0.2509 -0.0242 0.9677
vn -0.2509 -0.0242 0.9677
vn 0.0087 0.4996 0.8662
vn -0.0087 0.4996 0.8662
vn 0.4715 0.1606 0.8671
vn -0.4715 0.1606 0.8671
vn 0.4513 -0.0851 0.8883
vn -0.4513 -0.0851 0.8883
vn 0.4748 -0.1225 0.8715
vn -0.4748 -0.1225 0.8715
vn 0.4769 0.1791 0.8605
vn -0.4769 0.1791 0.8605
vn 0.4146 0.2707 0.8688
vn -0.4146 0.2707 0.8688
vn -0.0639 -0.8857 -0.4599
vn 0.0639 -0.8857 -0.4599
vn 0.3794 -0.8071 -0.4524
vn -0.3794 -0.8071 -0.4524
vn 0.9474 -0.3196 0.0159
vn -0.9474 -0.3196 0.0159
vn 0.7795 0.5859 -0.2215
vn -0.7795 0.5859 -0.2215
vn -0.1932 0.8031 -0.5637
vn 0.1932 0.8031 -0.5637
vn -0.5146 0.7343 -0.4427
vn 0.5146 0.7343 -0.4427
vn -0.3971 -0.0257 -0.9174
vn 0.3971 -0.0257 -0.9174
vn -0.2247 -0.0248 -0.9741
vn 0.2247 -0.0248 -0.9741
vn 0.3738 0.0414 -0.9266
vn -0.3738 0.0414 -0.9266
vn -0.1736 0.8642 -0.4722
vn 0.1736 0.8642 -0.4722
vn 0.2882 -0.1866 -0.9392
vn -0.2882 -0.1866 -0.9392
vn -0.0693 -0.8966 -0.4374
vn 0.0693 -0.8966 -0.4374
vt 0.841958 0.587571
vt 0.834528 0.598761
vt 0.821995 0.593570
vt 0.832355 0.577968
vt 0.831869 0.611927
vt 0.818288 0.611927
vt 0.800024 0.611927
vt 0.805140 0.586588
vt 0.819440 0.565053
vt 0.866314 0.931635
vt 0.866314 0.913371
vt 0.884671 0.909664
vt 0.891653 0.926518
vt 0.866314 0.899790
vt 0.879480 0.897131
vt 0.890670 0.889701
vt 0.900273 0.899304
vt 0.913188 0.912219
vt 0.785869 0.578606
vt 0.804303 0.549916
vt 0.778617 0.611927
vt 0.746541 0.611927
vt 0.764082 0.569581
vt 0.781622 0.527235
vt 0.866314 0.985118
vt 0.866314 0.953042
vt 0.899635 0.945789
vt 0.908660 0.967578
vt 0.928325 0.927356
vt 0.951006 0.950037
vt 0.805140 0.637266
vt 0.785869 0.645248
vt 0.819440 0.658801
vt 0.804303 0.673938
vt 0.781622 0.696619
vt 0.764082 0.654273
vt 0.781622 0.950037
vt 0.804303 0.927356
vt 0.832993 0.945790
vt 0.823968 0.967578
vt 0.819440 0.912219
vt 0.840975 0.926519
vt 0.834528 0.625094
vt 0.821995 0.630285
vt 0.841958 0.636283
vt 0.832355 0.645886
vt 0.832355 0.899305
vt 0.847957 0.909664
vt 0.841958 0.889701
vt 0.853148 0.897131
vt 0.853148 0.643713
vt 0.847957 0.656246
vt 0.866314 0.646372
vt 0.866314 0.659953
vt 0.866314 0.678217
vt 0.840975 0.673101
vt 0.800024 0.865345
vt 0.818288 0.865345
vt 0.821995 0.883703
vt 0.805140 0.890684
vt 0.831869 0.865345
vt 0.834528 0.878512
vt 0.832993 0.692372
vt 0.866314 0.699624
vt 0.866314 0.731700
vt 0.823968 0.714160
vt 0.746541 0.865345
vt 0.778617 0.865345
vt 0.785869 0.898666
vt 0.764082 0.907691
vt 0.891653 0.673101
vt 0.899635 0.692372
vt 0.913188 0.658801
vt 0.928325 0.673938
vt 0.951006 0.696619
vt 0.908660 0.714160
vt 0.781622 0.780653
vt 0.804303 0.803334
vt 0.785869 0.832024
vt 0.764082 0.822999
vt 0.819440 0.818471
vt 0.805140 0.840006
vt 0.879480 0.643713
vt 0.884671 0.656246
vt 0.890670 0.636283
vt 0.900273 0.645886
vt 0.832355 0.831386
vt 0.821995 0.846988
vt 0.841958 0.840989
vt 0.834528 0.852179
vt 0.898100 0.625094
vt 0.910633 0.630285
vt 0.900759 0.611927
vt 0.914340 0.611927
vt 0.932604 0.611927
vt 0.927487 0.637266
vt 0.866314 0.799055
vt 0.866314 0.817320
vt 0.847956 0.821027
vt 0.840975 0.804172
vt 0.866314 0.830900
vt 0.853148 0.833559
vt 0.946759 0.645248
vt 0.954011 0.611927
vt 0.986087 0.611927
vt 0.968547 0.654273
vt 0.866314 0.745572
vt 0.866314 0.777648
vt 0.832993 0.784901
vt 0.823968 0.763113
vt 0.927488 0.586588
vt 0.946759 0.578606
vt 0.913189 0.565053
vt 0.928325 0.549916
vt 0.951006 0.527235
vt 0.968547 0.569581
vt 0.951006 0.780653
vt 0.928325 0.803334
vt 0.899635 0.784900
vt 0.908660 0.763113
vt 0.913189 0.818471
vt 0.891653 0.804171
vt 0.898100 0.598761
vt 0.910633 0.593570
vt 0.890670 0.587571
vt 0.900273 0.577968
vt 0.900273 0.831386
vt 0.884672 0.821026
vt 0.890671 0.840989
vt 0.879480 0.833559
vt 0.879481 0.580141
vt 0.884672 0.567608
vt 0.866314 0.577482
vt 0.866314 0.563902
vt 0.866314 0.545637
vt 0.891653 0.550753
vt 0.932604 0.865345
vt 0.914340 0.865345
vt 0.910633 0.846988
vt 0.927488 0.840006
vt 0.900759 0.865345
vt 0.898100 0.852179
vt 0.899635 0.531482
vt 0.866314 0.524230
vt 0.866314 0.492154
vt 0.908660 0.509695
vt 0.986087 0.865345
vt 0.954011 0.865345
vt 0.946759 0.832024
vt 0.968547 0.822999
vt 0.840975 0.550754
vt 0.832993 0.531483
vt 0.823968 0.509695
vt 0.946759 0.898666
vt 0.968547 0.907691
vt 0.927487 0.890684
vt 0.853148 0.580141
vt 0.847956 0.567608
vt 0.910633 0.883703
vt 0.898100 0.878511
vt 0.855978 0.586975
vt 0.847218 0.592830
vt 0.866314 0.584920
vt 0.866314 0.590264
vt 0.857933 0.591693
vt 0.850996 0.596609
vt 0.887978 0.865345
vt 0.893321 0.865345
vt 0.891267 0.875681
vt 0.886549 0.873726
vt 0.885411 0.884442
vt 0.881632 0.880663
vt 0.876650 0.586975
vt 0.885411 0.592830
vt 0.881632 0.596609
vt 0.874695 0.591693
vt 0.881632 0.850027
vt 0.885411 0.846249
vt 0.891267 0.855009
vt 0.886549 0.856964
vt 0.891267 0.601591
vt 0.893321 0.611927
vt 0.887978 0.611927
vt 0.886548 0.603546
vt 0.866314 0.843682
vt 0.866314 0.838338
vt 0.876650 0.840393
vt 0.874695 0.845111
vt 0.891267 0.622263
vt 0.885411 0.631024
vt 0.881632 0.627245
vt 0.886548 0.620308
vt 0.850996 0.850027
vt 0.847218 0.846249
vt 0.855978 0.840393
vt 0.857933 0.845111
vt 0.876650 0.636880
vt 0.866314 0.638934
vt 0.866314 0.633590
vt 0.874695 0.632161
vt 0.844651 0.865345
vt 0.839308 0.865345
vt 0.841362 0.855009
vt 0.846080 0.856964
vt 0.855978 0.636880
vt 0.847218 0.631024
vt 0.850996 0.627245
vt 0.857933 0.632161
vt 0.850996 0.880663
vt 0.847218 0.884442
vt 0.841362 0.875681
vt 0.846080 0.873726
vt 0.841362 0.622263
vt 0.839307 0.611927
vt 0.844651 0.611927
vt 0.846080 0.620308
vt 0.866314 0.887009
vt 0.866314 0.892352
vt 0.855978 0.890298
vt 0.857933 0.885579
vt 0.841362 0.601591
vt 0.846080 0.603546
vt 0.876650 0.890297
vt 0.874695 0.885580
vt 0.866314 0.611927
vt 0.852421 0.611927
vt 0.851470 0.605779
vt 0.856490 0.602104
vt 0.872463 0.880189
vt 0.876138 0.875169
vt 0.866314 0.879238
vt 0.866314 0.865345
vt 0.851470 0.618075
vt 0.856490 0.621751
vt 0.860165 0.880189
vt 0.856490 0.875169
vt 0.866314 0.625820
vt 0.860166 0.626771
vt 0.851470 0.871494
vt 0.852421 0.865345
vt 0.876138 0.621751
vt 0.872463 0.626771
vt 0.851470 0.859197
vt 0.856490 0.855521
vt 0.880207 0.611927
vt 0.881158 0.618075
vt 0.860166 0.850501
vt 0.866314 0.851452
vt 0.876138 0.602104
vt 0.881158 0.605779
vt 0.872463 0.850501
vt 0.876138 0.855521
vt 0.866314 0.598034
vt 0.872463 0.597083
vt 0.881158 0.859197
vt 0.880207 0.865345
vt 0.860166 0.597083
vt 0.881158 0.871494
vt 0.519161 0.059644
vt 0.516936 0.064141
vt 0.509164 0.061996
vt 0.510335 0.056549
vt 0.514313 0.068161
vt 0.507767 0.066469
vt 0.500000 0.065660
vt 0.500000 0.060947
vt 0.500000 0.055045
vt 0.492233 0.066469
vt 0.490836 0.061996
vt 0.485687 0.068161
vt 0.483064 0.064141
vt 0.480839 0.059644
vt 0.489666 0.056549
vt 0.529722 0.065076
vt 0.525737 0.068371
vt 0.522299 0.066214
vt 0.525404 0.062574
vt 0.521573 0.072290
vt 0.518756 0.069947
vt 0.481244 0.069947
vt 0.477701 0.066214
vt 0.478427 0.072290
vt 0.474264 0.068371
vt 0.470278 0.065076
vt 0.474596 0.062574
vt 0.537307 0.071208
vt 0.530552 0.075109
vt 0.528141 0.071128
vt 0.533252 0.067508
vt 0.525255 0.080247
vt 0.523537 0.075778
vt 0.476463 0.075778
vt 0.471859 0.071128
vt 0.474745 0.080247
vt 0.469448 0.075109
vt 0.462693 0.071208
vt 0.466748 0.067508
vt 0.550228 0.087584
vt 0.538665 0.090752
vt 0.533918 0.081142
vt 0.542970 0.077612
vt 0.530062 0.094928
vt 0.527273 0.085870
vt 0.472727 0.085870
vt 0.466082 0.081142
vt 0.469938 0.094928
vt 0.461335 0.090752
vt 0.449772 0.087584
vt 0.457030 0.077612
vt 0.566506 0.115790
vt 0.550950 0.120208
vt 0.544772 0.104728
vt 0.558561 0.101176
vt 0.537774 0.125226
vt 0.533825 0.109059
vt 0.466175 0.109059
vt 0.455228 0.104728
vt 0.462226 0.125226
vt 0.449050 0.120208
vt 0.433494 0.115790
vt 0.441440 0.101176
vt 0.587974 0.179933
vt 0.603208 0.194887
vt 0.588267 0.209021
vt 0.569710 0.194436
vt 0.621871 0.210918
vt 0.610113 0.223118
vt 0.599546 0.236568
vt 0.575256 0.226592
vt 0.544469 0.215880
vt 0.400454 0.236568
vt 0.389887 0.223118
vt 0.411733 0.209021
vt 0.424744 0.226592
vt 0.378129 0.210918
vt 0.396792 0.194887
vt 0.412026 0.179933
vt 0.430290 0.194436
vt 0.455531 0.215880
vt 0.638208 0.226314
vt 0.628283 0.236882
vt 0.653327 0.241076
vt 0.643600 0.250301
vt 0.633494 0.258470
vt 0.618564 0.247242
vt 0.366506 0.258470
vt 0.356401 0.250301
vt 0.371717 0.236882
vt 0.381436 0.247242
vt 0.346673 0.241076
vt 0.361792 0.226314
vt 0.668706 0.255950
vt 0.657542 0.263703
vt 0.680447 0.272960
vt 0.667657 0.278557
vt 0.654068 0.282830
vt 0.645611 0.270158
vt 0.345932 0.282830
vt 0.332343 0.278557
vt 0.342459 0.263703
vt 0.354389 0.270158
vt 0.319553 0.272960
vt 0.331294 0.255950
vt 0.684695 0.293078
vt 0.671454 0.295530
vt 0.683144 0.311805
vt 0.670213 0.310936
vt 0.657583 0.308613
vt 0.657873 0.296509
vt 0.342417 0.308613
vt 0.329787 0.310936
vt 0.328546 0.295530
vt 0.342127 0.296509
vt 0.316856 0.311805
vt 0.315305 0.293078
vt 0.678116 0.325251
vt 0.665541 0.321738
vt 0.668910 0.337433
vt 0.656576 0.331844
vt 0.645548 0.325664
vt 0.653775 0.317221
vt 0.354452 0.325664
vt 0.343425 0.331844
vt 0.334459 0.321738
vt 0.346225 0.317221
vt 0.331090 0.337433
vt 0.321884 0.325251
vt 0.654804 0.352697
vt 0.642723 0.345301
vt 0.638037 0.368810
vt 0.626945 0.359757
vt 0.618251 0.349566
vt 0.632570 0.337201
vt 0.381749 0.349566
vt 0.373055 0.359757
vt 0.357277 0.345301
vt 0.367430 0.337201
vt 0.361963 0.368810
vt 0.345196 0.352697
vt 0.621281 0.382365
vt 0.612451 0.371775
vt 0.605977 0.391859
vt 0.599891 0.379977
vt 0.595868 0.366402
vt 0.606049 0.359637
vt 0.404132 0.366402
vt 0.400109 0.379977
vt 0.387549 0.371775
vt 0.393951 0.359637
vt 0.394023 0.391859
vt 0.378719 0.382365
vt 0.592336 0.396552
vt 0.588618 0.383676
vt 0.576878 0.396871
vt 0.575349 0.382897
vt 0.574986 0.368404
vt 0.586392 0.369417
vt 0.425014 0.368404
vt 0.424651 0.382897
vt 0.411382 0.383676
vt 0.413608 0.369417
vt 0.423122 0.396871
vt 0.407664 0.396552
vt 0.556771 0.393828
vt 0.557454 0.378274
vt 0.535452 0.389613
vt 0.537551 0.372163
vt 0.542088 0.356742
vt 0.559630 0.363551
vt 0.457912 0.356742
vt 0.462450 0.372163
vt 0.442546 0.378274
vt 0.440371 0.363551
vt 0.464548 0.389613
vt 0.443229 0.393828
vt 0.516777 0.386408
vt 0.518601 0.366984
vt 0.500000 0.385190
vt 0.500000 0.364398
vt 0.500000 0.338640
vt 0.524063 0.349518
vt 0.481400 0.366984
vt 0.475937 0.349518
vt 0.483223 0.386408
vt 0.558393 0.332887
vt 0.568440 0.336858
vt 0.563693 0.349310
vt 0.549824 0.343615
vt 0.577862 0.338351
vt 0.576034 0.352643
vt 0.423966 0.352643
vt 0.436307 0.349310
vt 0.422138 0.338351
vt 0.431560 0.336858
vt 0.441607 0.332887
vt 0.450176 0.343615
vt 0.585598 0.338015
vt 0.585564 0.353036
vt 0.592386 0.336008
vt 0.593612 0.350567
vt 0.406388 0.350567
vt 0.414436 0.353036
vt 0.407614 0.336007
vt 0.414402 0.338015
vt 0.607728 0.327073
vt 0.612174 0.337876
vt 0.602034 0.345461
vt 0.599394 0.332354
vt 0.397966 0.345461
vt 0.387826 0.337876
vt 0.392272 0.327073
vt 0.400606 0.332354
vt 0.626901 0.313582
vt 0.635574 0.319192
vt 0.624383 0.328373
vt 0.617747 0.320414
vt 0.375617 0.328373
vt 0.364426 0.319192
vt 0.373099 0.313582
vt 0.382253 0.320414
vt 0.634891 0.301141
vt 0.645620 0.304782
vt 0.642613 0.312036
vt 0.632584 0.307515
vt 0.357387 0.312036
vt 0.354380 0.304782
vt 0.365109 0.301141
vt 0.367416 0.307515
vt 0.630556 0.284417
vt 0.641383 0.284187
vt 0.645292 0.295169
vt 0.634351 0.293290
vt 0.354709 0.295169
vt 0.358618 0.284187
vt 0.369444 0.284417
vt 0.365649 0.293290
vt 0.613798 0.267249
vt 0.622999 0.263466
vt 0.633674 0.273409
vt 0.623258 0.275408
vt 0.366326 0.273409
vt 0.377001 0.263466
vt 0.386202 0.267249
vt 0.376742 0.275408
vt 0.590771 0.257759
vt 0.593491 0.248144
vt 0.609997 0.254812
vt 0.603343 0.260982
vt 0.390004 0.254812
vt 0.406510 0.248144
vt 0.409229 0.257759
vt 0.396657 0.260982
vt 0.561138 0.262125
vt 0.552309 0.244955
vt 0.572883 0.244255
vt 0.575468 0.258381
vt 0.427117 0.244255
vt 0.447691 0.244955
vt 0.438862 0.262125
vt 0.424532 0.258381
vt 0.551445 0.268014
vt 0.537358 0.253335
vt 0.545584 0.275588
vt 0.527475 0.265614
vt 0.500000 0.250807
vt 0.522949 0.234696
vt 0.472525 0.265614
vt 0.462642 0.253335
vt 0.477051 0.234696
vt 0.454416 0.275588
vt 0.448555 0.268014
vt 0.536292 0.335982
vt 0.549262 0.325934
vt 0.525623 0.325327
vt 0.542702 0.316584
vt 0.463708 0.335982
vt 0.474377 0.325327
vt 0.450738 0.325934
vt 0.457298 0.316584
vt 0.521870 0.310626
vt 0.539896 0.305771
vt 0.500000 0.313888
vt 0.500000 0.295394
vt 0.521839 0.295106
vt 0.540000 0.294722
vt 0.478130 0.310626
vt 0.478161 0.295106
vt 0.460105 0.305771
vt 0.460000 0.294722
vt 0.523283 0.280125
vt 0.500000 0.277181
vt 0.541924 0.284549
vt 0.458076 0.284549
vt 0.476717 0.280125
vt 0.507707 0.074940
vt 0.504057 0.073568
vt 0.505845 0.070464
vt 0.510864 0.071939
vt 0.500000 0.073060
vt 0.500000 0.069830
vt 0.494155 0.070464
vt 0.495943 0.073568
vt 0.492293 0.074940
vt 0.489136 0.071939
vt 0.512562 0.080357
vt 0.510593 0.077071
vt 0.514434 0.073847
vt 0.516760 0.076706
vt 0.485566 0.073847
vt 0.489407 0.077071
vt 0.487439 0.080357
vt 0.483240 0.076706
vt 0.512267 0.090555
vt 0.513415 0.085048
vt 0.518219 0.080967
vt 0.519199 0.085794
vt 0.481781 0.080967
vt 0.486585 0.085048
vt 0.487734 0.090555
vt 0.480802 0.085794
vt 0.526243 0.129130
vt 0.523936 0.112638
vt 0.516256 0.131512
vt 0.515003 0.115132
vt 0.514124 0.101670
vt 0.521940 0.098777
vt 0.485876 0.101670
vt 0.484997 0.115132
vt 0.476064 0.112638
vt 0.478060 0.098777
vt 0.483744 0.131512
vt 0.473757 0.129130
vt 0.520398 0.090654
vt 0.513290 0.094342
vt 0.479602 0.090654
vt 0.486710 0.094342
vt 0.520467 0.161843
vt 0.509516 0.158265
vt 0.508718 0.146967
vt 0.518125 0.147022
vt 0.500000 0.157011
vt 0.500000 0.146506
vt 0.500000 0.132565
vt 0.507728 0.132436
vt 0.491282 0.146967
vt 0.492273 0.132436
vt 0.490484 0.158265
vt 0.479533 0.161843
vt 0.481875 0.147022
vt 0.507183 0.116536
vt 0.506886 0.103277
vt 0.500000 0.116970
vt 0.500000 0.103752
vt 0.492817 0.116536
vt 0.493114 0.103277
vt 0.500000 0.092922
vt 0.506021 0.092828
vt 0.506528 0.095980
vt 0.500000 0.096268
vt 0.493472 0.095979
vt 0.493979 0.092828
vt 0.528833 0.180350
vt 0.524309 0.181403
vt 0.522271 0.174685
vt 0.526684 0.171690
vt 0.521062 0.182023
vt 0.519501 0.176747
vt 0.515347 0.172292
vt 0.517155 0.168928
vt 0.484653 0.172292
vt 0.480499 0.176747
vt 0.477729 0.174685
vt 0.482846 0.168928
vt 0.478938 0.182023
vt 0.475691 0.181403
vt 0.471167 0.180350
vt 0.473316 0.171690
vt 0.522041 0.198967
vt 0.519392 0.195066
vt 0.523372 0.188730
vt 0.527402 0.189970
vt 0.517649 0.192988
vt 0.520433 0.187926
vt 0.479567 0.187926
vt 0.476628 0.188730
vt 0.482351 0.192988
vt 0.480608 0.195066
vt 0.477959 0.198967
vt 0.472598 0.189970
vt 0.500000 0.204726
vt 0.505886 0.199279
vt 0.512712 0.198727
vt 0.512717 0.204963
vt 0.507816 0.196177
vt 0.512958 0.195764
vt 0.487042 0.195764
vt 0.487288 0.198728
vt 0.492184 0.196177
vt 0.494114 0.199279
vt 0.487283 0.204963
vt 0.500000 0.197703
vt 0.500000 0.196473
vt 0.502171 0.197569
vt 0.500000 0.199099
vt 0.500000 0.193873
vt 0.503581 0.194855
vt 0.496419 0.194855
vt 0.497829 0.197569
vt 0.509194 0.164943
vt 0.500000 0.163419
vt 0.508445 0.168777
vt 0.500000 0.167306
vt 0.490806 0.164943
vt 0.491555 0.168777
vt 0.507587 0.171841
vt 0.500000 0.170593
vt 0.513573 0.174668
vt 0.511752 0.176218
vt 0.507042 0.175090
vt 0.500000 0.174359
vt 0.488248 0.176218
vt 0.486427 0.174668
vt 0.492413 0.171841
vt 0.492958 0.175090
vt 0.500000 0.190899
vt 0.504346 0.192090
vt 0.500000 0.186095
vt 0.505960 0.189533
vt 0.508708 0.191549
vt 0.508462 0.193596
vt 0.491292 0.191549
vt 0.494041 0.189533
vt 0.495654 0.192090
vt 0.491538 0.193596
vt 0.512584 0.193423
vt 0.511645 0.190936
vt 0.514414 0.189894
vt 0.516015 0.191269
vt 0.485586 0.189894
vt 0.488356 0.190936
vt 0.487416 0.193423
vt 0.483985 0.191269
vt 0.517893 0.187186
vt 0.514730 0.186939
vt 0.514407 0.182855
vt 0.518223 0.182389
vt 0.485593 0.182855
vt 0.485270 0.186939
vt 0.482107 0.187186
vt 0.481777 0.182389
vt 0.516957 0.178190
vt 0.513315 0.179034
vt 0.486685 0.179034
vt 0.483043 0.178190
vt 0.508478 0.183823
vt 0.510217 0.187800
vt 0.489783 0.187800
vt 0.491522 0.183823
vt 0.500000 0.179309
vt 0.507446 0.179235
vt 0.492555 0.179235
vt 0.515236 0.217417
vt 0.500000 0.222511
vt 0.527403 0.205884
vt 0.472597 0.205884
vt 0.484764 0.217417
vt 0.533670 0.191503
vt 0.535623 0.178409
vt 0.546658 0.173864
vt 0.545319 0.189427
vt 0.453342 0.173864
vt 0.464377 0.178409
vt 0.466330 0.191503
vt 0.454681 0.189427
vt 0.534364 0.167907
vt 0.531390 0.157504
vt 0.543810 0.152201
vt 0.545967 0.162573
vt 0.456190 0.152201
vt 0.468610 0.157504
vt 0.465637 0.167907
vt 0.454033 0.162573
vt 0.528686 0.144471
vt 0.541088 0.139892
vt 0.471315 0.144471
vt 0.458912 0.139892
vt 0.572662 0.128735
vt 0.555893 0.134048
vt 0.576793 0.139604
vt 0.559487 0.145635
vt 0.440513 0.145635
vt 0.444107 0.134048
vt 0.423207 0.139604
vt 0.427338 0.128735
vt 0.579067 0.148796
vt 0.561857 0.155444
vt 0.580098 0.157660
vt 0.562882 0.165788
vt 0.437118 0.165788
vt 0.438143 0.155444
vt 0.419902 0.157660
vt 0.420933 0.148796
vt 0.563453 0.178955
vt 0.581441 0.167678
vt 0.436547 0.178955
vt 0.418559 0.167678
vt 0.505318 0.091215
vt 0.509354 0.090002
vt 0.500000 0.091197
vt 0.500000 0.089829
vt 0.504678 0.089850
vt 0.508107 0.088954
vt 0.494682 0.091215
vt 0.495322 0.089850
vt 0.490646 0.090002
vt 0.491893 0.088954
vt 0.510768 0.086397
vt 0.510182 0.082147
vt 0.509366 0.086214
vt 0.508857 0.082755
vt 0.489232 0.086397
vt 0.490634 0.086214
vt 0.489818 0.082147
vt 0.491143 0.082755
vt 0.508425 0.078889
vt 0.505941 0.076719
vt 0.507259 0.079929
vt 0.505041 0.077966
vt 0.491575 0.078889
vt 0.492741 0.079929
vt 0.494059 0.076719
vt 0.494959 0.077966
vt 0.503061 0.075426
vt 0.500000 0.074988
vt 0.502571 0.076818
vt 0.500000 0.076443
vt 0.496939 0.075426
vt 0.497429 0.076818
vt 0.502199 0.078607
vt 0.500000 0.078327
vt 0.504318 0.079484
vt 0.504033 0.081399
vt 0.502117 0.080860
vt 0.500000 0.080667
vt 0.495967 0.081399
vt 0.495682 0.079484
vt 0.497801 0.078607
vt 0.497884 0.080860
vt 0.506231 0.080994
vt 0.507616 0.083112
vt 0.506692 0.083355
vt 0.505597 0.082274
vt 0.493308 0.083355
vt 0.492385 0.083112
vt 0.493769 0.080994
vt 0.494403 0.082274
vt 0.508027 0.085616
vt 0.506930 0.087537
vt 0.505683 0.085744
vt 0.506693 0.084710
vt 0.494318 0.085744
vt 0.493070 0.087537
vt 0.491973 0.085616
vt 0.493307 0.084710
vt 0.503995 0.088104
vt 0.500000 0.088047
vt 0.500000 0.085801
vt 0.503251 0.085916
vt 0.496005 0.088104
vt 0.496749 0.085916
vt 0.500000 0.083252
vt 0.502533 0.083402
vt 0.504557 0.083604
vt 0.497468 0.083402
vt 0.495443 0.083604
vt 0.505634 0.083590
vt 0.494366 0.083590
vt 0.553497 0.287609
vt 0.551964 0.294790
vt 0.556333 0.281485
vt 0.562735 0.284843
vt 0.560698 0.289608
vt 0.559849 0.295167
vt 0.437265 0.284843
vt 0.443667 0.281485
vt 0.446504 0.287609
vt 0.439302 0.289608
vt 0.448036 0.294790
vt 0.440151 0.295167
vt 0.552180 0.302785
vt 0.554481 0.311019
vt 0.560482 0.301287
vt 0.562571 0.307583
vt 0.447820 0.302785
vt 0.439518 0.301287
vt 0.445519 0.311019
vt 0.437430 0.307583
vt 0.559015 0.318705
vt 0.565290 0.324529
vt 0.565991 0.313526
vt 0.570554 0.318139
vt 0.440985 0.318705
vt 0.434009 0.313526
vt 0.434710 0.324528
vt 0.429446 0.318139
vt 0.560406 0.276447
vt 0.567254 0.271991
vt 0.571306 0.277459
vt 0.565889 0.280939
vt 0.428694 0.277459
vt 0.432746 0.271991
vt 0.439594 0.276447
vt 0.434111 0.280939
vt 0.577867 0.267936
vt 0.589427 0.265922
vt 0.588859 0.272504
vt 0.579701 0.274213
vt 0.411141 0.272504
vt 0.410573 0.265922
vt 0.422133 0.267936
vt 0.420299 0.274213
vt 0.599057 0.267500
vt 0.607459 0.272033
vt 0.603396 0.276967
vt 0.596548 0.273582
vt 0.396604 0.276967
vt 0.392541 0.272033
vt 0.400943 0.267500
vt 0.403452 0.273582
vt 0.615625 0.278381
vt 0.622115 0.285573
vt 0.615600 0.287396
vt 0.610204 0.281797
vt 0.384400 0.287396
vt 0.377885 0.285574
vt 0.384375 0.278380
vt 0.389796 0.281797
vt 0.625383 0.292746
vt 0.625878 0.299268
vt 0.618527 0.298527
vt 0.618172 0.293154
vt 0.381473 0.298527
vt 0.374122 0.299268
vt 0.374617 0.292746
vt 0.381828 0.293154
vt 0.624227 0.304786
vt 0.619777 0.309803
vt 0.613966 0.307225
vt 0.617395 0.303139
vt 0.386034 0.307225
vt 0.380223 0.309803
vt 0.375773 0.304786
vt 0.382605 0.303139
vt 0.612221 0.314825
vt 0.603899 0.319509
vt 0.600768 0.314638
vt 0.607714 0.311081
vt 0.399233 0.314638
vt 0.396101 0.319509
vt 0.387780 0.314825
vt 0.392286 0.311081
vt 0.597130 0.323367
vt 0.591486 0.326163
vt 0.590778 0.319995
vt 0.595272 0.317709
vt 0.409222 0.319995
vt 0.408514 0.326163
vt 0.402870 0.323367
vt 0.404728 0.317709
vt 0.585931 0.327771
vt 0.579738 0.328243
vt 0.581415 0.321470
vt 0.586314 0.321240
vt 0.418585 0.321470
vt 0.420262 0.328243
vt 0.414069 0.327771
vt 0.413686 0.321240
vt 0.572564 0.327473
vt 0.575944 0.320639
vt 0.427436 0.327473
vt 0.424057 0.320639
vt 0.578770 0.315447
vt 0.582808 0.316502
vt 0.574828 0.313220
vt 0.578615 0.309394
vt 0.581307 0.311143
vt 0.583998 0.312892
vt 0.421385 0.309394
vt 0.425172 0.313220
vt 0.421230 0.315448
vt 0.418694 0.311143
vt 0.417192 0.316502
vt 0.416002 0.312892
vt 0.586610 0.316499
vt 0.590239 0.315611
vt 0.586827 0.312614
vt 0.589656 0.312336
vt 0.413390 0.316499
vt 0.413173 0.312614
vt 0.409761 0.315611
vt 0.410344 0.312336
vt 0.593991 0.313813
vt 0.598501 0.311335
vt 0.593002 0.310793
vt 0.596347 0.309249
vt 0.406009 0.313813
vt 0.406999 0.310793
vt 0.401499 0.311335
vt 0.403653 0.309249
vt 0.604158 0.308265
vt 0.609200 0.304949
vt 0.601181 0.305883
vt 0.606014 0.302517
vt 0.395842 0.308264
vt 0.398820 0.305883
vt 0.390800 0.304949
vt 0.393986 0.302517
vt 0.611760 0.301604
vt 0.612592 0.297948
vt 0.606875 0.300019
vt 0.607735 0.297520
vt 0.388240 0.301604
vt 0.393126 0.300019
vt 0.387408 0.297948
vt 0.392265 0.297520
vt 0.612342 0.293738
vt 0.610434 0.289223
vt 0.607360 0.294368
vt 0.606985 0.291216
vt 0.387658 0.293738
vt 0.392640 0.294368
vt 0.389566 0.289223
vt 0.393015 0.291216
vt 0.606068 0.284691
vt 0.600570 0.280754
vt 0.602630 0.287150
vt 0.598275 0.283083
vt 0.393932 0.284691
vt 0.397370 0.287150
vt 0.399431 0.280754
vt 0.401725 0.283083
vt 0.595045 0.278155
vt 0.588879 0.277316
vt 0.594071 0.281625
vt 0.589866 0.280167
vt 0.404955 0.278155
vt 0.405930 0.281625
vt 0.411121 0.277316
vt 0.410134 0.280167
vt 0.581435 0.278749
vt 0.574611 0.281370
vt 0.583109 0.282396
vt 0.576352 0.284624
vt 0.418565 0.278749
vt 0.416891 0.282396
vt 0.425389 0.281370
vt 0.423648 0.284624
vt 0.570436 0.284278
vt 0.568093 0.287503
vt 0.574592 0.287270
vt 0.572831 0.289915
vt 0.429564 0.284278
vt 0.425409 0.287270
vt 0.431908 0.287503
vt 0.427169 0.289915
vt 0.571378 0.309615
vt 0.568682 0.305146
vt 0.573307 0.303342
vt 0.575961 0.306368
vt 0.426693 0.303342
vt 0.431318 0.305146
vt 0.428622 0.309615
vt 0.424039 0.306368
vt 0.567064 0.300316
vt 0.566435 0.295569
vt 0.572447 0.295716
vt 0.572877 0.299529
vt 0.427553 0.295716
vt 0.433565 0.295569
vt 0.432936 0.300316
vt 0.427123 0.299529
vt 0.566813 0.291277
vt 0.572639 0.292816
vt 0.433187 0.291277
vt 0.427361 0.292816
vt 0.515821 0.407158
vt 0.500000 0.406602
vt 0.534083 0.408694
vt 0.529647 0.428636
vt 0.514824 0.428636
vt 0.500000 0.428636
vt 0.470353 0.428636
vt 0.465917 0.408694
vt 0.484179 0.407158
vt 0.485177 0.428636
vt 0.556832 0.410758
vt 0.579371 0.411732
vt 0.584616 0.428636
vt 0.557132 0.428636
vt 0.415384 0.428636
vt 0.420629 0.411732
vt 0.443168 0.410758
vt 0.442869 0.428636
vt 0.597451 0.409604
vt 0.614009 0.403636
vt 0.622301 0.417889
vt 0.603459 0.423263
vt 0.377699 0.417889
vt 0.385991 0.403636
vt 0.402549 0.409604
vt 0.396542 0.423263
vt 0.632196 0.392698
vt 0.651056 0.377824
vt 0.666214 0.388954
vt 0.644258 0.403422
vt 0.333786 0.388954
vt 0.348944 0.377824
vt 0.367804 0.392698
vt 0.355743 0.403422
vt 0.668651 0.359772
vt 0.683067 0.342199
vt 0.701481 0.344467
vt 0.683848 0.366711
vt 0.298519 0.344467
vt 0.316933 0.342199
vt 0.331349 0.359772
vt 0.316153 0.366711
vt 0.691871 0.327820
vt 0.696460 0.312029
vt 0.712163 0.315527
vt 0.706822 0.329997
vt 0.287837 0.315527
vt 0.303540 0.312029
vt 0.308129 0.327820
vt 0.293178 0.329997
vt 0.697063 0.290249
vt 0.691932 0.267652
vt 0.707131 0.260944
vt 0.711922 0.285952
vt 0.292869 0.260944
vt 0.308068 0.267652
vt 0.302937 0.290249
vt 0.288078 0.285952
vt 0.679719 0.248846
vt 0.664000 0.232869
vt 0.680510 0.223515
vt 0.695919 0.240630
vt 0.319490 0.223515
vt 0.336000 0.232869
vt 0.320281 0.248846
vt 0.304081 0.240630
vt 0.648351 0.217657
vt 0.631526 0.202031
vt 0.640218 0.189271
vt 0.663164 0.207287
vt 0.359782 0.189271
vt 0.368474 0.202031
vt 0.351649 0.217657
vt 0.336836 0.207287
vt 0.603553 0.023452
vt 0.614341 0.026457
vt 0.614876 0.047507
vt 0.597975 0.040208
vt 0.625128 0.029461
vt 0.628764 0.053341
vt 0.627643 0.076039
vt 0.613032 0.067150
vt 0.595852 0.057066
vt 0.372357 0.076039
vt 0.371236 0.053341
vt 0.385124 0.047507
vt 0.386968 0.067150
vt 0.374872 0.029461
vt 0.385660 0.026457
vt 0.396447 0.023452
vt 0.402025 0.040208
vt 0.404148 0.057066
vt 0.546781 0.009442
vt 0.575167 0.016447
vt 0.576080 0.033087
vt 0.553169 0.029708
vt 0.576419 0.048510
vt 0.557078 0.043913
vt 0.423920 0.033087
vt 0.423581 0.048510
vt 0.424833 0.016447
vt 0.453219 0.009442
vt 0.446832 0.029708
vt 0.442923 0.043913
vt 0.500000 0.033223
vt 0.523391 0.021333
vt 0.533089 0.033671
vt 0.518423 0.041365
vt 0.540487 0.044770
vt 0.528540 0.049111
vt 0.466911 0.033671
vt 0.459513 0.044770
vt 0.476610 0.021333
vt 0.481578 0.041365
vt 0.471460 0.049111
vt 0.512270 0.049564
vt 0.522160 0.054442
vt 0.500000 0.046920
vt 0.487730 0.049564
vt 0.477840 0.054442
vt 0.528986 0.058878
vt 0.534133 0.062215
vt 0.534799 0.055696
vt 0.537892 0.059801
vt 0.471015 0.058878
vt 0.465201 0.055696
vt 0.465867 0.062215
vt 0.462108 0.059801
vt 0.539759 0.064742
vt 0.546967 0.068559
vt 0.544721 0.060943
vt 0.555423 0.064317
vt 0.460241 0.064742
vt 0.455279 0.060943
vt 0.453033 0.068559
vt 0.444577 0.064317
vt 0.556076 0.075514
vt 0.566198 0.085873
vt 0.568316 0.071381
vt 0.581580 0.081806
vt 0.443924 0.075514
vt 0.431684 0.071381
vt 0.433802 0.085873
vt 0.418420 0.081806
vt 0.558471 0.055810
vt 0.574686 0.061954
vt 0.591230 0.071750
vt 0.425314 0.061954
vt 0.408770 0.071750
vt 0.441529 0.055810
vt 0.544733 0.054173
vt 0.455267 0.054173
vt 0.603014 0.107106
vt 0.593460 0.094491
vt 0.606073 0.083524
vt 0.618415 0.094631
vt 0.393928 0.083524
vt 0.406540 0.094491
vt 0.396986 0.107106
vt 0.381585 0.094631
vt 0.576143 0.099079
vt 0.584671 0.112786
vt 0.423857 0.099079
vt 0.415329 0.112786
vt 0.594692 0.135608
vt 0.595232 0.145343
vt 0.619526 0.131413
vt 0.613814 0.147475
vt 0.608571 0.156991
vt 0.594446 0.153738
vt 0.391429 0.156991
vt 0.386186 0.147475
vt 0.404768 0.145343
vt 0.405554 0.153738
vt 0.380474 0.131413
vt 0.405309 0.135608
vt 0.590872 0.124854
vt 0.610264 0.118077
vt 0.389737 0.118077
vt 0.409128 0.124854
vt 0.594548 0.161813
vt 0.599872 0.172169
vt 0.605394 0.163427
vt 0.606804 0.170410
vt 0.405452 0.161813
vt 0.394606 0.163427
vt 0.400129 0.172169
vt 0.393196 0.170410
vt 0.613478 0.186173
vt 0.617927 0.179213
vt 0.382073 0.179213
vt 0.386522 0.186173
vt 0.922374 0.064228
vt 0.891623 0.097679
vt 0.867108 0.077870
vt 0.891858 0.045729
vt 0.865466 0.119496
vt 0.847946 0.103808
vt 0.826331 0.095429
vt 0.839593 0.065176
vt 0.861342 0.027230
vt 0.173669 0.095429
vt 0.152054 0.103808
vt 0.132892 0.077870
vt 0.160407 0.065176
vt 0.134534 0.119496
vt 0.108377 0.097679
vt 0.077626 0.064228
vt 0.108142 0.045729
vt 0.138658 0.027230
vt 0.805710 0.056486
vt 0.817973 0.019034
vt 0.797985 0.088803
vt 0.761146 0.084697
vt 0.763901 0.051956
vt 0.774604 0.010837
vt 0.238854 0.084697
vt 0.202015 0.088803
vt 0.194290 0.056486
vt 0.236099 0.051956
vt 0.182027 0.019034
vt 0.225396 0.010837
vt 0.713213 0.053480
vt 0.710807 0.019777
vt 0.716002 0.085063
vt 0.667831 0.090156
vt 0.667508 0.056654
vt 0.647010 0.028716
vt 0.332169 0.090156
vt 0.283998 0.085063
vt 0.286787 0.053481
vt 0.332492 0.056654
vt 0.289193 0.019777
vt 0.352990 0.028716
vt 0.642878 0.056331
vt 0.636069 0.029089
vt 0.641743 0.082147
vt 0.358257 0.082147
vt 0.357122 0.056331
vt 0.363931 0.029089
vt 0.628797 0.103314
vt 0.641528 0.112416
vt 0.371203 0.103314
vt 0.358473 0.112416
vt 0.721073 0.229737
vt 0.729848 0.251395
vt 0.706670 0.210875
vt 0.740018 0.196440
vt 0.747508 0.219460
vt 0.753510 0.241834
vt 0.259983 0.196440
vt 0.293330 0.210875
vt 0.278927 0.229737
vt 0.252493 0.219460
vt 0.270152 0.251395
vt 0.246491 0.241834
vt 0.987633 0.154243
vt 0.934704 0.168068
vt 0.915197 0.129091
vt 0.955004 0.109236
vt 0.896128 0.177540
vt 0.881994 0.144724
vt 0.118006 0.144724
vt 0.084803 0.129091
vt 0.103873 0.177540
vt 0.065297 0.168068
vt 0.012367 0.154243
vt 0.044997 0.109236
vt 0.899807 0.420886
vt 0.868892 0.382737
vt 0.896250 0.358417
vt 0.929385 0.389136
vt 0.845385 0.349477
vt 0.869249 0.330320
vt 0.887250 0.308014
vt 0.918638 0.329726
vt 0.958963 0.357385
vt 0.112750 0.308014
vt 0.130751 0.330319
vt 0.103750 0.358417
vt 0.081362 0.329726
vt 0.154615 0.349477
vt 0.131108 0.382737
vt 0.100193 0.420886
vt 0.070615 0.389136
vt 0.041037 0.357385
vt 0.935976 0.294352
vt 0.979412 0.305458
vt 0.900585 0.282038
vt 0.907259 0.251051
vt 0.946139 0.254228
vt 0.999860 0.253531
vt 0.092741 0.251051
vt 0.099415 0.282038
vt 0.064024 0.294352
vt 0.053861 0.254228
vt 0.020589 0.305458
vt 0.000140 0.253531
vt 0.945040 0.211094
vt 0.993747 0.203887
vt 0.905311 0.214719
vt 0.094689 0.214719
vt 0.054960 0.211094
vt 0.006254 0.203887
vt 0.724763 0.340212
vt 0.718463 0.327870
vt 0.737667 0.319613
vt 0.745142 0.334808
vt 0.732597 0.303068
vt 0.753053 0.294290
vt 0.758828 0.310611
vt 0.767386 0.325333
vt 0.246947 0.294290
vt 0.267403 0.303068
vt 0.262333 0.319613
vt 0.241172 0.310611
vt 0.281537 0.327870
vt 0.275237 0.340212
vt 0.254858 0.334808
vt 0.232614 0.325333
vt 0.782964 0.300147
vt 0.793667 0.314387
vt 0.774593 0.284658
vt 0.794728 0.273645
vt 0.806104 0.288188
vt 0.819032 0.301906
vt 0.205272 0.273645
vt 0.225407 0.284658
vt 0.217036 0.300147
vt 0.193896 0.288188
vt 0.206333 0.314387
vt 0.180968 0.301906
vt 0.824058 0.274889
vt 0.838248 0.287622
vt 0.810902 0.261307
vt 0.822856 0.248111
vt 0.836824 0.260438
vt 0.851701 0.271726
vt 0.177144 0.248111
vt 0.189098 0.261307
vt 0.175943 0.274889
vt 0.163176 0.260438
vt 0.161752 0.287622
vt 0.148299 0.271726
vt 0.845020 0.244939
vt 0.860550 0.254189
vt 0.830972 0.234937
vt 0.835584 0.224788
vt 0.847283 0.227859
vt 0.863440 0.233646
vt 0.164416 0.224788
vt 0.169028 0.234937
vt 0.154980 0.244939
vt 0.152717 0.227859
vt 0.139450 0.254189
vt 0.136560 0.233646
vt 0.813499 0.190705
vt 0.833095 0.188120
vt 0.842088 0.208196
vt 0.827882 0.210681
vt 0.850889 0.184430
vt 0.859324 0.209358
vt 0.140676 0.209358
vt 0.157912 0.208196
vt 0.149111 0.184430
vt 0.166905 0.188120
vt 0.186501 0.190705
vt 0.172118 0.210681
vt 0.878484 0.212918
vt 0.869955 0.181958
vt 0.881569 0.242801
vt 0.118431 0.242801
vt 0.121516 0.212918
vt 0.130045 0.181958
vt 0.877160 0.267497
vt 0.866656 0.287999
vt 0.133344 0.287999
vt 0.122840 0.267497
vt 0.851578 0.306157
vt 0.830477 0.322131
vt 0.169523 0.322131
vt 0.148422 0.306157
vt 0.815480 0.365643
vt 0.802870 0.335762
vt 0.786623 0.378317
vt 0.775112 0.347298
vt 0.224889 0.347298
vt 0.197130 0.335762
vt 0.213377 0.378317
vt 0.184520 0.365643
vt 0.744519 0.390057
vt 0.734641 0.365135
vt 0.753141 0.357000
vt 0.765006 0.387000
vt 0.246859 0.357000
vt 0.265359 0.365135
vt 0.255481 0.390057
vt 0.234994 0.387000
vt 0.824765 0.470987
vt 0.805821 0.418213
vt 0.836442 0.403275
vt 0.862286 0.445937
vt 0.163558 0.403275
vt 0.194179 0.418213
vt 0.175235 0.470987
vt 0.137714 0.445937
vt 0.792141 0.464714
vt 0.767161 0.463129
vt 0.751374 0.437427
vt 0.767752 0.429309
vt 0.742181 0.461543
vt 0.734518 0.447059
vt 0.726855 0.432574
vt 0.735687 0.411316
vt 0.273145 0.432574
vt 0.265482 0.447059
vt 0.248626 0.437427
vt 0.264313 0.411316
vt 0.257819 0.461543
vt 0.232839 0.463129
vt 0.207859 0.464714
vt 0.232249 0.429309
vt 0.783978 0.424258
vt 0.800333 0.458122
vt 0.216022 0.424258
vt 0.199667 0.458122
vt 0.795638 0.489991
vt 0.793890 0.477353
vt 0.802960 0.473750
vt 0.810202 0.480489
vt 0.197040 0.473750
vt 0.189799 0.480489
vt 0.206111 0.477353
vt 0.204362 0.489991
vt 0.731910 0.278001
vt 0.753356 0.269191
vt 0.268090 0.278001
vt 0.246644 0.269191
vt 0.771186 0.234649
vt 0.772378 0.260909
vt 0.785607 0.225047
vt 0.788532 0.251830
vt 0.211468 0.251830
vt 0.227622 0.260909
vt 0.214393 0.225047
vt 0.228814 0.234649
vt 0.797150 0.219961
vt 0.801747 0.241119
vt 0.802950 0.203415
vt 0.811700 0.228910
vt 0.188300 0.228910
vt 0.198253 0.241119
vt 0.197050 0.203415
vt 0.202850 0.219961
vt 0.819264 0.218244
vt 0.808225 0.197060
vt 0.180736 0.218244
vt 0.191776 0.197060
vt 0.722702 0.112664
vt 0.683158 0.117844
vt 0.762807 0.110868
vt 0.767097 0.133044
vt 0.732138 0.137866
vt 0.689580 0.148245
vt 0.232904 0.133044
vt 0.237193 0.110868
vt 0.277298 0.112664
vt 0.267863 0.137866
vt 0.316842 0.117844
vt 0.310420 0.148245
vt 0.716478 0.174594
vt 0.745720 0.160891
vt 0.759568 0.177894
vt 0.772483 0.153402
vt 0.780113 0.169386
vt 0.254280 0.160891
vt 0.227517 0.153402
vt 0.283522 0.174594
vt 0.240432 0.177894
vt 0.219887 0.169386
vt 0.687300 0.191929
vt 0.663866 0.173159
vt 0.336135 0.173159
vt 0.312700 0.191929
vt 0.624964 0.169041
vt 0.637763 0.157591
vt 0.649717 0.139803
vt 0.362238 0.157591
vt 0.350283 0.139803
vt 0.375036 0.169041
vt 0.656629 0.122976
vt 0.343371 0.122976
vt 0.615823 0.170880
vt 0.384177 0.170880
vt 0.808644 0.180943
vt 0.824462 0.171350
vt 0.803789 0.171181
vt 0.813087 0.158813
vt 0.825784 0.140699
vt 0.840739 0.162092
vt 0.174216 0.140699
vt 0.186913 0.158813
vt 0.175538 0.171350
vt 0.159261 0.162092
vt 0.196211 0.171181
vt 0.191356 0.180943
vt 0.858660 0.154629
vt 0.846783 0.132955
vt 0.141340 0.154629
vt 0.153217 0.132955
vt 0.795122 0.153023
vt 0.791951 0.170284
vt 0.797272 0.134276
vt 0.202728 0.134276
vt 0.204878 0.153023
vt 0.208049 0.170284
vt 0.796426 0.113704
vt 0.822278 0.117915
vt 0.177722 0.117915
vt 0.203574 0.113704
vt 0.838413 0.119035
vt 0.161587 0.119035
vt 0.574628 0.959188
vt 0.519572 0.959188
vt 0.516045 0.922936
vt 0.561802 0.915652
vt 0.464516 0.959188
vt 0.474551 0.920758
vt 0.478397 0.891177
vt 0.511865 0.891435
vt 0.546486 0.884398
vt 0.271829 0.891177
vt 0.275675 0.920758
vt 0.234181 0.922936
vt 0.238361 0.891435
vt 0.285710 0.959188
vt 0.230654 0.959188
vt 0.175598 0.959188
vt 0.188424 0.915652
vt 0.203740 0.884398
vt 0.609269 0.895978
vt 0.645261 0.928129
vt 0.579383 0.869204
vt 0.602918 0.845870
vt 0.644486 0.864912
vt 0.715894 0.897069
vt 0.147308 0.845870
vt 0.170843 0.869204
vt 0.140958 0.895978
vt 0.105740 0.864912
vt 0.104965 0.928129
vt 0.034332 0.897069
vt 0.651095 0.821545
vt 0.699884 0.827040
vt 0.610634 0.815930
vt 0.605563 0.786110
vt 0.640167 0.779387
vt 0.683874 0.757011
vt 0.144664 0.786110
vt 0.139592 0.815930
vt 0.099131 0.821545
vt 0.110059 0.779387
vt 0.050342 0.827040
vt 0.066352 0.757011
vt 0.619586 0.751802
vt 0.642922 0.736745
vt 0.592711 0.762554
vt 0.575509 0.743899
vt 0.596736 0.732188
vt 0.616494 0.718829
vt 0.174717 0.743899
vt 0.157515 0.762554
vt 0.130640 0.751802
vt 0.153490 0.732188
vt 0.107304 0.736745
vt 0.133732 0.718829
vt 0.574099 0.714494
vt 0.592767 0.700818
vt 0.556364 0.727394
vt 0.535174 0.712262
vt 0.550439 0.697425
vt 0.568762 0.682226
vt 0.215052 0.712262
vt 0.193862 0.727394
vt 0.176127 0.714494
vt 0.199788 0.697425
vt 0.157460 0.700818
vt 0.181464 0.682226
vt 0.523844 0.680612
vt 0.542017 0.662681
vt 0.511127 0.698351
vt 0.483059 0.686046
vt 0.492106 0.663910
vt 0.509951 0.641511
vt 0.267167 0.686046
vt 0.239099 0.698351
vt 0.226383 0.680612
vt 0.258121 0.663910
vt 0.208209 0.662681
vt 0.240275 0.641510
vt 0.523035 0.725478
vt 0.502570 0.713953
vt 0.513367 0.736876
vt 0.496558 0.727138
vt 0.478437 0.719479
vt 0.479512 0.704615
vt 0.271789 0.719479
vt 0.253668 0.727138
vt 0.247656 0.713953
vt 0.270714 0.704615
vt 0.236859 0.736876
vt 0.227191 0.725478
vt 0.556793 0.753282
vt 0.541105 0.738607
vt 0.541246 0.760746
vt 0.528405 0.748145
vt 0.221821 0.748145
vt 0.209121 0.738607
vt 0.208980 0.760746
vt 0.193433 0.753282
vt 0.578305 0.788819
vt 0.569742 0.769732
vt 0.557492 0.789842
vt 0.551327 0.774608
vt 0.198899 0.774608
vt 0.180484 0.769732
vt 0.192734 0.789842
vt 0.171921 0.788819
vt 0.573835 0.831938
vt 0.580442 0.810681
vt 0.553278 0.821575
vt 0.558490 0.806171
vt 0.191736 0.806171
vt 0.169784 0.810681
vt 0.196948 0.821575
vt 0.176391 0.831938
vt 0.534023 0.860442
vt 0.557245 0.848936
vt 0.524733 0.842213
vt 0.541426 0.833901
vt 0.208800 0.833901
vt 0.192981 0.848936
vt 0.225493 0.842213
vt 0.216203 0.860442
vt 0.508191 0.866036
vt 0.481859 0.866134
vt 0.485167 0.845417
vt 0.505421 0.846022
vt 0.265059 0.845417
vt 0.268367 0.866134
vt 0.242035 0.866036
vt 0.244805 0.846022
vt 0.770332 0.184676
vt 0.763030 0.197103
vt 0.783132 0.175257
vt 0.786150 0.181127
vt 0.777626 0.186156
vt 0.774208 0.194778
vt 0.213850 0.181127
vt 0.216869 0.175257
vt 0.229668 0.184676
vt 0.222374 0.186156
vt 0.236970 0.197103
vt 0.225792 0.194778
vt 0.408153 0.587507
vt 0.469381 0.617758
vt 0.453411 0.647273
vt 0.408882 0.630765
vt 0.450049 0.676375
vt 0.409610 0.674022
vt 0.296815 0.647273
vt 0.300177 0.676375
vt 0.280845 0.617758
vt 0.342073 0.587507
vt 0.341345 0.630765
vt 0.340616 0.674022
vt 0.765874 0.213520
vt 0.777530 0.207879
vt 0.234126 0.213520
vt 0.222470 0.207879
vt 0.400301 0.910556
vt 0.407228 0.894437
vt 0.439551 0.909525
vt 0.432409 0.934872
vt 0.414155 0.878318
vt 0.447072 0.885130
vt 0.303154 0.885131
vt 0.310675 0.909525
vt 0.336071 0.878318
vt 0.342998 0.894437
vt 0.349925 0.910556
vt 0.317818 0.934872
vt 0.454406 0.698551
vt 0.460003 0.714724
vt 0.444369 0.714480
vt 0.432071 0.698602
vt 0.305857 0.714480
vt 0.290223 0.714724
vt 0.295820 0.698551
vt 0.318155 0.698602
vt 0.430148 0.728711
vt 0.415721 0.720660
vt 0.419682 0.707193
vt 0.434438 0.719796
vt 0.392812 0.710774
vt 0.401211 0.692398
vt 0.349015 0.692398
vt 0.330544 0.707194
vt 0.357414 0.710774
vt 0.334505 0.720660
vt 0.320078 0.728711
vt 0.315788 0.719796
vt 0.423608 0.756432
vt 0.411463 0.743520
vt 0.420204 0.736114
vt 0.427559 0.748080
vt 0.430302 0.738481
vt 0.431951 0.745678
vt 0.330022 0.736114
vt 0.319924 0.738481
vt 0.338763 0.743520
vt 0.326618 0.756432
vt 0.322667 0.748080
vt 0.318275 0.745678
vt 0.427743 0.795436
vt 0.412294 0.802298
vt 0.409195 0.769765
vt 0.423542 0.773857
vt 0.391578 0.815187
vt 0.392195 0.762981
vt 0.358031 0.762981
vt 0.341031 0.769765
vt 0.358648 0.815187
vt 0.337932 0.802298
vt 0.322483 0.795436
vt 0.326684 0.773857
vt 0.402867 0.846753
vt 0.420886 0.829514
vt 0.435134 0.849876
vt 0.436040 0.815125
vt 0.448675 0.830507
vt 0.329340 0.829514
vt 0.314186 0.815125
vt 0.347360 0.846753
vt 0.315092 0.849876
vt 0.301551 0.830507
vt 0.456683 0.861151
vt 0.465599 0.840461
vt 0.293543 0.861151
vt 0.284627 0.840461
vt 0.791773 0.206854
vt 0.797593 0.206598
vt 0.797710 0.195652
vt 0.800145 0.197705
vt 0.802580 0.199758
vt 0.802765 0.201587
vt 0.197420 0.199758
vt 0.199855 0.197705
vt 0.202407 0.206598
vt 0.197235 0.201587
vt 0.202290 0.195652
vt 0.208228 0.206854
vt 0.786094 0.199471
vt 0.782492 0.190815
vt 0.789609 0.184671
vt 0.793660 0.190162
vt 0.210391 0.184671
vt 0.217508 0.190815
vt 0.213906 0.199471
vt 0.206341 0.190162
vt 0.782271 0.186127
vt 0.787880 0.182899
vt 0.212121 0.182899
vt 0.217730 0.186127
vt 0.472511 0.824106
vt 0.487963 0.828981
vt 0.458652 0.815659
vt 0.466180 0.803889
vt 0.477937 0.811208
vt 0.490554 0.816033
vt 0.284046 0.803889
vt 0.291574 0.815659
vt 0.277715 0.824106
vt 0.272289 0.811208
vt 0.262263 0.828981
vt 0.259672 0.816033
vt 0.447530 0.803765
vt 0.439422 0.789579
vt 0.448088 0.783689
vt 0.456118 0.794388
vt 0.302138 0.783689
vt 0.310804 0.789579
vt 0.302697 0.803765
vt 0.294108 0.794388
vt 0.434430 0.774883
vt 0.432908 0.762868
vt 0.438903 0.765722
vt 0.442266 0.773174
vt 0.311323 0.765722
vt 0.317318 0.762868
vt 0.315796 0.774883
vt 0.307960 0.773174
vt 0.434934 0.755645
vt 0.437813 0.750373
vt 0.444880 0.756293
vt 0.441639 0.761612
vt 0.305346 0.756293
vt 0.312414 0.750373
vt 0.315292 0.755645
vt 0.308587 0.761612
vt 0.439277 0.743779
vt 0.441036 0.736364
vt 0.450156 0.743396
vt 0.447517 0.750025
vt 0.300070 0.743396
vt 0.309190 0.736364
vt 0.310949 0.743780
vt 0.302709 0.750025
vt 0.445033 0.729698
vt 0.452267 0.725889
vt 0.456628 0.732950
vt 0.453480 0.737248
vt 0.293598 0.732950
vt 0.297959 0.725889
vt 0.305193 0.729698
vt 0.296746 0.737248
vt 0.463534 0.726810
vt 0.477300 0.731314
vt 0.475253 0.740887
vt 0.464370 0.735905
vt 0.274973 0.740887
vt 0.272926 0.731314
vt 0.286692 0.726810
vt 0.285856 0.735905
vt 0.503644 0.830386
vt 0.518173 0.828287
vt 0.503021 0.818250
vt 0.514138 0.817861
vt 0.246582 0.830386
vt 0.247205 0.818250
vt 0.232053 0.828287
vt 0.236088 0.817861
vt 0.530198 0.822686
vt 0.538533 0.813905
vt 0.522718 0.814756
vt 0.528105 0.808602
vt 0.220028 0.822686
vt 0.227508 0.814756
vt 0.211693 0.813905
vt 0.222121 0.808602
vt 0.542359 0.802666
vt 0.541688 0.790371
vt 0.530589 0.800274
vt 0.529884 0.790937
vt 0.207867 0.802666
vt 0.219637 0.800274
vt 0.208538 0.790370
vt 0.220342 0.790937
vt 0.536851 0.778343
vt 0.528652 0.766937
vt 0.525704 0.781560
vt 0.518616 0.772368
vt 0.213375 0.778343
vt 0.224522 0.781560
vt 0.221574 0.766937
vt 0.231610 0.772368
vt 0.517955 0.756285
vt 0.505399 0.746589
vt 0.509370 0.763442
vt 0.498612 0.755016
vt 0.232271 0.756285
vt 0.240856 0.763442
vt 0.244827 0.746589
vt 0.251614 0.755016
vt 0.491597 0.738115
vt 0.486986 0.747379
vt 0.258629 0.738115
vt 0.263240 0.747379
vt 0.455685 0.756610
vt 0.452087 0.763081
vt 0.459045 0.749893
vt 0.468180 0.756304
vt 0.464135 0.763449
vt 0.459747 0.770475
vt 0.282046 0.756304
vt 0.291181 0.749893
vt 0.294541 0.756610
vt 0.286091 0.763449
vt 0.298139 0.763080
vt 0.290479 0.770475
vt 0.473058 0.770482
vt 0.468227 0.778068
vt 0.477670 0.763032
vt 0.487212 0.769934
vt 0.482260 0.777402
vt 0.477403 0.785326
vt 0.263014 0.769934
vt 0.272556 0.763032
vt 0.277168 0.770482
vt 0.267966 0.777402
vt 0.281999 0.778068
vt 0.272823 0.785326
vt 0.491422 0.783852
vt 0.486979 0.791737
vt 0.496379 0.776723
vt 0.504655 0.783088
vt 0.500080 0.789536
vt 0.496472 0.797007
vt 0.245572 0.783088
vt 0.253848 0.776723
vt 0.258804 0.783852
vt 0.250146 0.789536
vt 0.263247 0.791737
vt 0.253754 0.797007
vt 0.507840 0.794163
vt 0.505391 0.800947
vt 0.511487 0.788671
vt 0.515916 0.792605
vt 0.514839 0.797337
vt 0.513407 0.803572
vt 0.234310 0.792605
vt 0.238739 0.788671
vt 0.242386 0.794163
vt 0.235387 0.797337
vt 0.244835 0.800947
vt 0.236819 0.803572
vt 0.503671 0.808749
vt 0.512591 0.810111
vt 0.493347 0.805634
vt 0.256879 0.805634
vt 0.246555 0.808749
vt 0.237635 0.810111
vt 0.472218 0.793997
vt 0.482612 0.800664
vt 0.267614 0.800664
vt 0.278008 0.793996
vt 0.462780 0.785958
vt 0.454615 0.777290
vt 0.295611 0.777290
vt 0.287446 0.785958
vt 0.447806 0.768861
vt 0.302420 0.768861
vt 0.462329 0.743171
vt 0.472052 0.748977
vt 0.278174 0.748977
vt 0.287897 0.743171
vt 0.492608 0.762628
vt 0.482333 0.755496
vt 0.267893 0.755496
vt 0.257618 0.762628
vt 0.510721 0.777545
vt 0.502268 0.770080
vt 0.247958 0.770081
vt 0.239505 0.777545
vt 0.521280 0.791790
vt 0.517340 0.784766
vt 0.232886 0.784766
vt 0.228946 0.791790
vt 0.520518 0.805432
vt 0.521914 0.798867
vt 0.228313 0.798867
vt 0.229708 0.805432
vt 0.518623 0.810120
vt 0.231603 0.810120
vt 0.566273 0.646693
vt 0.589878 0.668123
vt 0.538478 0.622491
vt 0.573626 0.608689
vt 0.594854 0.633867
vt 0.613430 0.656303
vt 0.176600 0.608689
vt 0.211748 0.622491
vt 0.183953 0.646693
vt 0.155372 0.633867
vt 0.160348 0.668123
vt 0.136796 0.656303
vt 0.611015 0.687599
vt 0.631455 0.705072
vt 0.629727 0.676448
vt 0.644209 0.693364
vt 0.139211 0.687599
vt 0.120499 0.676448
vt 0.118771 0.705072
vt 0.106017 0.693364
vt 0.652619 0.719468
vt 0.673244 0.724813
vt 0.657429 0.705559
vt 0.668306 0.711200
vt 0.097607 0.719468
vt 0.092797 0.705559
vt 0.076982 0.724813
vt 0.081920 0.711200
vt 0.727131 0.698475
vt 0.705503 0.727743
vt 0.688458 0.712496
vt 0.697858 0.689895
vt 0.673880 0.702051
vt 0.676134 0.685740
vt 0.061769 0.712496
vt 0.076346 0.702051
vt 0.044724 0.727743
vt 0.023095 0.698475
vt 0.052368 0.689895
vt 0.074092 0.685740
vt 0.729804 0.624370
vt 0.728468 0.661423
vt 0.699766 0.662313
vt 0.697046 0.633912
vt 0.673443 0.664330
vt 0.666976 0.640519
vt 0.050460 0.662313
vt 0.076783 0.664330
vt 0.021759 0.661423
vt 0.020422 0.624370
vt 0.053180 0.633911
vt 0.083250 0.640519
vt 0.721292 0.572934
vt 0.725548 0.598652
vt 0.691519 0.608294
vt 0.685094 0.585386
vt 0.658096 0.616815
vt 0.648021 0.594018
vt 0.058707 0.608294
vt 0.092130 0.616815
vt 0.024678 0.598652
vt 0.028934 0.572934
vt 0.065132 0.585385
vt 0.102205 0.594018
vt 0.639121 0.647453
vt 0.625722 0.624589
vt 0.610651 0.600456
vt 0.124504 0.624589
vt 0.139575 0.600456
vt 0.111105 0.647453
vt 0.650242 0.668729
vt 0.658459 0.686389
vt 0.091767 0.686389
vt 0.099984 0.668729
vt 0.663087 0.697564
vt 0.087139 0.697564
vt 0.630034 0.557583
vt 0.673872 0.547863
vt 0.679222 0.565658
vt 0.637955 0.572856
vt 0.717709 0.538143
vt 0.719501 0.555539
vt 0.030726 0.555539
vt 0.071005 0.565658
vt 0.032517 0.538143
vt 0.076355 0.547863
vt 0.120192 0.557583
vt 0.112271 0.572856
vt 0.594605 0.574978
vt 0.578456 0.548409
vt 0.549921 0.579473
vt 0.526877 0.539235
vt 0.155621 0.574978
vt 0.200305 0.579473
vt 0.171771 0.548409
vt 0.223349 0.539235
vt 0.467515 0.563371
vt 0.505198 0.594610
vt 0.245028 0.594610
vt 0.282711 0.563371
s 1
f 47/1/47 509/2/509 1513/3/1513 508/4/508
f 509/2/509 1/5/1 510/6/510 1513/3/1513
f 1513/3/1513 510/6/510 3/7/3 511/8/511
f 508/4/508 1513/3/1513 511/8/511 45/9/45
f 4/10/4 513/11/513 1514/12/1514 512/13/512
f 513/11/513 2/14/2 514/15/514 1514/12/1514
f 1514/12/1514 514/15/514 48/16/48 515/17/515
f 512/13/512 1514/12/1514 515/17/515 46/18/46
f 45/9/45 511/8/511 1515/19/1515 516/20/516
f 511/8/511 3/7/3 517/21/517 1515/19/1515
f 1515/19/1515 517/21/517 5/22/5 518/23/518
f 516/20/516 1515/19/1515 518/23/518 43/24/43
f 6/25/6 520/26/520 1516/27/1516 519/28/519
f 520/26/520 4/10/4 512/13/512 1516/27/1516
f 1516/27/1516 512/13/512 46/18/46 521/29/521
f 519/28/519 1516/27/1516 521/29/521 44/30/44
f 3/7/3 522/31/522 1517/32/1517 517/21/517
f 522/31/522 9/33/9 523/34/523 1517/32/1517
f 1517/32/1517 523/34/523 7/35/7 524/36/524
f 517/21/517 1517/32/1517 524/36/524 5/22/5
f 8/37/8 526/38/526 1518/39/1518 525/40/525
f 526/38/526 10/41/10 527/42/527 1518/39/1518
f 1518/39/1518 527/42/527 4/10/4 520/26/520
f 525/40/525 1518/39/1518 520/26/520 6/25/6
f 1/5/1 528/43/528 1519/44/1519 510/6/510
f 528/43/528 11/45/11 529/46/529 1519/44/1519
f 1519/44/1519 529/46/529 9/33/9 522/31/522
f 510/6/510 1519/44/1519 522/31/522 3/7/3
f 10/41/10 530/47/530 1520/48/1520 527/42/527
f 530/47/530 12/49/12 531/50/531 1520/48/1520
f 1520/48/1520 531/50/531 2/14/2 513/11/513
f 527/42/527 1520/48/1520 513/11/513 4/10/4
f 11/45/11 532/51/532 1521/52/1521 529/46/529
f 532/51/532 13/53/13 533/54/533 1521/52/1521
f 1521/52/1521 533/54/533 15/55/15 534/56/534
f 529/46/529 1521/52/1521 534/56/534 9/33/9
f 16/57/16 536/58/536 1522/59/1522 535/60/535
f 536/58/536 14/61/14 537/62/537 1522/59/1522
f 1522/59/1522 537/62/537 12/49/12 530/47/530
f 535/60/535 1522/59/1522 530/47/530 10/41/10
f 9/33/9 534/56/534 1523/63/1523 523/34/523
f 534/56/534 15/55/15 538/64/538 1523/63/1523
f 1523/63/1523 538/64/538 17/65/17 539/66/539
f 523/34/523 1523/63/1523 539/66/539 7/35/7
f 18/67/18 541/68/541 1524/69/1524 540/70/540
f 541/68/541 16/57/16 535/60/535 1524/69/1524
f 1524/69/1524 535/60/535 10/41/10 526/38/526
f 540/70/540 1524/69/1524 526/38/526 8/37/8
f 15/55/15 542/71/542 1525/72/1525 538/64/538
f 542/71/542 21/73/21 543/74/543 1525/72/1525
f 1525/72/1525 543/74/543 19/75/19 544/76/544
f 538/64/538 1525/72/1525 544/76/544 17/65/17
f 20/77/20 546/78/546 1526/79/1526 545/80/545
f 546/78/546 22/81/22 547/82/547 1526/79/1526
f 1526/79/1526 547/82/547 16/57/16 541/68/541
f 545/80/545 1526/79/1526 541/68/541 18/67/18
f 13/53/13 548/83/548 1527/84/1527 533/54/533
f 548/83/548 23/85/23 549/86/549 1527/84/1527
f 1527/84/1527 549/86/549 21/73/21 542/71/542
f 533/54/533 1527/84/1527 542/71/542 15/55/15
f 22/81/22 550/87/550 1528/88/1528 547/82/547
f 550/87/550 24/89/24 551/90/551 1528/88/1528
f 1528/88/1528 551/90/551 14/61/14 536/58/536
f 547/82/547 1528/88/1528 536/58/536 16/57/16
f 23/85/23 552/91/552 1529/92/1529 549/86/549
f 552/91/552 25/93/25 553/94/553 1529/92/1529
f 1529/92/1529 553/94/553 27/95/27 554/96/554
f 549/86/549 1529/92/1529 554/96/554 21/73/21
f 28/97/28 556/98/556 1530/99/1530 555/100/555
f 556/98/556 26/101/26 557/102/557 1530/99/1530
f 1530/99/1530 557/102/557 24/89/24 550/87/550
f 555/100/555 1530/99/1530 550/87/550 22/81/22
f 21/73/21 554/96/554 1531/103/1531 543/74/543
f 554/96/554 27/95/27 558/104/558 1531/103/1531
f 1531/103/1531 558/104/558 29/105/29 559/106/559
f 543/74/543 1531/103/1531 559/106/559 19/75/19
f 30/107/30 561/108/561 1532/109/1532 560/110/560
f 561/108/561 28/97/28 555/100/555 1532/109/1532
f 1532/109/1532 555/100/555 22/81/22 546/78/546
f 560/110/560 1532/109/1532 546/78/546 20/77/20
f 27/95/27 562/111/562 1533/112/1533 558/104/558
f 562/111/562 33/113/33 563/114/563 1533/112/1533
f 1533/112/1533 563/114/563 31/115/31 564/116/564
f 558/104/558 1533/112/1533 564/116/564 29/105/29
f 32/117/32 566/118/566 1534/119/1534 565/120/565
f 566/118/566 34/121/34 567/122/567 1534/119/1534
f 1534/119/1534 567/122/567 28/97/28 561/108/561
f 565/120/565 1534/119/1534 561/108/561 30/107/30
f 25/93/25 568/123/568 1535/124/1535 553/94/553
f 568/123/568 35/125/35 569/126/569 1535/124/1535
f 1535/124/1535 569/126/569 33/113/33 562/111/562
f 553/94/553 1535/124/1535 562/111/562 27/95/27
f 34/121/34 570/127/570 1536/128/1536 567/122/567
f 570/127/570 36/129/36 571/130/571 1536/128/1536
f 1536/128/1536 571/130/571 26/101/26 556/98/556
f 567/122/567 1536/128/1536 556/98/556 28/97/28
f 35/125/35 572/131/572 1537/132/1537 569/126/569
f 572/131/572 37/133/37 573/134/573 1537/132/1537
f 1537/132/1537 573/134/573 39/135/39 574/136/574
f 569/126/569 1537/132/1537 574/136/574 33/113/33
f 40/137/40 576/138/576 1538/139/1538 575/140/575
f 576/138/576 38/141/38 577/142/577 1538/139/1538
f 1538/139/1538 577/142/577 36/129/36 570/127/570
f 575/140/575 1538/139/1538 570/127/570 34/121/34
f 33/113/33 574/136/574 1539/143/1539 563/114/563
f 574/136/574 39/135/39 578/144/578 1539/143/1539
f 1539/143/1539 578/144/578 41/145/41 579/146/579
f 563/114/563 1539/143/1539 579/146/579 31/115/31
f 42/147/42 581/148/581 1540/149/1540 580/150/580
f 581/148/581 40/137/40 575/140/575 1540/149/1540
f 1540/149/1540 575/140/575 34/121/34 566/118/566
f 580/150/580 1540/149/1540 566/118/566 32/117/32
f 39/135/39 582/151/582 1541/152/1541 578/144/578
f 582/151/582 45/9/45 516/20/516 1541/152/1541
f 1541/152/1541 516/20/516 43/24/43 583/153/583
f 578/144/578 1541/152/1541 583/153/583 41/145/41
f 44/30/44 521/29/521 1542/154/1542 584/155/584
f 521/29/521 46/18/46 585/156/585 1542/154/1542
f 1542/154/1542 585/156/585 40/137/40 581/148/581
f 584/155/584 1542/154/1542 581/148/581 42/147/42
f 37/133/37 586/157/586 1543/158/1543 573/134/573
f 586/157/586 47/1/47 508/4/508 1543/158/1543
f 1543/158/1543 508/4/508 45/9/45 582/151/582
f 573/134/573 1543/158/1543 582/151/582 39/135/39
f 46/18/46 515/17/515 1544/159/1544 585/156/585
f 515/17/515 48/16/48 587/160/587 1544/159/1544
f 1544/159/1544 587/160/587 38/141/38 576/138/576
f 585/156/585 1544/159/1544 576/138/576 40/137/40
f 47/1/47 586/157/586 1545/161/1545 588/162/588
f 586/157/586 37/133/37 589/163/589 1545/161/1545
f 1545/161/1545 589/163/589 51/164/51 590/165/590
f 588/162/588 1545/161/1545 590/165/590 49/166/49
f 52/167/52 592/168/592 1546/169/1546 591/170/591
f 592/168/592 38/141/38 587/160/587 1546/169/1546
f 1546/169/1546 587/160/587 48/16/48 593/171/593
f 591/170/591 1546/169/1546 593/171/593 50/172/50
f 37/133/37 572/131/572 1547/173/1547 589/163/589
f 572/131/572 35/125/35 594/174/594 1547/173/1547
f 1547/173/1547 594/174/594 53/175/53 595/176/595
f 589/163/589 1547/173/1547 595/176/595 51/164/51
f 54/177/54 597/178/597 1548/179/1548 596/180/596
f 597/178/597 36/129/36 577/142/577 1548/179/1548
f 1548/179/1548 577/142/577 38/141/38 592/168/592
f 596/180/596 1548/179/1548 592/168/592 52/167/52
f 35/125/35 568/123/568 1549/181/1549 594/174/594
f 568/123/568 25/93/25 598/182/598 1549/181/1549
f 1549/181/1549 598/182/598 55/183/55 599/184/599
f 594/174/594 1549/181/1549 599/184/599 53/175/53
f 56/185/56 601/186/601 1550/187/1550 600/188/600
f 601/186/601 26/101/26 571/130/571 1550/187/1550
f 1550/187/1550 571/130/571 36/129/36 597/178/597
f 600/188/600 1550/187/1550 597/178/597 54/177/54
f 25/93/25 552/91/552 1551/189/1551 598/182/598
f 552/91/552 23/85/23 602/190/602 1551/189/1551
f 1551/189/1551 602/190/602 57/191/57 603/192/603
f 598/182/598 1551/189/1551 603/192/603 55/183/55
f 58/193/58 605/194/605 1552/195/1552 604/196/604
f 605/194/605 24/89/24 557/102/557 1552/195/1552
f 1552/195/1552 557/102/557 26/101/26 601/186/601
f 604/196/604 1552/195/1552 601/186/601 56/185/56
f 23/85/23 548/83/548 1553/197/1553 602/190/602
f 548/83/548 13/53/13 606/198/606 1553/197/1553
f 1553/197/1553 606/198/606 59/199/59 607/200/607
f 602/190/602 1553/197/1553 607/200/607 57/191/57
f 60/201/60 609/202/609 1554/203/1554 608/204/608
f 609/202/609 14/61/14 551/90/551 1554/203/1554
f 1554/203/1554 551/90/551 24/89/24 605/194/605
f 608/204/608 1554/203/1554 605/194/605 58/193/58
f 13/53/13 532/51/532 1555/205/1555 606/198/606
f 532/51/532 11/45/11 610/206/610 1555/205/1555
f 1555/205/1555 610/206/610 63/207/63 611/208/611
f 606/198/606 1555/205/1555 611/208/611 59/199/59
f 64/209/64 613/210/613 1556/211/1556 612/212/612
f 613/210/613 12/49/12 537/62/537 1556/211/1556
f 1556/211/1556 537/62/537 14/61/14 609/202/609
f 612/212/612 1556/211/1556 609/202/609 60/201/60
f 11/45/11 528/43/528 1557/213/1557 610/206/610
f 528/43/528 1/5/1 614/214/614 1557/213/1557
f 1557/213/1557 614/214/614 65/215/65 615/216/615
f 610/206/610 1557/213/1557 615/216/615 63/207/63
f 66/217/66 617/218/617 1558/219/1558 616/220/616
f 617/218/617 2/14/2 531/50/531 1558/219/1558
f 1558/219/1558 531/50/531 12/49/12 613/210/613
f 616/220/616 1558/219/1558 613/210/613 64/209/64
f 1/5/1 509/2/509 1559/221/1559 614/214/614
f 509/2/509 47/1/47 588/162/588 1559/221/1559
f 1559/221/1559 588/162/588 49/166/49 618/222/618
f 614/214/614 1559/221/1559 618/222/618 65/215/65
f 50/172/50 593/171/593 1560/223/1560 619/224/619
f 593/171/593 48/16/48 514/15/514 1560/223/1560
f 1560/223/1560 514/15/514 2/14/2 617/218/617
f 619/224/619 1560/223/1560 617/218/617 66/217/66
f 61/225/61 621/226/621 1561/227/1561 620/228/620
f 65/215/65 618/222/618 1561/227/1561 621/226/621
f 49/166/49 620/228/620 1561/227/1561 618/222/618
f 50/172/50 619/224/619 1562/229/1562 622/230/622
f 66/217/66 623/231/623 1562/229/1562 619/224/619
f 62/232/62 622/230/622 1562/229/1562 623/231/623
f 63/207/63 615/216/615 1563/233/1563 624/234/624
f 65/215/65 621/226/621 1563/233/1563 615/216/615
f 61/225/61 624/234/624 1563/233/1563 621/226/621
f 62/232/62 623/231/623 1564/235/1564 625/236/625
f 66/217/66 616/220/616 1564/235/1564 623/231/623
f 64/209/64 625/236/625 1564/235/1564 616/220/616
f 61/225/61 626/237/626 1565/238/1565 624/234/624
f 59/199/59 611/208/611 1565/238/1565 626/237/626
f 63/207/63 624/234/624 1565/238/1565 611/208/611
f 64/209/64 612/212/612 1566/239/1566 625/236/625
f 60/201/60 627/240/627 1566/239/1566 612/212/612
f 62/232/62 625/236/625 1566/239/1566 627/240/627
f 61/225/61 628/241/628 1567/242/1567 626/237/626
f 57/191/57 607/200/607 1567/242/1567 628/241/628
f 59/199/59 626/237/626 1567/242/1567 607/200/607
f 60/201/60 608/204/608 1568/243/1568 627/240/627
f 58/193/58 629/244/629 1568/243/1568 608/204/608
f 62/232/62 627/240/627 1568/243/1568 629/244/629
f 61/225/61 630/245/630 1569/246/1569 628/241/628
f 55/183/55 603/192/603 1569/246/1569 630/245/630
f 57/191/57 628/241/628 1569/246/1569 603/192/603
f 58/193/58 604/196/604 1570/247/1570 629/244/629
f 56/185/56 631/248/631 1570/247/1570 604/196/604
f 62/232/62 629/244/629 1570/247/1570 631/248/631
f 61/225/61 632/249/632 1571/250/1571 630/245/630
f 53/175/53 599/184/599 1571/250/1571 632/249/632
f 55/183/55 630/245/630 1571/250/1571 599/184/599
f 56/185/56 600/188/600 1572/251/1572 631/248/631
f 54/177/54 633/252/633 1572/251/1572 600/188/600
f 62/232/62 631/248/631 1572/251/1572 633/252/633
f 61/225/61 634/253/634 1573/254/1573 632/249/632
f 51/164/51 595/176/595 1573/254/1573 634/253/634
f 53/175/53 632/249/632 1573/254/1573 595/176/595
f 54/177/54 596/180/596 1574/255/1574 633/252/633
f 52/167/52 635/256/635 1574/255/1574 596/180/596
f 62/232/62 633/252/633 1574/255/1574 635/256/635
f 61/225/61 620/228/620 1575/257/1575 634/253/634
f 49/166/49 590/165/590 1575/257/1575 620/228/620
f 51/164/51 634/253/634 1575/257/1575 590/165/590
f 52/167/52 591/170/591 1576/258/1576 635/256/635
f 50/172/50 622/230/622 1576/258/1576 591/170/591
f 62/232/62 635/256/635 1576/258/1576 622/230/622
f 89/259/89 637/260/637 1577/261/1577 636/262/636
f 637/260/637 174/263/174 638/264/638 1577/261/1577
f 1577/261/1577 638/264/638 176/265/176 639/266/639
f 636/262/636 1577/261/1577 639/266/639 91/267/91
f 176/265/176 640/268/640 1578/269/1578 639/266/639
f 640/268/640 175/270/175 641/271/641 1578/269/1578
f 1578/269/1578 641/271/641 90/272/90 642/273/642
f 639/266/639 1578/269/1578 642/273/642 91/267/91
f 87/274/87 644/275/644 1579/276/1579 643/277/643
f 644/275/644 172/278/172 645/279/645 1579/276/1579
f 1579/276/1579 645/279/645 174/263/174 637/260/637
f 643/277/643 1579/276/1579 637/260/637 89/259/89
f 175/270/175 646/280/646 1580/281/1580 641/271/641
f 646/280/646 173/282/173 647/283/647 1580/281/1580
f 1580/281/1580 647/283/647 88/284/88 648/285/648
f 641/271/641 1580/281/1580 648/285/648 90/272/90
f 85/286/85 650/287/650 1581/288/1581 649/289/649
f 650/287/650 170/290/170 651/291/651 1581/288/1581
f 1581/288/1581 651/291/651 172/278/172 644/275/644
f 649/289/649 1581/288/1581 644/275/644 87/274/87
f 173/282/173 652/292/652 1582/293/1582 647/283/647
f 652/292/652 171/294/171 653/295/653 1582/293/1582
f 1582/293/1582 653/295/653 86/296/86 654/297/654
f 647/283/647 1582/293/1582 654/297/654 88/284/88
f 83/298/83 656/299/656 1583/300/1583 655/301/655
f 656/299/656 168/302/168 657/303/657 1583/300/1583
f 1583/300/1583 657/303/657 170/290/170 650/287/650
f 655/301/655 1583/300/1583 650/287/650 85/286/85
f 171/294/171 658/304/658 1584/305/1584 653/295/653
f 658/304/658 169/306/169 659/307/659 1584/305/1584
f 1584/305/1584 659/307/659 84/308/84 660/309/660
f 653/295/653 1584/305/1584 660/309/660 86/296/86
f 81/310/81 662/311/662 1585/312/1585 661/313/661
f 662/311/662 166/314/166 663/315/663 1585/312/1585
f 1585/312/1585 663/315/663 168/302/168 656/299/656
f 661/313/661 1585/312/1585 656/299/656 83/298/83
f 169/306/169 664/316/664 1586/317/1586 659/307/659
f 664/316/664 167/318/167 665/319/665 1586/317/1586
f 1586/317/1586 665/319/665 82/320/82 666/321/666
f 659/307/659 1586/317/1586 666/321/666 84/308/84
f 79/322/79 668/323/668 1587/324/1587 667/325/667
f 668/323/668 92/326/92 669/327/669 1587/324/1587
f 1587/324/1587 669/327/669 146/328/146 670/329/670
f 667/325/667 1587/324/1587 670/329/670 164/330/164
f 147/331/147 672/332/672 1588/333/1588 671/334/671
f 672/332/672 93/335/93 673/336/673 1588/333/1588
f 1588/333/1588 673/336/673 80/337/80 674/338/674
f 671/334/671 1588/333/1588 674/338/674 165/339/165
f 92/326/92 675/340/675 1589/341/1589 669/327/669
f 675/340/675 94/342/94 676/343/676 1589/341/1589
f 1589/341/1589 676/343/676 148/344/148 677/345/677
f 669/327/669 1589/341/1589 677/345/677 146/328/146
f 149/346/149 679/347/679 1590/348/1590 678/349/678
f 679/347/679 95/350/95 680/351/680 1590/348/1590
f 1590/348/1590 680/351/680 93/335/93 672/332/672
f 678/349/678 1590/348/1590 672/332/672 147/331/147
f 94/342/94 681/352/681 1591/353/1591 676/343/676
f 681/352/681 96/354/96 682/355/682 1591/353/1591
f 1591/353/1591 682/355/682 150/356/150 683/357/683
f 676/343/676 1591/353/1591 683/357/683 148/344/148
f 151/358/151 685/359/685 1592/360/1592 684/361/684
f 685/359/685 97/362/97 686/363/686 1592/360/1592
f 1592/360/1592 686/363/686 95/350/95 679/347/679
f 684/361/684 1592/360/1592 679/347/679 149/346/149
f 96/354/96 687/364/687 1593/365/1593 682/355/682
f 687/364/687 98/366/98 688/367/688 1593/365/1593
f 1593/365/1593 688/367/688 152/368/152 689/369/689
f 682/355/682 1593/365/1593 689/369/689 150/356/150
f 153/370/153 691/371/691 1594/372/1594 690/373/690
f 691/371/691 99/374/99 692/375/692 1594/372/1594
f 1594/372/1594 692/375/692 97/362/97 685/359/685
f 690/373/690 1594/372/1594 685/359/685 151/358/151
f 98/366/98 693/376/693 1595/377/1595 688/367/688
f 693/376/693 100/378/100 694/379/694 1595/377/1595
f 1595/377/1595 694/379/694 154/380/154 695/381/695
f 688/367/688 1595/377/1595 695/381/695 152/368/152
f 155/382/155 697/383/697 1596/384/1596 696/385/696
f 697/383/697 101/386/101 698/387/698 1596/384/1596
f 1596/384/1596 698/387/698 99/374/99 691/371/691
f 696/385/696 1596/384/1596 691/371/691 153/370/153
f 100/378/100 699/388/699 1597/389/1597 694/379/694
f 699/388/699 102/390/102 700/391/700 1597/389/1597
f 1597/389/1597 700/391/700 156/392/156 701/393/701
f 694/379/694 1597/389/1597 701/393/701 154/380/154
f 157/394/157 703/395/703 1598/396/1598 702/397/702
f 703/395/703 103/398/103 704/399/704 1598/396/1598
f 1598/396/1598 704/399/704 101/386/101 697/383/697
f 702/397/702 1598/396/1598 697/383/697 155/382/155
f 102/390/102 705/400/705 1599/401/1599 700/391/700
f 705/400/705 104/402/104 706/403/706 1599/401/1599
f 1599/401/1599 706/403/706 158/404/158 707/405/707
f 700/391/700 1599/401/1599 707/405/707 156/392/156
f 159/406/159 709/407/709 1600/408/1600 708/409/708
f 709/407/709 105/410/105 710/411/710 1600/408/1600
f 1600/408/1600 710/411/710 103/398/103 703/395/703
f 708/409/708 1600/408/1600 703/395/703 157/394/157
f 104/402/104 711/412/711 1601/413/1601 706/403/706
f 711/412/711 106/414/106 712/415/712 1601/413/1601
f 1601/413/1601 712/415/712 160/416/160 713/417/713
f 706/403/706 1601/413/1601 713/417/713 158/404/158
f 161/418/161 715/419/715 1602/420/1602 714/421/714
f 715/419/715 107/422/107 716/423/716 1602/420/1602
f 1602/420/1602 716/423/716 105/410/105 709/407/709
f 714/421/714 1602/420/1602 709/407/709 159/406/159
f 106/414/106 717/424/717 1603/425/1603 712/415/712
f 717/424/717 108/426/108 718/427/718 1603/425/1603
f 1603/425/1603 718/427/718 162/428/162 719/429/719
f 712/415/712 1603/425/1603 719/429/719 160/416/160
f 163/430/163 721/431/721 1604/432/1604 720/433/720
f 721/431/721 109/434/109 722/435/722 1604/432/1604
f 1604/432/1604 722/435/722 107/422/107 715/419/715
f 720/433/720 1604/432/1604 715/419/715 161/418/161
f 108/426/108 723/436/723 1605/437/1605 718/427/718
f 723/436/723 67/438/67 724/439/724 1605/437/1605
f 1605/437/1605 724/439/724 68/440/68 725/441/725
f 718/427/718 1605/437/1605 725/441/725 162/428/162
f 68/440/68 724/439/724 1606/442/1606 726/443/726
f 724/439/724 67/438/67 727/444/727 1606/442/1606
f 1606/442/1606 727/444/727 109/434/109 721/431/721
f 726/443/726 1606/442/1606 721/431/721 163/430/163
f 110/445/110 729/446/729 1607/447/1607 728/448/728
f 729/446/729 128/449/128 730/450/730 1607/447/1607
f 1607/447/1607 730/450/730 160/416/160 719/429/719
f 728/448/728 1607/447/1607 719/429/719 162/428/162
f 161/418/161 731/451/731 1608/452/1608 720/433/720
f 731/451/731 129/453/129 732/454/732 1608/452/1608
f 1608/452/1608 732/454/732 111/455/111 733/456/733
f 720/433/720 1608/452/1608 733/456/733 163/430/163
f 128/449/128 734/457/734 1609/458/1609 730/450/730
f 734/457/734 179/459/179 735/460/735 1609/458/1609
f 1609/458/1609 735/460/735 158/404/158 713/417/713
f 730/450/730 1609/458/1609 713/417/713 160/416/160
f 159/406/159 736/461/736 1610/462/1610 714/421/714
f 736/461/736 180/463/180 737/464/737 1610/462/1610
f 1610/462/1610 737/464/737 129/453/129 731/451/731
f 714/421/714 1610/462/1610 731/451/731 161/418/161
f 126/465/126 739/466/739 1611/467/1611 738/468/738
f 739/466/739 156/392/156 707/405/707 1611/467/1611
f 1611/467/1611 707/405/707 158/404/158 735/460/735
f 738/468/738 1611/467/1611 735/460/735 179/459/179
f 159/406/159 708/409/708 1612/469/1612 736/461/736
f 708/409/708 157/394/157 740/470/740 1612/469/1612
f 1612/469/1612 740/470/740 127/471/127 741/472/741
f 736/461/736 1612/469/1612 741/472/741 180/463/180
f 124/473/124 743/474/743 1613/475/1613 742/476/742
f 743/474/743 154/380/154 701/393/701 1613/475/1613
f 1613/475/1613 701/393/701 156/392/156 739/466/739
f 742/476/742 1613/475/1613 739/466/739 126/465/126
f 157/394/157 702/397/702 1614/477/1614 740/470/740
f 702/397/702 155/382/155 744/478/744 1614/477/1614
f 1614/477/1614 744/478/744 125/479/125 745/480/745
f 740/470/740 1614/477/1614 745/480/745 127/471/127
f 122/481/122 747/482/747 1615/483/1615 746/484/746
f 747/482/747 152/368/152 695/381/695 1615/483/1615
f 1615/483/1615 695/381/695 154/380/154 743/474/743
f 746/484/746 1615/483/1615 743/474/743 124/473/124
f 155/382/155 696/385/696 1616/485/1616 744/478/744
f 696/385/696 153/370/153 748/486/748 1616/485/1616
f 1616/485/1616 748/486/748 123/487/123 749/488/749
f 744/478/744 1616/485/1616 749/488/749 125/479/125
f 120/489/120 751/490/751 1617/491/1617 750/492/750
f 751/490/751 150/356/150 689/369/689 1617/491/1617
f 1617/491/1617 689/369/689 152/368/152 747/482/747
f 750/492/750 1617/491/1617 747/482/747 122/481/122
f 153/370/153 690/373/690 1618/493/1618 748/486/748
f 690/373/690 151/358/151 752/494/752 1618/493/1618
f 1618/493/1618 752/494/752 121/495/121 753/496/753
f 748/486/748 1618/493/1618 753/496/753 123/487/123
f 118/497/118 755/498/755 1619/499/1619 754/500/754
f 755/498/755 148/344/148 683/357/683 1619/499/1619
f 1619/499/1619 683/357/683 150/356/150 751/490/751
f 754/500/754 1619/499/1619 751/490/751 120/489/120
f 151/358/151 684/361/684 1620/501/1620 752/494/752
f 684/361/684 149/346/149 756/502/756 1620/501/1620
f 1620/501/1620 756/502/756 119/503/119 757/504/757
f 752/494/752 1620/501/1620 757/504/757 121/495/121
f 116/505/116 759/506/759 1621/507/1621 758/508/758
f 759/506/759 146/328/146 677/345/677 1621/507/1621
f 1621/507/1621 677/345/677 148/344/148 755/498/755
f 758/508/758 1621/507/1621 755/498/755 118/497/118
f 149/346/149 678/349/678 1622/509/1622 756/502/756
f 678/349/678 147/331/147 760/510/760 1622/509/1622
f 1622/509/1622 760/510/760 117/511/117 761/512/761
f 756/502/756 1622/509/1622 761/512/761 119/503/119
f 114/513/114 763/514/763 1623/515/1623 762/516/762
f 763/514/763 164/330/164 670/329/670 1623/515/1623
f 1623/515/1623 670/329/670 146/328/146 759/506/759
f 762/516/762 1623/515/1623 759/506/759 116/505/116
f 147/331/147 671/334/671 1624/517/1624 760/510/760
f 671/334/671 165/339/165 764/518/764 1624/517/1624
f 1624/517/1624 764/518/764 115/519/115 765/520/765
f 760/510/760 1624/517/1624 765/520/765 117/511/117
f 114/513/114 766/521/766 1625/522/1625 763/514/763
f 766/521/766 181/523/181 767/524/767 1625/522/1625
f 1625/522/1625 767/524/767 177/525/177 768/526/768
f 763/514/763 1625/522/1625 768/526/768 164/330/164
f 177/525/177 770/527/770 1626/528/1626 769/529/769
f 770/527/770 182/530/182 771/531/771 1626/528/1626
f 1626/528/1626 771/531/771 115/519/115 764/518/764
f 769/529/769 1626/528/1626 764/518/764 165/339/165
f 110/445/110 728/448/728 1627/532/1627 772/533/772
f 728/448/728 162/428/162 725/441/725 1627/532/1627
f 1627/532/1627 725/441/725 68/440/68 773/534/773
f 772/533/772 1627/532/1627 773/534/773 112/535/112
f 68/440/68 726/443/726 1628/536/1628 774/537/774
f 726/443/726 163/430/163 733/456/733 1628/536/1628
f 1628/536/1628 733/456/733 111/455/111 775/538/775
f 774/537/774 1628/536/1628 775/538/775 113/539/113
f 112/535/112 773/534/773 1629/540/1629 776/541/776
f 773/534/773 68/440/68 777/542/777 1629/540/1629
f 1629/540/1629 777/542/777 178/543/178 778/544/778
f 776/541/776 1629/540/1629 778/544/778 183/545/183
f 178/543/178 777/542/777 1630/546/1630 779/547/779
f 777/542/777 68/440/68 774/537/774 1630/546/1630
f 1630/546/1630 774/537/774 113/539/113 780/548/780
f 779/547/779 1630/546/1630 780/548/780 184/549/184
f 177/525/177 767/524/767 1631/550/1631 781/551/781
f 767/524/767 181/523/181 782/552/782 1631/550/1631
f 1631/550/1631 782/552/782 183/545/183 778/544/778
f 781/551/781 1631/550/1631 778/544/778 178/543/178
f 184/549/184 783/553/783 1632/554/1632 779/547/779
f 783/553/783 182/530/182 770/527/770 1632/554/1632
f 1632/554/1632 770/527/770 177/525/177 781/551/781
f 779/547/779 1632/554/1632 781/551/781 178/543/178
f 135/555/135 785/556/785 1633/557/1633 784/558/784
f 785/556/785 137/559/137 786/560/786 1633/557/1633
f 1633/557/1633 786/560/786 176/265/176 638/264/638
f 784/558/784 1633/557/1633 638/264/638 174/263/174
f 176/265/176 786/560/786 1634/561/1634 640/268/640
f 786/560/786 137/559/137 787/562/787 1634/561/1634
f 1634/561/1634 787/562/787 136/563/136 788/564/788
f 640/268/640 1634/561/1634 788/564/788 175/270/175
f 133/565/133 790/566/790 1635/567/1635 789/568/789
f 790/566/790 135/555/135 784/558/784 1635/567/1635
f 1635/567/1635 784/558/784 174/263/174 645/279/645
f 789/568/789 1635/567/1635 645/279/645 172/278/172
f 175/270/175 788/564/788 1636/569/1636 646/280/646
f 788/564/788 136/563/136 791/570/791 1636/569/1636
f 1636/569/1636 791/570/791 134/571/134 792/572/792
f 646/280/646 1636/569/1636 792/572/792 173/282/173
f 131/573/131 794/574/794 1637/575/1637 793/576/793
f 794/574/794 133/565/133 789/568/789 1637/575/1637
f 1637/575/1637 789/568/789 172/278/172 651/291/651
f 793/576/793 1637/575/1637 651/291/651 170/290/170
f 173/282/173 792/572/792 1638/577/1638 652/292/652
f 792/572/792 134/571/134 795/578/795 1638/577/1638
f 1638/577/1638 795/578/795 132/579/132 796/580/796
f 652/292/652 1638/577/1638 796/580/796 171/294/171
f 166/314/166 797/581/797 1639/582/1639 663/315/663
f 797/581/797 187/583/187 798/584/798 1639/582/1639
f 1639/582/1639 798/584/798 185/585/185 799/586/799
f 663/315/663 1639/582/1639 799/586/799 168/302/168
f 186/587/186 801/588/801 1640/589/1640 800/590/800
f 801/588/801 188/591/188 802/592/802 1640/589/1640
f 1640/589/1640 802/592/802 167/318/167 664/316/664
f 800/590/800 1640/589/1640 664/316/664 169/306/169
f 131/573/131 793/576/793 1641/593/1641 803/594/803
f 793/576/793 170/290/170 657/303/657 1641/593/1641
f 1641/593/1641 657/303/657 168/302/168 799/586/799
f 803/594/803 1641/593/1641 799/586/799 185/585/185
f 169/306/169 658/304/658 1642/595/1642 800/590/800
f 658/304/658 171/294/171 796/580/796 1642/595/1642
f 1642/595/1642 796/580/796 132/579/132 804/596/804
f 800/590/800 1642/595/1642 804/596/804 186/587/186
f 144/597/144 806/598/806 1643/599/1643 805/600/805
f 806/598/806 190/601/190 807/602/807 1643/599/1643
f 1643/599/1643 807/602/807 189/603/189 808/604/808
f 805/600/805 1643/599/1643 808/604/808 187/583/187
f 189/603/189 807/602/807 1644/605/1644 809/606/809
f 807/602/807 190/601/190 810/607/810 1644/605/1644
f 1644/605/1644 810/607/810 145/608/145 811/609/811
f 809/606/809 1644/605/1644 811/609/811 188/591/188
f 185/585/185 798/584/798 1645/610/1645 812/611/812
f 798/584/798 187/583/187 808/604/808 1645/610/1645
f 1645/610/1645 808/604/808 189/603/189 813/612/813
f 812/611/812 1645/610/1645 813/612/813 69/613/69
f 189/603/189 809/606/809 1646/614/1646 813/612/813
f 809/606/809 188/591/188 801/588/801 1646/614/1646
f 1646/614/1646 801/588/801 186/587/186 814/615/814
f 813/612/813 1646/614/1646 814/615/814 69/613/69
f 130/616/130 816/617/816 1647/618/1647 815/619/815
f 816/617/816 131/573/131 803/594/803 1647/618/1647
f 1647/618/1647 803/594/803 185/585/185 812/611/812
f 815/619/815 1647/618/1647 812/611/812 69/613/69
f 186/587/186 804/596/804 1648/620/1648 814/615/814
f 804/596/804 132/579/132 817/621/817 1648/620/1648
f 1648/620/1648 817/621/817 130/616/130 815/619/815
f 814/615/814 1648/620/1648 815/619/815 69/613/69
f 142/622/142 819/623/819 1649/624/1649 818/625/818
f 819/623/819 193/626/193 820/627/820 1649/624/1649
f 1649/624/1649 820/627/820 191/628/191 821/629/821
f 818/625/818 1649/624/1649 821/629/821 144/597/144
f 192/630/192 823/631/823 1650/632/1650 822/633/822
f 823/631/823 194/634/194 824/635/824 1650/632/1650
f 1650/632/1650 824/635/824 143/636/143 825/637/825
f 822/633/822 1650/632/1650 825/637/825 145/608/145
f 140/638/140 827/639/827 1651/640/1651 826/641/826
f 827/639/827 195/642/195 828/643/828 1651/640/1651
f 1651/640/1651 828/643/828 193/626/193 819/623/819
f 826/641/826 1651/640/1651 819/623/819 142/622/142
f 194/634/194 829/644/829 1652/645/1652 824/635/824
f 829/644/829 196/646/196 830/647/830 1652/645/1652
f 1652/645/1652 830/647/830 141/648/141 831/649/831
f 824/635/824 1652/645/1652 831/649/831 143/636/143
f 139/650/139 833/651/833 1653/652/1653 832/653/832
f 833/651/833 197/654/197 834/655/834 1653/652/1653
f 1653/652/1653 834/655/834 195/642/195 827/639/827
f 832/653/832 1653/652/1653 827/639/827 140/638/140
f 196/646/196 835/656/835 1654/657/1654 830/647/830
f 835/656/835 198/658/198 836/659/836 1654/657/1654
f 1654/657/1654 836/659/836 139/650/139 837/660/837
f 830/647/830 1654/657/1654 837/660/837 141/648/141
f 138/661/138 839/662/839 1655/663/1655 838/664/838
f 839/662/839 71/665/71 840/666/840 1655/663/1655
f 1655/663/1655 840/666/840 197/654/197 833/651/833
f 838/664/838 1655/663/1655 833/651/833 139/650/139
f 198/658/198 841/667/841 1656/668/1656 836/659/836
f 841/667/841 71/665/71 839/662/839 1656/668/1656
f 1656/668/1656 839/662/839 138/661/138 838/664/838
f 836/659/836 1656/668/1656 838/664/838 139/650/139
f 190/601/190 806/598/806 1657/669/1657 842/670/842
f 806/598/806 144/597/144 821/629/821 1657/669/1657
f 1657/669/1657 821/629/821 191/628/191 843/671/843
f 842/670/842 1657/669/1657 843/671/843 70/672/70
f 192/630/192 822/633/822 1658/673/1658 844/674/844
f 822/633/822 145/608/145 810/607/810 1658/673/1658
f 1658/673/1658 810/607/810 190/601/190 842/670/842
f 844/674/844 1658/673/1658 842/670/842 70/672/70
f 70/672/70 843/671/843 1659/675/1659 845/676/845
f 843/671/843 191/628/191 846/677/846 1659/675/1659
f 1659/675/1659 846/677/846 206/678/206 847/679/847
f 845/676/845 1659/675/1659 847/679/847 208/680/208
f 207/681/207 849/682/849 1660/683/1660 848/684/848
f 849/682/849 192/630/192 844/674/844 1660/683/1660
f 1660/683/1660 844/674/844 70/672/70 845/676/845
f 848/684/848 1660/683/1660 845/676/845 208/680/208
f 71/665/71 850/685/850 1661/686/1661 840/666/840
f 850/685/850 199/687/199 851/688/851 1661/686/1661
f 1661/686/1661 851/688/851 200/689/200 852/690/852
f 840/666/840 1661/686/1661 852/690/852 197/654/197
f 201/691/201 854/692/854 1662/693/1662 853/694/853
f 854/692/854 199/687/199 850/685/850 1662/693/1662
f 1662/693/1662 850/685/850 71/665/71 841/667/841
f 853/694/853 1662/693/1662 841/667/841 198/658/198
f 197/654/197 852/690/852 1663/695/1663 834/655/834
f 852/690/852 200/689/200 855/696/855 1663/695/1663
f 1663/695/1663 855/696/855 202/697/202 856/698/856
f 834/655/834 1663/695/1663 856/698/856 195/642/195
f 203/699/203 858/700/858 1664/701/1664 857/702/857
f 858/700/858 201/691/201 853/694/853 1664/701/1664
f 1664/701/1664 853/694/853 198/658/198 835/656/835
f 857/702/857 1664/701/1664 835/656/835 196/646/196
f 195/642/195 856/698/856 1665/703/1665 828/643/828
f 856/698/856 202/697/202 859/704/859 1665/703/1665
f 1665/703/1665 859/704/859 204/705/204 860/706/860
f 828/643/828 1665/703/1665 860/706/860 193/626/193
f 205/707/205 862/708/862 1666/709/1666 861/710/861
f 862/708/862 203/699/203 857/702/857 1666/709/1666
f 1666/709/1666 857/702/857 196/646/196 829/644/829
f 861/710/861 1666/709/1666 829/644/829 194/634/194
f 193/626/193 860/706/860 1667/711/1667 820/627/820
f 860/706/860 204/705/204 863/712/863 1667/711/1667
f 1667/711/1667 863/712/863 206/678/206 846/677/846
f 820/627/820 1667/711/1667 846/677/846 191/628/191
f 207/681/207 864/713/864 1668/714/1668 849/682/849
f 864/713/864 205/707/205 861/710/861 1668/714/1668
f 1668/714/1668 861/710/861 194/634/194 823/631/823
f 849/682/849 1668/714/1668 823/631/823 192/630/192
f 199/687/199 865/715/865 1669/716/1669 851/688/851
f 865/715/865 204/705/204 859/704/859 1669/716/1669
f 1669/716/1669 859/704/859 202/697/202 855/696/855
f 851/688/851 1669/716/1669 855/696/855 200/689/200
f 203/699/203 862/708/862 1670/717/1670 858/700/858
f 862/708/862 205/707/205 866/718/866 1670/717/1670
f 1670/717/1670 866/718/866 199/687/199 854/692/854
f 858/700/858 1670/717/1670 854/692/854 201/691/201
f 199/687/199 867/719/867 1671/720/1671 865/715/865
f 867/719/867 208/680/208 847/679/847 1671/720/1671
f 1671/720/1671 847/679/847 206/678/206 863/712/863
f 865/715/865 1671/720/1671 863/712/863 204/705/204
f 207/681/207 848/684/848 1672/721/1672 864/713/864
f 848/684/848 208/680/208 867/719/867 1672/721/1672
f 1672/721/1672 867/719/867 199/687/199 866/718/866
f 864/713/864 1672/721/1672 866/718/866 205/707/205
f 139/650/139 832/653/832 1673/722/1673 868/723/868
f 832/653/832 140/638/140 869/724/869 1673/722/1673
f 1673/722/1673 869/724/869 164/330/164 768/526/768
f 868/723/868 1673/722/1673 768/526/768 177/525/177
f 165/339/165 870/725/870 1674/726/1674 769/529/769
f 870/725/870 141/648/141 837/660/837 1674/726/1674
f 1674/726/1674 837/660/837 139/650/139 868/723/868
f 769/529/769 1674/726/1674 868/723/868 177/525/177
f 140/638/140 826/641/826 1675/727/1675 869/724/869
f 826/641/826 142/622/142 871/728/871 1675/727/1675
f 1675/727/1675 871/728/871 211/729/211 872/730/872
f 869/724/869 1675/727/1675 872/730/872 164/330/164
f 212/731/212 874/732/874 1676/733/1676 873/734/873
f 874/732/874 143/636/143 831/649/831 1676/733/1676
f 1676/733/1676 831/649/831 141/648/141 870/725/870
f 873/734/873 1676/733/1676 870/725/870 165/339/165
f 142/622/142 818/625/818 1677/735/1677 871/728/871
f 818/625/818 144/597/144 875/736/875 1677/735/1677
f 1677/735/1677 875/736/875 213/737/213 876/738/876
f 871/728/871 1677/735/1677 876/738/876 211/729/211
f 214/739/214 878/740/878 1678/741/1678 877/742/877
f 878/740/878 145/608/145 825/637/825 1678/741/1678
f 1678/741/1678 825/637/825 143/636/143 874/732/874
f 877/742/877 1678/741/1678 874/732/874 212/731/212
f 144/597/144 805/600/805 1679/743/1679 875/736/875
f 805/600/805 187/583/187 797/581/797 1679/743/1679
f 1679/743/1679 797/581/797 166/314/166 879/744/879
f 875/736/875 1679/743/1679 879/744/879 213/737/213
f 167/318/167 802/592/802 1680/745/1680 880/746/880
f 802/592/802 188/591/188 811/609/811 1680/745/1680
f 1680/745/1680 811/609/811 145/608/145 878/740/878
f 880/746/880 1680/745/1680 878/740/878 214/739/214
f 81/310/81 881/747/881 1681/748/1681 662/311/662
f 881/747/881 209/749/209 882/750/882 1681/748/1681
f 1681/748/1681 882/750/882 213/737/213 879/744/879
f 662/311/662 1681/748/1681 879/744/879 166/314/166
f 214/739/214 883/751/883 1682/752/1682 880/746/880
f 883/751/883 210/753/210 884/754/884 1682/752/1682
f 1682/752/1682 884/754/884 82/320/82 665/319/665
f 880/746/880 1682/752/1682 665/319/665 167/318/167
f 209/749/209 885/755/885 1683/756/1683 882/750/882
f 885/755/885 215/757/215 886/758/886 1683/756/1683
f 1683/756/1683 886/758/886 211/729/211 876/738/876
f 882/750/882 1683/756/1683 876/738/876 213/737/213
f 212/731/212 887/759/887 1684/760/1684 877/742/877
f 887/759/887 216/761/216 888/762/888 1684/760/1684
f 1684/760/1684 888/762/888 210/753/210 883/751/883
f 877/742/877 1684/760/1684 883/751/883 214/739/214
f 79/322/79 667/325/667 1685/763/1685 889/764/889
f 667/325/667 164/330/164 872/730/872 1685/763/1685
f 1685/763/1685 872/730/872 211/729/211 886/758/886
f 889/764/889 1685/763/1685 886/758/886 215/757/215
f 212/731/212 873/734/873 1686/765/1686 887/759/887
f 873/734/873 165/339/165 674/338/674 1686/765/1686
f 1686/765/1686 674/338/674 80/337/80 890/766/890
f 887/759/887 1686/765/1686 890/766/890 216/761/216
f 131/573/131 816/617/816 1687/767/1687 891/768/891
f 816/617/816 130/616/130 892/769/892 1687/767/1687
f 1687/767/1687 892/769/892 72/770/72 893/771/893
f 891/768/891 1687/767/1687 893/771/893 222/772/222
f 72/770/72 892/769/892 1688/773/1688 894/774/894
f 892/769/892 130/616/130 817/621/817 1688/773/1688
f 1688/773/1688 817/621/817 132/579/132 895/775/895
f 894/774/894 1688/773/1688 895/775/895 223/776/223
f 133/565/133 794/574/794 1689/777/1689 896/778/896
f 794/574/794 131/573/131 891/768/891 1689/777/1689
f 1689/777/1689 891/768/891 222/772/222 897/779/897
f 896/778/896 1689/777/1689 897/779/897 220/780/220
f 223/776/223 895/775/895 1690/781/1690 898/782/898
f 895/775/895 132/579/132 795/578/795 1690/781/1690
f 1690/781/1690 795/578/795 134/571/134 899/783/899
f 898/782/898 1690/781/1690 899/783/899 221/784/221
f 135/555/135 790/566/790 1691/785/1691 900/786/900
f 790/566/790 133/565/133 896/778/896 1691/785/1691
f 1691/785/1691 896/778/896 220/780/220 901/787/901
f 900/786/900 1691/785/1691 901/787/901 218/788/218
f 221/784/221 899/783/899 1692/789/1692 902/790/902
f 899/783/899 134/571/134 791/570/791 1692/789/1692
f 1692/789/1692 791/570/791 136/563/136 903/791/903
f 902/790/902 1692/789/1692 903/791/903 219/792/219
f 137/559/137 785/556/785 1693/793/1693 904/794/904
f 785/556/785 135/555/135 900/786/900 1693/793/1693
f 1693/793/1693 900/786/900 218/788/218 905/795/905
f 904/794/904 1693/793/1693 905/795/905 217/796/217
f 219/792/219 903/791/903 1694/797/1694 906/798/906
f 903/791/903 136/563/136 787/562/787 1694/797/1694
f 1694/797/1694 787/562/787 137/559/137 904/794/904
f 906/798/906 1694/797/1694 904/794/904 217/796/217
f 217/796/217 905/795/905 1695/799/1695 907/800/907
f 905/795/905 218/788/218 908/801/908 1695/799/1695
f 1695/799/1695 908/801/908 229/802/229 909/803/909
f 907/800/907 1695/799/1695 909/803/909 231/804/231
f 230/805/230 911/806/911 1696/807/1696 910/808/910
f 911/806/911 219/792/219 906/798/906 1696/807/1696
f 1696/807/1696 906/798/906 217/796/217 907/800/907
f 910/808/910 1696/807/1696 907/800/907 231/804/231
f 218/788/218 901/787/901 1697/809/1697 908/801/908
f 901/787/901 220/780/220 912/810/912 1697/809/1697
f 1697/809/1697 912/810/912 227/811/227 913/812/913
f 908/801/908 1697/809/1697 913/812/913 229/802/229
f 228/813/228 915/814/915 1698/815/1698 914/816/914
f 915/814/915 221/784/221 902/790/902 1698/815/1698
f 1698/815/1698 902/790/902 219/792/219 911/806/911
f 914/816/914 1698/815/1698 911/806/911 230/805/230
f 220/780/220 897/779/897 1699/817/1699 912/810/912
f 897/779/897 222/772/222 916/818/916 1699/817/1699
f 1699/817/1699 916/818/916 225/819/225 917/820/917
f 912/810/912 1699/817/1699 917/820/917 227/811/227
f 226/821/226 919/822/919 1700/823/1700 918/824/918
f 919/822/919 223/776/223 898/782/898 1700/823/1700
f 1700/823/1700 898/782/898 221/784/221 915/814/915
f 918/824/918 1700/823/1700 915/814/915 228/813/228
f 222/772/222 893/771/893 1701/825/1701 916/818/916
f 893/771/893 72/770/72 920/826/920 1701/825/1701
f 1701/825/1701 920/826/920 224/827/224 921/828/921
f 916/818/916 1701/825/1701 921/828/921 225/819/225
f 224/827/224 920/826/920 1702/829/1702 922/830/922
f 920/826/920 72/770/72 894/774/894 1702/829/1702
f 1702/829/1702 894/774/894 223/776/223 919/822/919
f 922/830/922 1702/829/1702 919/822/919 226/821/226
f 224/827/224 923/831/923 1703/832/1703 921/828/921
f 923/831/923 231/804/231 909/803/909 1703/832/1703
f 1703/832/1703 909/803/909 229/802/229 924/833/924
f 921/828/921 1703/832/1703 924/833/924 225/819/225
f 230/805/230 910/808/910 1704/834/1704 925/835/925
f 910/808/910 231/804/231 923/831/923 1704/834/1704
f 1704/834/1704 923/831/923 224/827/224 922/830/922
f 925/835/925 1704/834/1704 922/830/922 226/821/226
f 225/819/225 924/833/924 1705/836/1705 917/820/917
f 229/802/229 913/812/913 1705/836/1705 924/833/924
f 227/811/227 917/820/917 1705/836/1705 913/812/913
f 228/813/228 914/816/914 1706/837/1706 918/824/918
f 230/805/230 925/835/925 1706/837/1706 914/816/914
f 226/821/226 918/824/918 1706/837/1706 925/835/925
f 183/545/183 782/552/782 1707/838/1707 926/839/926
f 782/552/782 181/523/181 927/840/927 1707/838/1707
f 1707/838/1707 927/840/927 234/841/234 928/842/928
f 926/839/926 1707/838/1707 928/842/928 232/843/232
f 235/844/235 930/845/930 1708/846/1708 929/847/929
f 930/845/930 182/530/182 783/553/783 1708/846/1708
f 1708/846/1708 783/553/783 184/549/184 931/848/931
f 929/847/929 1708/846/1708 931/848/931 233/849/233
f 112/535/112 776/541/776 1709/850/1709 932/851/932
f 776/541/776 183/545/183 926/839/926 1709/850/1709
f 1709/850/1709 926/839/926 232/843/232 933/852/933
f 932/851/932 1709/850/1709 933/852/933 254/853/254
f 233/849/233 931/848/931 1710/854/1710 934/855/934
f 931/848/931 184/549/184 780/548/780 1710/854/1710
f 1710/854/1710 780/548/780 113/539/113 935/856/935
f 934/855/934 1710/854/1710 935/856/935 255/857/255
f 110/445/110 772/533/772 1711/858/1711 936/859/936
f 772/533/772 112/535/112 932/851/932 1711/858/1711
f 1711/858/1711 932/851/932 254/853/254 937/860/937
f 936/859/936 1711/858/1711 937/860/937 256/861/256
f 255/857/255 935/856/935 1712/862/1712 938/863/938
f 935/856/935 113/539/113 775/538/775 1712/862/1712
f 1712/862/1712 775/538/775 111/455/111 939/864/939
f 938/863/938 1712/862/1712 939/864/939 257/865/257
f 181/523/181 766/521/766 1713/866/1713 927/840/927
f 766/521/766 114/513/114 940/867/940 1713/866/1713
f 1713/866/1713 940/867/940 252/868/252 941/869/941
f 927/840/927 1713/866/1713 941/869/941 234/841/234
f 253/870/253 943/871/943 1714/872/1714 942/873/942
f 943/871/943 115/519/115 771/531/771 1714/872/1714
f 1714/872/1714 771/531/771 182/530/182 930/845/930
f 942/873/942 1714/872/1714 930/845/930 235/844/235
f 114/513/114 762/516/762 1715/874/1715 940/867/940
f 762/516/762 116/505/116 944/875/944 1715/874/1715
f 1715/874/1715 944/875/944 250/876/250 945/877/945
f 940/867/940 1715/874/1715 945/877/945 252/868/252
f 251/878/251 947/879/947 1716/880/1716 946/881/946
f 947/879/947 117/511/117 765/520/765 1716/880/1716
f 1716/880/1716 765/520/765 115/519/115 943/871/943
f 946/881/946 1716/880/1716 943/871/943 253/870/253
f 116/505/116 758/508/758 1717/882/1717 944/875/944
f 758/508/758 118/497/118 948/883/948 1717/882/1717
f 1717/882/1717 948/883/948 248/884/248 949/885/949
f 944/875/944 1717/882/1717 949/885/949 250/876/250
f 249/886/249 951/887/951 1718/888/1718 950/889/950
f 951/887/951 119/503/119 761/512/761 1718/888/1718
f 1718/888/1718 761/512/761 117/511/117 947/879/947
f 950/889/950 1718/888/1718 947/879/947 251/878/251
f 118/497/118 754/500/754 1719/890/1719 948/883/948
f 754/500/754 120/489/120 952/891/952 1719/890/1719
f 1719/890/1719 952/891/952 246/892/246 953/893/953
f 948/883/948 1719/890/1719 953/893/953 248/884/248
f 247/894/247 955/895/955 1720/896/1720 954/897/954
f 955/895/955 121/495/121 757/504/757 1720/896/1720
f 1720/896/1720 757/504/757 119/503/119 951/887/951
f 954/897/954 1720/896/1720 951/887/951 249/886/249
f 120/489/120 750/492/750 1721/898/1721 952/891/952
f 750/492/750 122/481/122 956/899/956 1721/898/1721
f 1721/898/1721 956/899/956 244/900/244 957/901/957
f 952/891/952 1721/898/1721 957/901/957 246/892/246
f 245/902/245 959/903/959 1722/904/1722 958/905/958
f 959/903/959 123/487/123 753/496/753 1722/904/1722
f 1722/904/1722 753/496/753 121/495/121 955/895/955
f 958/905/958 1722/904/1722 955/895/955 247/894/247
f 122/481/122 746/484/746 1723/906/1723 956/899/956
f 746/484/746 124/473/124 960/907/960 1723/906/1723
f 1723/906/1723 960/907/960 242/908/242 961/909/961
f 956/899/956 1723/906/1723 961/909/961 244/900/244
f 243/910/243 963/911/963 1724/912/1724 962/913/962
f 963/911/963 125/479/125 749/488/749 1724/912/1724
f 1724/912/1724 749/488/749 123/487/123 959/903/959
f 962/913/962 1724/912/1724 959/903/959 245/902/245
f 124/473/124 742/476/742 1725/914/1725 960/907/960
f 742/476/742 126/465/126 964/915/964 1725/914/1725
f 1725/914/1725 964/915/964 240/916/240 965/917/965
f 960/907/960 1725/914/1725 965/917/965 242/908/242
f 241/918/241 967/919/967 1726/920/1726 966/921/966
f 967/919/967 127/471/127 745/480/745 1726/920/1726
f 1726/920/1726 745/480/745 125/479/125 963/911/963
f 966/921/966 1726/920/1726 963/911/963 243/910/243
f 126/465/126 738/468/738 1727/922/1727 964/915/964
f 738/468/738 179/459/179 968/923/968 1727/922/1727
f 1727/922/1727 968/923/968 236/924/236 969/925/969
f 964/915/964 1727/922/1727 969/925/969 240/916/240
f 237/926/237 971/927/971 1728/928/1728 970/929/970
f 971/927/971 180/463/180 741/472/741 1728/928/1728
f 1728/928/1728 741/472/741 127/471/127 967/919/967
f 970/929/970 1728/928/1728 967/919/967 241/918/241
f 179/459/179 734/457/734 1729/930/1729 968/923/968
f 734/457/734 128/449/128 972/931/972 1729/930/1729
f 1729/930/1729 972/931/972 238/932/238 973/933/973
f 968/923/968 1729/930/1729 973/933/973 236/924/236
f 239/934/239 975/935/975 1730/936/1730 974/937/974
f 975/935/975 129/453/129 737/464/737 1730/936/1730
f 1730/936/1730 737/464/737 180/463/180 971/927/971
f 974/937/974 1730/936/1730 971/927/971 237/926/237
f 128/449/128 729/446/729 1731/938/1731 972/931/972
f 729/446/729 110/445/110 936/859/936 1731/938/1731
f 1731/938/1731 936/859/936 256/861/256 976/939/976
f 972/931/972 1731/938/1731 976/939/976 238/932/238
f 257/865/257 939/864/939 1732/940/1732 977/941/977
f 939/864/939 111/455/111 732/454/732 1732/940/1732
f 1732/940/1732 732/454/732 129/453/129 975/935/975
f 977/941/977 1732/940/1732 975/935/975 239/934/239
f 238/932/238 976/939/976 1733/942/1733 978/943/978
f 976/939/976 256/861/256 979/944/979 1733/942/1733
f 1733/942/1733 979/944/979 258/945/258 980/946/980
f 978/943/978 1733/942/1733 980/946/980 276/947/276
f 259/948/259 982/949/982 1734/950/1734 981/951/981
f 982/949/982 257/865/257 977/941/977 1734/950/1734
f 1734/950/1734 977/941/977 239/934/239 983/952/983
f 981/951/981 1734/950/1734 983/952/983 277/953/277
f 236/924/236 973/933/973 1735/954/1735 984/955/984
f 973/933/973 238/932/238 978/943/978 1735/954/1735
f 1735/954/1735 978/943/978 276/947/276 985/956/985
f 984/955/984 1735/954/1735 985/956/985 278/957/278
f 277/953/277 983/952/983 1736/958/1736 986/959/986
f 983/952/983 239/934/239 974/937/974 1736/958/1736
f 1736/958/1736 974/937/974 237/926/237 987/960/987
f 986/959/986 1736/958/1736 987/960/987 279/961/279
f 240/916/240 969/925/969 1737/962/1737 988/963/988
f 969/925/969 236/924/236 984/955/984 1737/962/1737
f 1737/962/1737 984/955/984 278/957/278 989/964/989
f 988/963/988 1737/962/1737 989/964/989 274/965/274
f 279/961/279 987/960/987 1738/966/1738 990/967/990
f 987/960/987 237/926/237 970/929/970 1738/966/1738
f 1738/966/1738 970/929/970 241/918/241 991/968/991
f 990/967/990 1738/966/1738 991/968/991 275/969/275
f 242/908/242 965/917/965 1739/970/1739 992/971/992
f 965/917/965 240/916/240 988/963/988 1739/970/1739
f 1739/970/1739 988/963/988 274/965/274 993/972/993
f 992/971/992 1739/970/1739 993/972/993 272/973/272
f 275/969/275 991/968/991 1740/974/1740 994/975/994
f 991/968/991 241/918/241 966/921/966 1740/974/1740
f 1740/974/1740 966/921/966 243/910/243 995/976/995
f 994/975/994 1740/974/1740 995/976/995 273/977/273
f 244/900/244 961/909/961 1741/978/1741 996/979/996
f 961/909/961 242/908/242 992/971/992 1741/978/1741
f 1741/978/1741 992/971/992 272/973/272 997/980/997
f 996/979/996 1741/978/1741 997/980/997 270/981/270
f 273/977/273 995/976/995 1742/982/1742 998/983/998
f 995/976/995 243/910/243 962/913/962 1742/982/1742
f 1742/982/1742 962/913/962 245/902/245 999/984/999
f 998/983/998 1742/982/1742 999/984/999 271/985/271
f 246/892/246 957/901/957 1743/986/1743 1000/987/1000
f 957/901/957 244/900/244 996/979/996 1743/986/1743
f 1743/986/1743 996/979/996 270/981/270 1001/988/1001
f 1000/987/1000 1743/986/1743 1001/988/1001 268/989/268
f 271/985/271 999/984/999 1744/990/1744 1002/991/1002
f 999/984/999 245/902/245 958/905/958 1744/990/1744
f 1744/990/1744 958/905/958 247/894/247 1003/992/1003
f 1002/991/1002 1744/990/1744 1003/992/1003 269/993/269
f 248/884/248 953/893/953 1745/994/1745 1004/995/1004
f 953/893/953 246/892/246 1000/987/1000 1745/994/1745
f 1745/994/1745 1000/987/1000 268/989/268 1005/996/1005
f 1004/995/1004 1745/994/1745 1005/996/1005 266/997/266
f 269/993/269 1003/992/1003 1746/998/1746 1006/999/1006
f 1003/992/1003 247/894/247 954/897/954 1746/998/1746
f 1746/998/1746 954/897/954 249/886/249 1007/1000/1007
f 1006/999/1006 1746/998/1746 1007/1000/1007 267/1001/267
f 250/876/250 949/885/949 1747/1002/1747 1008/1003/1008
f 949/885/949 248/884/248 1004/995/1004 1747/1002/1747
f 1747/1002/1747 1004/995/1004 266/997/266 1009/1004/1009
f 1008/1003/1008 1747/1002/1747 1009/1004/1009 264/1005/264
f 267/1001/267 1007/1000/1007 1748/1006/1748 1010/1007/1010
f 1007/1000/1007 249/886/249 950/889/950 1748/1006/1748
f 1748/1006/1748 950/889/950 251/878/251 1011/1008/1011
f 1010/1007/1010 1748/1006/1748 1011/1008/1011 265/1009/265
f 252/868/252 945/877/945 1749/1010/1749 1012/1011/1012
f 945/877/945 250/876/250 1008/1003/1008 1749/1010/1749
f 1749/1010/1749 1008/1003/1008 264/1005/264 1013/1012/1013
f 1012/1011/1012 1749/1010/1749 1013/1012/1013 262/1013/262
f 265/1009/265 1011/1008/1011 1750/1014/1750 1014/1015/1014
f 1011/1008/1011 251/878/251 946/881/946 1750/1014/1750
f 1750/1014/1750 946/881/946 253/870/253 1015/1016/1015
f 1014/1015/1014 1750/1014/1750 1015/1016/1015 263/1017/263
f 234/841/234 941/869/941 1751/1018/1751 1016/1019/1016
f 941/869/941 252/868/252 1012/1011/1012 1751/1018/1751
f 1751/1018/1751 1012/1011/1012 262/1013/262 1017/1020/1017
f 1016/1019/1016 1751/1018/1751 1017/1020/1017 280/1021/280
f 263/1017/263 1015/1016/1015 1752/1022/1752 1018/1023/1018
f 1015/1016/1015 253/870/253 942/873/942 1752/1022/1752
f 1752/1022/1752 942/873/942 235/844/235 1019/1024/1019
f 1018/1023/1018 1752/1022/1752 1019/1024/1019 281/1025/281
f 256/861/256 937/860/937 1753/1026/1753 979/944/979
f 937/860/937 254/853/254 1020/1027/1020 1753/1026/1753
f 1753/1026/1753 1020/1027/1020 260/1028/260 1021/1029/1021
f 979/944/979 1753/1026/1753 1021/1029/1021 258/945/258
f 261/1030/261 1023/1031/1023 1754/1032/1754 1022/1033/1022
f 1023/1031/1023 255/857/255 938/863/938 1754/1032/1754
f 1754/1032/1754 938/863/938 257/865/257 982/949/982
f 1022/1033/1022 1754/1032/1754 982/949/982 259/948/259
f 254/853/254 933/852/933 1755/1034/1755 1020/1027/1020
f 933/852/933 232/843/232 1024/1035/1024 1755/1034/1755
f 1755/1034/1755 1024/1035/1024 282/1036/282 1025/1037/1025
f 1020/1027/1020 1755/1034/1755 1025/1037/1025 260/1028/260
f 283/1038/283 1027/1039/1027 1756/1040/1756 1026/1041/1026
f 1027/1039/1027 233/849/233 934/855/934 1756/1040/1756
f 1756/1040/1756 934/855/934 255/857/255 1023/1031/1023
f 1026/1041/1026 1756/1040/1756 1023/1031/1023 261/1030/261
f 232/843/232 928/842/928 1757/1042/1757 1024/1035/1024
f 928/842/928 234/841/234 1016/1019/1016 1757/1042/1757
f 1757/1042/1757 1016/1019/1016 280/1021/280 1028/1043/1028
f 1024/1035/1024 1757/1042/1757 1028/1043/1028 282/1036/282
f 281/1025/281 1019/1024/1019 1758/1044/1758 1029/1045/1029
f 1019/1024/1019 235/844/235 929/847/929 1758/1044/1758
f 1758/1044/1758 929/847/929 233/849/233 1027/1039/1027
f 1029/1045/1029 1758/1044/1758 1027/1039/1027 283/1038/283
f 67/438/67 723/436/723 1759/1046/1759 1030/1047/1030
f 723/436/723 108/426/108 1031/1048/1031 1759/1046/1759
f 1759/1046/1759 1031/1048/1031 284/1049/284 1032/1050/1032
f 1030/1047/1030 1759/1046/1759 1032/1050/1032 73/1051/73
f 285/1052/285 1034/1053/1034 1760/1054/1760 1033/1055/1033
f 1034/1053/1034 109/434/109 727/444/727 1760/1054/1760
f 1760/1054/1760 727/444/727 67/438/67 1030/1047/1030
f 1033/1055/1033 1760/1054/1760 1030/1047/1030 73/1051/73
f 108/426/108 717/424/717 1761/1056/1761 1031/1048/1031
f 717/424/717 106/414/106 1035/1057/1035 1761/1056/1761
f 1761/1056/1761 1035/1057/1035 286/1058/286 1036/1059/1036
f 1031/1048/1031 1761/1056/1761 1036/1059/1036 284/1049/284
f 287/1060/287 1038/1061/1038 1762/1062/1762 1037/1063/1037
f 1038/1061/1038 107/422/107 722/435/722 1762/1062/1762
f 1762/1062/1762 722/435/722 109/434/109 1034/1053/1034
f 1037/1063/1037 1762/1062/1762 1034/1053/1034 285/1052/285
f 106/414/106 711/412/711 1763/1064/1763 1035/1057/1035
f 711/412/711 104/402/104 1039/1065/1039 1763/1064/1763
f 1763/1064/1763 1039/1065/1039 288/1066/288 1040/1067/1040
f 1035/1057/1035 1763/1064/1763 1040/1067/1040 286/1058/286
f 289/1068/289 1042/1069/1042 1764/1070/1764 1041/1071/1041
f 1042/1069/1042 105/410/105 716/423/716 1764/1070/1764
f 1764/1070/1764 716/423/716 107/422/107 1038/1061/1038
f 1041/1071/1041 1764/1070/1764 1038/1061/1038 287/1060/287
f 104/402/104 705/400/705 1765/1072/1765 1039/1065/1039
f 705/400/705 102/390/102 1043/1073/1043 1765/1072/1765
f 1765/1072/1765 1043/1073/1043 290/1074/290 1044/1075/1044
f 1039/1065/1039 1765/1072/1765 1044/1075/1044 288/1066/288
f 291/1076/291 1046/1077/1046 1766/1078/1766 1045/1079/1045
f 1046/1077/1046 103/398/103 710/411/710 1766/1078/1766
f 1766/1078/1766 710/411/710 105/410/105 1042/1069/1042
f 1045/1079/1045 1766/1078/1766 1042/1069/1042 289/1068/289
f 102/390/102 699/388/699 1767/1080/1767 1043/1073/1043
f 699/388/699 100/378/100 1047/1081/1047 1767/1080/1767
f 1767/1080/1767 1047/1081/1047 292/1082/292 1048/1083/1048
f 1043/1073/1043 1767/1080/1767 1048/1083/1048 290/1074/290
f 293/1084/293 1050/1085/1050 1768/1086/1768 1049/1087/1049
f 1050/1085/1050 101/386/101 704/399/704 1768/1086/1768
f 1768/1086/1768 704/399/704 103/398/103 1046/1077/1046
f 1049/1087/1049 1768/1086/1768 1046/1077/1046 291/1076/291
f 100/378/100 693/376/693 1769/1088/1769 1047/1081/1047
f 693/376/693 98/366/98 1051/1089/1051 1769/1088/1769
f 1769/1088/1769 1051/1089/1051 294/1090/294 1052/1091/1052
f 1047/1081/1047 1769/1088/1769 1052/1091/1052 292/1082/292
f 295/1092/295 1054/1093/1054 1770/1094/1770 1053/1095/1053
f 1054/1093/1054 99/374/99 698/387/698 1770/1094/1770
f 1770/1094/1770 698/387/698 101/386/101 1050/1085/1050
f 1053/1095/1053 1770/1094/1770 1050/1085/1050 293/1084/293
f 98/366/98 687/364/687 1771/1096/1771 1051/1089/1051
f 687/364/687 96/354/96 1055/1097/1055 1771/1096/1771
f 1771/1096/1771 1055/1097/1055 296/1098/296 1056/1099/1056
f 1051/1089/1051 1771/1096/1771 1056/1099/1056 294/1090/294
f 297/1100/297 1058/1101/1058 1772/1102/1772 1057/1103/1057
f 1058/1101/1058 97/362/97 692/375/692 1772/1102/1772
f 1772/1102/1772 692/375/692 99/374/99 1054/1093/1054
f 1057/1103/1057 1772/1102/1772 1054/1093/1054 295/1092/295
f 96/354/96 681/352/681 1773/1104/1773 1055/1097/1055
f 681/352/681 94/342/94 1059/1105/1059 1773/1104/1773
f 1773/1104/1773 1059/1105/1059 298/1106/298 1060/1107/1060
f 1055/1097/1055 1773/1104/1773 1060/1107/1060 296/1098/296
f 299/1108/299 1062/1109/1062 1774/1110/1774 1061/1111/1061
f 1062/1109/1062 95/350/95 686/363/686 1774/1110/1774
f 1774/1110/1774 686/363/686 97/362/97 1058/1101/1058
f 1061/1111/1061 1774/1110/1774 1058/1101/1058 297/1100/297
f 94/342/94 675/340/675 1775/1112/1775 1059/1105/1059
f 675/340/675 92/326/92 1063/1113/1063 1775/1112/1775
f 1775/1112/1775 1063/1113/1063 300/1114/300 1064/1115/1064
f 1059/1105/1059 1775/1112/1775 1064/1115/1064 298/1106/298
f 301/1116/301 1066/1117/1066 1776/1118/1776 1065/1119/1065
f 1066/1117/1066 93/335/93 680/351/680 1776/1118/1776
f 1776/1118/1776 680/351/680 95/350/95 1062/1109/1062
f 1065/1119/1065 1776/1118/1776 1062/1109/1062 299/1108/299
f 308/1120/308 1068/1121/1068 1777/1122/1777 1067/1123/1067
f 1068/1121/1068 309/1124/309 1069/1125/1069 1777/1122/1777
f 1777/1122/1777 1069/1125/1069 328/1126/328 1070/1127/1070
f 1067/1123/1067 1777/1122/1777 1070/1127/1070 338/1128/338
f 329/1129/329 1072/1130/1072 1778/1131/1778 1071/1132/1071
f 1072/1130/1072 309/1133/309 1068/1134/1068 1778/1131/1778
f 1778/1131/1778 1068/1134/1068 308/1135/308 1073/1136/1073
f 1071/1132/1071 1778/1131/1778 1073/1136/1073 339/1137/339
f 307/1138/307 1075/1139/1075 1779/1140/1779 1074/1141/1074
f 1075/1139/1075 308/1120/308 1067/1123/1067 1779/1140/1779
f 1779/1140/1779 1067/1123/1067 338/1128/338 1076/1142/1076
f 1074/1141/1074 1779/1140/1779 1076/1142/1076 336/1143/336
f 339/1137/339 1073/1136/1073 1780/1144/1780 1077/1145/1077
f 1073/1136/1073 308/1135/308 1075/1146/1075 1780/1144/1780
f 1780/1144/1780 1075/1146/1075 307/1147/307 1078/1148/1078
f 1077/1145/1077 1780/1144/1780 1078/1148/1078 337/1149/337
f 306/1150/306 1080/1151/1080 1781/1152/1781 1079/1153/1079
f 1080/1151/1080 307/1138/307 1074/1141/1074 1781/1152/1781
f 1781/1152/1781 1074/1141/1074 336/1143/336 1081/1154/1081
f 1079/1153/1079 1781/1152/1781 1081/1154/1081 340/1155/340
f 337/1149/337 1078/1148/1078 1782/1156/1782 1082/1157/1082
f 1078/1148/1078 307/1147/307 1080/1158/1080 1782/1156/1782
f 1782/1156/1782 1080/1158/1080 306/1150/306 1083/1159/1083
f 1082/1157/1082 1782/1156/1782 1083/1159/1083 341/1160/341
f 89/259/89 636/262/636 1783/1161/1783 1084/1162/1084
f 636/262/636 91/267/91 1085/1163/1085 1783/1161/1783
f 1783/1161/1783 1085/1163/1085 306/1150/306 1079/1153/1079
f 1084/1162/1084 1783/1161/1783 1079/1153/1079 340/1155/340
f 306/1150/306 1085/1163/1085 1784/1164/1784 1083/1159/1083
f 1085/1163/1085 91/267/91 642/273/642 1784/1164/1784
f 1784/1164/1784 642/273/642 90/272/90 1086/1165/1086
f 1083/1159/1083 1784/1164/1784 1086/1165/1086 341/1160/341
f 87/274/87 643/277/643 1785/1166/1785 1087/1167/1087
f 643/277/643 89/259/89 1084/1162/1084 1785/1166/1785
f 1785/1166/1785 1084/1162/1084 340/1155/340 1088/1168/1088
f 1087/1167/1087 1785/1166/1785 1088/1168/1088 334/1169/334
f 341/1160/341 1086/1165/1086 1786/1170/1786 1089/1171/1089
f 1086/1165/1086 90/272/90 648/285/648 1786/1170/1786
f 1786/1170/1786 648/285/648 88/284/88 1090/1172/1090
f 1089/1171/1089 1786/1170/1786 1090/1172/1090 335/1173/335
f 85/286/85 649/289/649 1787/1174/1787 1091/1175/1091
f 649/289/649 87/274/87 1087/1167/1087 1787/1174/1787
f 1787/1174/1787 1087/1167/1087 334/1169/334 1092/1176/1092
f 1091/1175/1091 1787/1174/1787 1092/1176/1092 330/1177/330
f 335/1173/335 1090/1172/1090 1788/1178/1788 1093/1179/1093
f 1090/1172/1090 88/284/88 654/297/654 1788/1178/1788
f 1788/1178/1788 654/297/654 86/296/86 1094/1180/1094
f 1093/1179/1093 1788/1178/1788 1094/1180/1094 331/1181/331
f 83/298/83 655/301/655 1789/1182/1789 1095/1183/1095
f 655/301/655 85/286/85 1091/1175/1091 1789/1182/1789
f 1789/1182/1789 1091/1175/1091 330/1177/330 1096/1184/1096
f 1095/1183/1095 1789/1182/1789 1096/1184/1096 332/1185/332
f 331/1181/331 1094/1180/1094 1790/1186/1790 1097/1187/1097
f 1094/1180/1094 86/296/86 660/309/660 1790/1186/1790
f 1790/1186/1790 660/309/660 84/308/84 1098/1188/1098
f 1097/1187/1097 1790/1186/1790 1098/1188/1098 333/1189/333
f 330/1177/330 1099/1190/1099 1791/1191/1791 1096/1184/1096
f 1099/1190/1099 336/1143/336 1076/1142/1076 1791/1191/1791
f 1791/1191/1791 1076/1142/1076 338/1128/338 1100/1192/1100
f 1096/1184/1096 1791/1191/1791 1100/1192/1100 332/1185/332
f 339/1137/339 1077/1145/1077 1792/1193/1792 1101/1194/1101
f 1077/1145/1077 337/1149/337 1102/1195/1102 1792/1193/1792
f 1792/1193/1792 1102/1195/1102 331/1181/331 1097/1187/1097
f 1101/1194/1101 1792/1193/1792 1097/1187/1097 333/1189/333
f 330/1177/330 1092/1176/1092 1793/1196/1793 1099/1190/1099
f 1092/1176/1092 334/1169/334 1088/1168/1088 1793/1196/1793
f 1793/1196/1793 1088/1168/1088 340/1155/340 1081/1154/1081
f 1099/1190/1099 1793/1196/1793 1081/1154/1081 336/1143/336
f 341/1160/341 1089/1171/1089 1794/1197/1794 1082/1157/1082
f 1089/1171/1089 335/1173/335 1093/1179/1093 1794/1197/1794
f 1794/1197/1794 1093/1179/1093 331/1181/331 1102/1195/1102
f 1082/1157/1082 1794/1197/1794 1102/1195/1102 337/1149/337
f 326/1198/326 1104/1199/1104 1795/1200/1795 1103/1201/1103
f 1104/1199/1104 332/1185/332 1100/1192/1100 1795/1200/1795
f 1795/1200/1795 1100/1192/1100 338/1128/338 1070/1127/1070
f 1103/1201/1103 1795/1200/1795 1070/1127/1070 328/1126/328
f 339/1137/339 1101/1194/1101 1796/1202/1796 1071/1132/1071
f 1101/1194/1101 333/1189/333 1105/1203/1105 1796/1202/1796
f 1796/1202/1796 1105/1203/1105 327/1204/327 1106/1205/1106
f 1071/1132/1071 1796/1202/1796 1106/1205/1106 329/1129/329
f 81/310/81 661/313/661 1797/1206/1797 1107/1207/1107
f 661/313/661 83/298/83 1095/1183/1095 1797/1206/1797
f 1797/1206/1797 1095/1183/1095 332/1185/332 1104/1199/1104
f 1107/1207/1107 1797/1206/1797 1104/1199/1104 326/1198/326
f 333/1189/333 1098/1188/1098 1798/1208/1798 1105/1203/1105
f 1098/1188/1098 84/308/84 666/321/666 1798/1208/1798
f 1798/1208/1798 666/321/666 82/320/82 1108/1209/1108
f 1105/1203/1105 1798/1208/1798 1108/1209/1108 327/1204/327
f 209/749/209 1109/1210/1109 1799/1211/1799 885/755/885
f 1109/1210/1109 342/1212/342 1110/1213/1110 1799/1211/1799
f 1799/1211/1799 1110/1213/1110 344/1214/344 1111/1215/1111
f 885/755/885 1799/1211/1799 1111/1215/1111 215/757/215
f 345/1216/345 1113/1217/1113 1800/1218/1800 1112/1219/1112
f 1113/1217/1113 343/1220/343 1114/1221/1114 1800/1218/1800
f 1800/1218/1800 1114/1221/1114 210/753/210 888/762/888
f 1112/1219/1112 1800/1218/1800 888/762/888 216/761/216
f 81/310/81 1107/1207/1107 1801/1222/1801 881/747/881
f 1107/1207/1107 326/1198/326 1115/1223/1115 1801/1222/1801
f 1801/1222/1801 1115/1223/1115 342/1212/342 1109/1210/1109
f 881/747/881 1801/1222/1801 1109/1210/1109 209/749/209
f 343/1220/343 1116/1224/1116 1802/1225/1802 1114/1221/1114
f 1116/1224/1116 327/1204/327 1108/1209/1108 1802/1225/1802
f 1802/1225/1802 1108/1209/1108 82/320/82 884/754/884
f 1114/1221/1114 1802/1225/1802 884/754/884 210/753/210
f 79/322/79 889/764/889 1803/1226/1803 1117/1227/1117
f 889/764/889 215/757/215 1111/1215/1111 1803/1226/1803
f 1803/1226/1803 1111/1215/1111 344/1214/344 1118/1228/1118
f 1117/1227/1117 1803/1226/1803 1118/1228/1118 346/1229/346
f 345/1216/345 1112/1219/1112 1804/1230/1804 1119/1231/1119
f 1112/1219/1112 216/761/216 890/766/890 1804/1230/1804
f 1804/1230/1804 890/766/890 80/337/80 1120/1232/1120
f 1119/1231/1119 1804/1230/1804 1120/1232/1120 347/1233/347
f 79/322/79 1117/1227/1117 1805/1234/1805 668/323/668
f 1117/1227/1117 346/1229/346 1121/1235/1121 1805/1234/1805
f 1805/1234/1805 1121/1235/1121 300/1114/300 1063/1113/1063
f 668/323/668 1805/1234/1805 1063/1113/1063 92/326/92
f 301/1116/301 1122/1236/1122 1806/1237/1806 1066/1117/1066
f 1122/1236/1122 347/1233/347 1120/1232/1120 1806/1237/1806
f 1806/1237/1806 1120/1232/1120 80/337/80 673/336/673
f 1066/1117/1066 1806/1237/1806 673/336/673 93/335/93
f 77/1238/77 1124/1239/1124 1807/1240/1807 1123/1241/1123
f 1124/1239/1124 324/1242/324 1125/1243/1125 1807/1240/1807
f 1807/1240/1807 1125/1243/1125 352/1244/352 1126/1245/1126
f 1123/1241/1123 1807/1240/1807 1126/1245/1126 304/1246/304
f 353/1247/353 1128/1248/1128 1808/1249/1808 1127/1250/1127
f 1128/1248/1128 325/1251/325 1129/1252/1129 1808/1249/1808
f 1808/1249/1808 1129/1252/1129 77/1253/77 1123/1254/1123
f 1127/1250/1127 1808/1249/1808 1123/1254/1123 304/1255/304
f 304/1246/304 1126/1245/1126 1809/1256/1809 1130/1257/1130
f 1126/1245/1126 352/1244/352 1131/1258/1131 1809/1256/1809
f 1809/1256/1809 1131/1258/1131 350/1259/350 1132/1260/1132
f 1130/1257/1130 1809/1256/1809 1132/1260/1132 78/1261/78
f 351/1262/351 1134/1263/1134 1810/1264/1810 1133/1265/1133
f 1134/1263/1134 353/1247/353 1127/1250/1127 1810/1264/1810
f 1810/1264/1810 1127/1250/1127 304/1255/304 1130/1266/1130
f 1133/1265/1133 1810/1264/1810 1130/1266/1130 78/1267/78
f 78/1261/78 1132/1260/1132 1811/1268/1811 1135/1269/1135
f 1132/1260/1132 350/1259/350 1136/1270/1136 1811/1268/1811
f 1811/1268/1811 1136/1270/1136 348/1271/348 1137/1272/1137
f 1135/1269/1135 1811/1268/1811 1137/1272/1137 305/1273/305
f 349/1274/349 1139/1275/1139 1812/1276/1812 1138/1277/1138
f 1139/1275/1139 351/1262/351 1133/1265/1133 1812/1276/1812
f 1812/1276/1812 1133/1265/1133 78/1267/78 1135/1278/1135
f 1138/1277/1138 1812/1276/1812 1135/1278/1135 305/1279/305
f 305/1273/305 1137/1272/1137 1813/1280/1813 1140/1281/1140
f 1137/1272/1137 348/1271/348 1141/1282/1141 1813/1280/1813
f 1813/1280/1813 1141/1282/1141 328/1126/328 1069/1125/1069
f 1140/1281/1140 1813/1280/1813 1069/1125/1069 309/1124/309
f 329/1129/329 1142/1283/1142 1814/1284/1814 1072/1130/1072
f 1142/1283/1142 349/1274/349 1138/1277/1138 1814/1284/1814
f 1814/1284/1814 1138/1277/1138 305/1279/305 1140/1285/1140
f 1072/1130/1072 1814/1284/1814 1140/1285/1140 309/1133/309
f 326/1198/326 1103/1201/1103 1815/1286/1815 1115/1223/1115
f 1103/1201/1103 328/1126/328 1141/1282/1141 1815/1286/1815
f 1815/1286/1815 1141/1282/1141 348/1271/348 1143/1287/1143
f 1115/1223/1115 1815/1286/1815 1143/1287/1143 342/1212/342
f 349/1274/349 1142/1283/1142 1816/1288/1816 1144/1289/1144
f 1142/1283/1142 329/1129/329 1106/1205/1106 1816/1288/1816
f 1816/1288/1816 1106/1205/1106 327/1204/327 1116/1224/1116
f 1144/1289/1144 1816/1288/1816 1116/1224/1116 343/1220/343
f 296/1098/296 1060/1107/1060 1817/1290/1817 1145/1291/1145
f 1060/1107/1060 298/1106/298 1146/1292/1146 1817/1290/1817
f 1817/1290/1817 1146/1292/1146 318/1293/318 1147/1294/1147
f 1145/1291/1145 1817/1290/1817 1147/1294/1147 310/1295/310
f 319/1296/319 1149/1297/1149 1818/1298/1818 1148/1299/1148
f 1149/1297/1149 299/1108/299 1061/1111/1061 1818/1298/1818
f 1818/1298/1818 1061/1111/1061 297/1100/297 1150/1300/1150
f 1148/1299/1148 1818/1298/1818 1150/1300/1150 311/1301/311
f 76/1302/76 1152/1303/1152 1819/1304/1819 1151/1305/1151
f 1152/1303/1152 316/1306/316 1153/1307/1153 1819/1304/1819
f 1819/1304/1819 1153/1307/1153 324/1242/324 1124/1239/1124
f 1151/1305/1151 1819/1304/1819 1124/1239/1124 77/1238/77
f 325/1251/325 1154/1308/1154 1820/1309/1820 1129/1252/1129
f 1154/1308/1154 317/1310/317 1155/1311/1155 1820/1309/1820
f 1820/1309/1820 1155/1311/1155 76/1312/76 1151/1313/1151
f 1129/1252/1129 1820/1309/1820 1151/1313/1151 77/1253/77
f 302/1314/302 1157/1315/1157 1821/1316/1821 1156/1317/1156
f 1157/1315/1157 358/1318/358 1158/1319/1158 1821/1316/1821
f 1821/1316/1821 1158/1319/1158 356/1320/356 1159/1321/1159
f 1156/1317/1156 1821/1316/1821 1159/1321/1159 303/1322/303
f 357/1323/357 1161/1324/1161 1822/1325/1822 1160/1326/1160
f 1161/1324/1161 359/1327/359 1162/1328/1162 1822/1325/1822
f 1822/1325/1822 1162/1328/1162 302/1329/302 1156/1330/1156
f 1160/1326/1160 1822/1325/1822 1156/1330/1156 303/1331/303
f 303/1322/303 1159/1321/1159 1823/1332/1823 1163/1333/1163
f 1159/1321/1159 356/1320/356 1164/1334/1164 1823/1332/1823
f 1823/1332/1823 1164/1334/1164 354/1335/354 1165/1336/1165
f 1163/1333/1163 1823/1332/1823 1165/1336/1165 75/1337/75
f 355/1338/355 1167/1339/1167 1824/1340/1824 1166/1341/1166
f 1167/1339/1167 357/1323/357 1160/1326/1160 1824/1340/1824
f 1824/1340/1824 1160/1326/1160 303/1331/303 1163/1342/1163
f 1166/1341/1166 1824/1340/1824 1163/1342/1163 75/1343/75
f 75/1337/75 1165/1336/1165 1825/1344/1825 1168/1345/1168
f 1165/1336/1165 354/1335/354 1169/1346/1169 1825/1344/1825
f 1825/1344/1825 1169/1346/1169 316/1306/316 1152/1303/1152
f 1168/1345/1168 1825/1344/1825 1152/1303/1152 76/1302/76
f 317/1310/317 1170/1347/1170 1826/1348/1826 1155/1311/1155
f 1170/1347/1170 355/1338/355 1166/1341/1166 1826/1348/1826
f 1826/1348/1826 1166/1341/1166 75/1343/75 1168/1349/1168
f 1155/1311/1155 1826/1348/1826 1168/1349/1168 76/1312/76
f 292/1350/292 1052/1351/1052 1827/1352/1827 1171/1353/1171
f 1052/1351/1052 294/1090/294 1172/1354/1172 1827/1352/1827
f 1827/1352/1827 1172/1354/1172 362/1355/362 1173/1356/1173
f 1171/1353/1171 1827/1352/1827 1173/1356/1173 364/1357/364
f 363/1358/363 1175/1359/1175 1828/1360/1828 1174/1361/1174
f 1175/1359/1175 295/1092/295 1053/1362/1053 1828/1360/1828
f 1828/1360/1828 1053/1362/1053 293/1363/293 1176/1364/1176
f 1174/1361/1174 1828/1360/1828 1176/1364/1176 365/1365/365
f 364/1357/364 1173/1356/1173 1829/1366/1829 1177/1367/1177
f 1173/1356/1173 362/1355/362 1178/1368/1178 1829/1366/1829
f 1829/1366/1829 1178/1368/1178 368/1369/368 1179/1370/1179
f 1177/1367/1177 1829/1366/1829 1179/1370/1179 366/1371/366
f 369/1372/369 1181/1373/1181 1830/1374/1830 1180/1375/1180
f 1181/1373/1181 363/1358/363 1174/1361/1174 1830/1374/1830
f 1830/1374/1830 1174/1361/1174 365/1365/365 1182/1376/1182
f 1180/1375/1180 1830/1374/1830 1182/1376/1182 367/1377/367
f 366/1371/366 1179/1370/1179 1831/1378/1831 1183/1379/1183
f 1179/1370/1179 368/1369/368 1184/1380/1184 1831/1378/1831
f 1831/1378/1831 1184/1380/1184 370/1381/370 1185/1382/1185
f 1183/1379/1183 1831/1378/1831 1185/1382/1185 372/1383/372
f 371/1384/371 1187/1385/1187 1832/1386/1832 1186/1387/1186
f 1187/1385/1187 369/1372/369 1180/1375/1180 1832/1386/1832
f 1832/1386/1832 1180/1375/1180 367/1377/367 1188/1388/1188
f 1186/1387/1186 1832/1386/1832 1188/1388/1188 373/1389/373
f 372/1383/372 1185/1382/1185 1833/1390/1833 1189/1391/1189
f 1185/1382/1185 370/1381/370 1190/1392/1190 1833/1390/1833
f 1833/1390/1833 1190/1392/1190 376/1393/376 1191/1394/1191
f 1189/1391/1189 1833/1390/1833 1191/1394/1191 374/1395/374
f 377/1396/377 1193/1397/1193 1834/1398/1834 1192/1399/1192
f 1193/1397/1193 371/1384/371 1186/1387/1186 1834/1398/1834
f 1834/1398/1834 1186/1387/1186 373/1389/373 1194/1400/1194
f 1192/1399/1192 1834/1398/1834 1194/1400/1194 375/1401/375
f 314/1402/314 1196/1403/1196 1835/1404/1835 1195/1405/1195
f 1196/1403/1196 378/1406/378 1197/1407/1197 1835/1404/1835
f 1835/1404/1835 1197/1407/1197 374/1395/374 1191/1394/1191
f 1195/1405/1195 1835/1404/1835 1191/1394/1191 376/1393/376
f 375/1401/375 1198/1408/1198 1836/1409/1836 1192/1399/1192
f 1198/1408/1198 379/1410/379 1199/1411/1199 1836/1409/1836
f 1836/1409/1836 1199/1411/1199 315/1412/315 1200/1413/1200
f 1192/1399/1192 1836/1409/1836 1200/1413/1200 377/1396/377
f 316/1306/316 1169/1346/1169 1837/1414/1837 1201/1415/1201
f 1169/1346/1169 354/1335/354 1202/1416/1202 1837/1414/1837
f 1837/1414/1837 1202/1416/1202 374/1395/374 1197/1407/1197
f 1201/1415/1201 1837/1414/1837 1197/1407/1197 378/1406/378
f 375/1401/375 1203/1417/1203 1838/1418/1838 1198/1408/1198
f 1203/1417/1203 355/1338/355 1170/1347/1170 1838/1418/1838
f 1838/1418/1838 1170/1347/1170 317/1310/317 1204/1419/1204
f 1198/1408/1198 1838/1418/1838 1204/1419/1204 379/1410/379
f 354/1335/354 1164/1334/1164 1839/1420/1839 1202/1416/1202
f 1164/1334/1164 356/1320/356 1205/1421/1205 1839/1420/1839
f 1839/1420/1839 1205/1421/1205 372/1383/372 1189/1391/1189
f 1202/1416/1202 1839/1420/1839 1189/1391/1189 374/1395/374
f 373/1389/373 1206/1422/1206 1840/1423/1840 1194/1400/1194
f 1206/1422/1206 357/1323/357 1167/1339/1167 1840/1423/1840
f 1840/1423/1840 1167/1339/1167 355/1338/355 1203/1417/1203
f 1194/1400/1194 1840/1423/1840 1203/1417/1203 375/1401/375
f 356/1320/356 1158/1319/1158 1841/1424/1841 1205/1421/1205
f 1158/1319/1158 358/1318/358 1207/1425/1207 1841/1424/1841
f 1841/1424/1841 1207/1425/1207 366/1371/366 1183/1379/1183
f 1205/1421/1205 1841/1424/1841 1183/1379/1183 372/1383/372
f 367/1377/367 1208/1426/1208 1842/1427/1842 1188/1388/1188
f 1208/1426/1208 359/1327/359 1161/1324/1161 1842/1427/1842
f 1842/1427/1842 1161/1324/1161 357/1323/357 1206/1422/1206
f 1188/1388/1188 1842/1427/1842 1206/1422/1206 373/1389/373
f 358/1318/358 1209/1428/1209 1843/1429/1843 1207/1425/1207
f 1209/1428/1209 360/1430/360 1210/1431/1210 1843/1429/1843
f 1843/1429/1843 1210/1431/1210 364/1357/364 1177/1367/1177
f 1207/1425/1207 1843/1429/1843 1177/1367/1177 366/1371/366
f 365/1365/365 1211/1432/1211 1844/1433/1844 1182/1376/1182
f 1211/1432/1211 361/1434/361 1212/1435/1212 1844/1433/1844
f 1844/1433/1844 1212/1435/1212 359/1327/359 1208/1426/1208
f 1182/1376/1182 1844/1433/1844 1208/1426/1208 367/1377/367
f 290/1436/290 1048/1437/1048 1845/1438/1845 1213/1439/1213
f 1048/1437/1048 292/1350/292 1171/1353/1171 1845/1438/1845
f 1845/1438/1845 1171/1353/1171 364/1357/364 1210/1431/1210
f 1213/1439/1213 1845/1438/1845 1210/1431/1210 360/1430/360
f 365/1365/365 1176/1364/1176 1846/1440/1846 1211/1432/1211
f 1176/1364/1176 293/1363/293 1049/1441/1049 1846/1440/1846
f 1846/1440/1846 1049/1441/1049 291/1442/291 1214/1443/1214
f 1211/1432/1211 1846/1440/1846 1214/1443/1214 361/1434/361
f 74/1444/74 1216/1445/1216 1847/1446/1847 1215/1447/1215
f 1216/1445/1216 360/1430/360 1209/1428/1209 1847/1446/1847
f 1847/1446/1847 1209/1428/1209 358/1318/358 1157/1315/1157
f 1215/1447/1215 1847/1446/1847 1157/1315/1157 302/1314/302
f 359/1327/359 1212/1435/1212 1848/1448/1848 1162/1328/1162
f 1212/1435/1212 361/1434/361 1217/1449/1217 1848/1448/1848
f 1848/1448/1848 1217/1449/1217 74/1450/74 1215/1451/1215
f 1162/1328/1162 1848/1448/1848 1215/1451/1215 302/1329/302
f 284/1452/284 1036/1453/1036 1849/1454/1849 1218/1455/1218
f 1036/1453/1036 286/1456/286 1040/1457/1040 1849/1454/1849
f 1849/1454/1849 1040/1457/1040 288/1458/288 1044/1459/1044
f 1218/1455/1218 1849/1454/1849 1044/1459/1044 290/1436/290
f 289/1460/289 1041/1461/1041 1850/1462/1850 1045/1463/1045
f 1041/1461/1041 287/1464/287 1037/1465/1037 1850/1462/1850
f 1850/1462/1850 1037/1465/1037 285/1466/285 1219/1467/1219
f 1045/1463/1045 1850/1462/1850 1219/1467/1219 291/1442/291
f 284/1452/284 1218/1455/1218 1851/1468/1851 1220/1469/1220
f 1218/1455/1218 290/1436/290 1213/1439/1213 1851/1468/1851
f 1851/1468/1851 1213/1439/1213 360/1430/360 1216/1445/1216
f 1220/1469/1220 1851/1468/1851 1216/1445/1216 74/1444/74
f 361/1434/361 1214/1443/1214 1852/1470/1852 1217/1449/1217
f 1214/1443/1214 291/1442/291 1219/1467/1219 1852/1470/1852
f 1852/1470/1852 1219/1467/1219 285/1466/285 1221/1471/1221
f 1217/1449/1217 1852/1470/1852 1221/1471/1221 74/1450/74
f 73/1472/73 1032/1473/1032 1853/1474/1853 1222/1475/1222
f 284/1452/284 1220/1469/1220 1853/1474/1853 1032/1473/1032
f 74/1444/74 1222/1475/1222 1853/1474/1853 1220/1469/1220
f 74/1450/74 1221/1471/1221 1854/1476/1854 1222/1477/1222
f 285/1466/285 1033/1478/1033 1854/1476/1854 1221/1471/1221
f 73/1479/73 1222/1477/1222 1854/1476/1854 1033/1478/1033
f 294/1090/294 1056/1099/1056 1855/1480/1855 1172/1354/1172
f 1056/1099/1056 296/1098/296 1145/1291/1145 1855/1480/1855
f 1855/1480/1855 1145/1291/1145 310/1295/310 1223/1481/1223
f 1172/1354/1172 1855/1480/1855 1223/1481/1223 362/1355/362
f 311/1301/311 1150/1300/1150 1856/1482/1856 1224/1483/1224
f 1150/1300/1150 297/1100/297 1057/1103/1057 1856/1482/1856
f 1856/1482/1856 1057/1103/1057 295/1092/295 1175/1359/1175
f 1224/1483/1224 1856/1482/1856 1175/1359/1175 363/1358/363
f 310/1295/310 1225/1484/1225 1857/1485/1857 1223/1481/1223
f 1225/1484/1225 312/1486/312 1226/1487/1226 1857/1485/1857
f 1857/1485/1857 1226/1487/1226 368/1369/368 1178/1368/1178
f 1223/1481/1223 1857/1485/1857 1178/1368/1178 362/1355/362
f 369/1372/369 1227/1488/1227 1858/1489/1858 1181/1373/1181
f 1227/1488/1227 313/1490/313 1228/1491/1228 1858/1489/1858
f 1858/1489/1858 1228/1491/1228 311/1301/311 1224/1483/1224
f 1181/1373/1181 1858/1489/1858 1224/1483/1224 363/1358/363
f 312/1486/312 1229/1492/1229 1859/1493/1859 1226/1487/1226
f 1229/1492/1229 382/1494/382 1230/1495/1230 1859/1493/1859
f 1859/1493/1859 1230/1495/1230 370/1381/370 1184/1380/1184
f 1226/1487/1226 1859/1493/1859 1184/1380/1184 368/1369/368
f 371/1384/371 1231/1496/1231 1860/1497/1860 1187/1385/1187
f 1231/1496/1231 383/1498/383 1232/1499/1232 1860/1497/1860
f 1860/1497/1860 1232/1499/1232 313/1490/313 1227/1488/1227
f 1187/1385/1187 1860/1497/1860 1227/1488/1227 369/1372/369
f 314/1402/314 1195/1405/1195 1861/1500/1861 1233/1501/1233
f 1195/1405/1195 376/1393/376 1190/1392/1190 1861/1500/1861
f 1861/1500/1861 1190/1392/1190 370/1381/370 1230/1495/1230
f 1233/1501/1233 1861/1500/1861 1230/1495/1230 382/1494/382
f 371/1384/371 1193/1397/1193 1862/1502/1862 1231/1496/1231
f 1193/1397/1193 377/1396/377 1200/1413/1200 1862/1502/1862
f 1862/1502/1862 1200/1413/1200 315/1412/315 1234/1503/1234
f 1231/1496/1231 1862/1502/1862 1234/1503/1234 383/1498/383
f 348/1271/348 1136/1270/1136 1863/1504/1863 1235/1505/1235
f 1136/1270/1136 350/1259/350 1236/1506/1236 1863/1504/1863
f 1863/1504/1863 1236/1506/1236 386/1507/386 1237/1508/1237
f 1235/1505/1235 1863/1504/1863 1237/1508/1237 384/1509/384
f 387/1510/387 1239/1511/1239 1864/1512/1864 1238/1513/1238
f 1239/1511/1239 351/1262/351 1139/1275/1139 1864/1512/1864
f 1864/1512/1864 1139/1275/1139 349/1274/349 1240/1514/1240
f 1238/1513/1238 1864/1512/1864 1240/1514/1240 385/1515/385
f 318/1293/318 1242/1516/1242 1865/1517/1865 1241/1518/1241
f 1242/1516/1242 384/1509/384 1237/1508/1237 1865/1517/1865
f 1865/1517/1865 1237/1508/1237 386/1507/386 1243/1519/1243
f 1241/1518/1241 1865/1517/1865 1243/1519/1243 320/1520/320
f 387/1510/387 1238/1513/1238 1866/1521/1866 1244/1522/1244
f 1238/1513/1238 385/1515/385 1245/1523/1245 1866/1521/1866
f 1866/1521/1866 1245/1523/1245 319/1296/319 1246/1524/1246
f 1244/1522/1244 1866/1521/1866 1246/1524/1246 321/1525/321
f 298/1106/298 1064/1115/1064 1867/1526/1867 1146/1292/1146
f 1064/1115/1064 300/1114/300 1247/1527/1247 1867/1526/1867
f 1867/1526/1867 1247/1527/1247 384/1509/384 1242/1516/1242
f 1146/1292/1146 1867/1526/1867 1242/1516/1242 318/1293/318
f 385/1515/385 1248/1528/1248 1868/1529/1868 1245/1523/1245
f 1248/1528/1248 301/1116/301 1065/1119/1065 1868/1529/1868
f 1868/1529/1868 1065/1119/1065 299/1108/299 1149/1297/1149
f 1245/1523/1245 1868/1529/1868 1149/1297/1149 319/1296/319
f 300/1114/300 1249/1530/1249 1869/1531/1869 1247/1527/1247
f 1249/1530/1249 344/1214/344 1110/1213/1110 1869/1531/1869
f 1869/1531/1869 1110/1213/1110 342/1212/342 1250/1532/1250
f 1247/1527/1247 1869/1531/1869 1250/1532/1250 384/1509/384
f 343/1220/343 1113/1217/1113 1870/1533/1870 1251/1534/1251
f 1113/1217/1113 345/1216/345 1252/1535/1252 1870/1533/1870
f 1870/1533/1870 1252/1535/1252 301/1116/301 1248/1528/1248
f 1251/1534/1251 1870/1533/1870 1248/1528/1248 385/1515/385
f 342/1212/342 1143/1287/1143 1871/1536/1871 1250/1532/1250
f 348/1271/348 1235/1505/1235 1871/1536/1871 1143/1287/1143
f 384/1509/384 1250/1532/1250 1871/1536/1871 1235/1505/1235
f 385/1515/385 1240/1514/1240 1872/1537/1872 1251/1534/1251
f 349/1274/349 1144/1289/1144 1872/1537/1872 1240/1514/1240
f 343/1220/343 1251/1534/1251 1872/1537/1872 1144/1289/1144
f 300/1114/300 1121/1235/1121 1873/1538/1873 1249/1530/1249
f 346/1229/346 1118/1228/1118 1873/1538/1873 1121/1235/1121
f 344/1214/344 1249/1530/1249 1873/1538/1873 1118/1228/1118
f 345/1216/345 1119/1231/1119 1874/1539/1874 1252/1535/1252
f 347/1233/347 1122/1236/1122 1874/1539/1874 1119/1231/1119
f 301/1116/301 1252/1535/1252 1874/1539/1874 1122/1236/1122
f 314/1402/314 1253/1540/1253 1875/1541/1875 1196/1403/1196
f 1253/1540/1253 322/1542/322 1254/1543/1254 1875/1541/1875
f 1875/1541/1875 1254/1543/1254 380/1544/380 1255/1545/1255
f 1196/1403/1196 1875/1541/1875 1255/1545/1255 378/1406/378
f 381/1546/381 1257/1547/1257 1876/1548/1876 1256/1549/1256
f 1257/1547/1257 323/1550/323 1258/1551/1258 1876/1548/1876
f 1876/1548/1876 1258/1551/1258 315/1412/315 1199/1411/1199
f 1256/1549/1256 1876/1548/1876 1199/1411/1199 379/1410/379
f 316/1306/316 1201/1415/1201 1877/1552/1877 1153/1307/1153
f 1201/1415/1201 378/1406/378 1255/1545/1255 1877/1552/1877
f 1877/1552/1877 1255/1545/1255 380/1544/380 1259/1553/1259
f 1153/1307/1153 1877/1552/1877 1259/1553/1259 324/1242/324
f 381/1546/381 1256/1549/1256 1878/1554/1878 1260/1555/1260
f 1256/1549/1256 379/1410/379 1204/1419/1204 1878/1554/1878
f 1878/1554/1878 1204/1419/1204 317/1310/317 1154/1308/1154
f 1260/1555/1260 1878/1554/1878 1154/1308/1154 325/1251/325
f 320/1520/320 1243/1519/1243 1879/1556/1879 1261/1557/1261
f 1243/1519/1243 386/1507/386 1262/1558/1262 1879/1556/1879
f 1879/1556/1879 1262/1558/1262 380/1544/380 1254/1543/1254
f 1261/1557/1261 1879/1556/1879 1254/1543/1254 322/1542/322
f 381/1546/381 1263/1559/1263 1880/1560/1880 1257/1547/1257
f 1263/1559/1263 387/1510/387 1244/1522/1244 1880/1560/1880
f 1880/1560/1880 1244/1522/1244 321/1525/321 1264/1561/1264
f 1257/1547/1257 1880/1560/1880 1264/1561/1264 323/1550/323
f 350/1259/350 1131/1258/1131 1881/1562/1881 1236/1506/1236
f 1131/1258/1131 352/1244/352 1265/1563/1265 1881/1562/1881
f 1881/1562/1881 1265/1563/1265 380/1544/380 1262/1558/1262
f 1236/1506/1236 1881/1562/1881 1262/1558/1262 386/1507/386
f 381/1546/381 1266/1564/1266 1882/1565/1882 1263/1559/1263
f 1266/1564/1266 353/1247/353 1134/1263/1134 1882/1565/1882
f 1882/1565/1882 1134/1263/1134 351/1262/351 1239/1511/1239
f 1263/1559/1263 1882/1565/1882 1239/1511/1239 387/1510/387
f 324/1242/324 1259/1553/1259 1883/1566/1883 1125/1243/1125
f 380/1544/380 1265/1563/1265 1883/1566/1883 1259/1553/1259
f 352/1244/352 1125/1243/1125 1883/1566/1883 1265/1563/1265
f 353/1247/353 1266/1564/1266 1884/1567/1884 1128/1248/1128
f 381/1546/381 1260/1555/1260 1884/1567/1884 1266/1564/1266
f 325/1251/325 1128/1248/1128 1884/1567/1884 1260/1555/1260
f 400/1568/400 1268/1569/1268 1885/1570/1885 1267/1571/1267
f 1268/1569/1268 388/1572/388 1269/1573/1269 1885/1570/1885
f 1885/1570/1885 1269/1573/1269 414/1574/414 1270/1575/1270
f 1267/1571/1267 1885/1570/1885 1270/1575/1270 402/1576/402
f 415/1577/415 1272/1578/1272 1886/1579/1886 1271/1580/1271
f 1272/1578/1272 389/1581/389 1273/1582/1273 1886/1579/1886
f 1886/1579/1886 1273/1582/1273 401/1583/401 1274/1584/1274
f 1271/1580/1271 1886/1579/1886 1274/1584/1274 403/1585/403
f 400/1568/400 1267/1571/1267 1887/1586/1887 1275/1587/1275
f 1267/1571/1267 402/1576/402 1276/1588/1276 1887/1586/1887
f 1887/1586/1887 1276/1588/1276 404/1589/404 1277/1590/1277
f 1275/1587/1275 1887/1586/1887 1277/1590/1277 398/1591/398
f 405/1592/405 1279/1593/1279 1888/1594/1888 1278/1595/1278
f 1279/1593/1279 403/1585/403 1274/1584/1274 1888/1594/1888
f 1888/1594/1888 1274/1584/1274 401/1583/401 1280/1596/1280
f 1278/1595/1278 1888/1594/1888 1280/1596/1280 399/1597/399
f 398/1591/398 1277/1590/1277 1889/1598/1889 1281/1599/1281
f 1277/1590/1277 404/1589/404 1282/1600/1282 1889/1598/1889
f 1889/1598/1889 1282/1600/1282 406/1601/406 1283/1602/1283
f 1281/1599/1281 1889/1598/1889 1283/1602/1283 396/1603/396
f 407/1604/407 1285/1605/1285 1890/1606/1890 1284/1607/1284
f 1285/1605/1285 405/1592/405 1278/1595/1278 1890/1606/1890
f 1890/1606/1890 1278/1595/1278 399/1597/399 1286/1608/1286
f 1284/1607/1284 1890/1606/1890 1286/1608/1286 397/1609/397
f 396/1603/396 1283/1602/1283 1891/1610/1891 1287/1611/1287
f 1283/1602/1283 406/1601/406 1288/1612/1288 1891/1610/1891
f 1891/1610/1891 1288/1612/1288 408/1613/408 1289/1614/1289
f 1287/1611/1287 1891/1610/1891 1289/1614/1289 394/1615/394
f 409/1616/409 1291/1617/1291 1892/1618/1892 1290/1619/1290
f 1291/1617/1291 407/1604/407 1284/1607/1284 1892/1618/1892
f 1892/1618/1892 1284/1607/1284 397/1609/397 1292/1620/1292
f 1290/1619/1290 1892/1618/1892 1292/1620/1292 395/1621/395
f 394/1615/394 1289/1614/1289 1893/1622/1893 1293/1623/1293
f 1289/1614/1289 408/1613/408 1294/1624/1294 1893/1622/1893
f 1893/1622/1893 1294/1624/1294 410/1625/410 1295/1626/1295
f 1293/1623/1293 1893/1622/1893 1295/1626/1295 392/1627/392
f 411/1628/411 1297/1629/1297 1894/1630/1894 1296/1631/1296
f 1297/1629/1297 409/1616/409 1290/1619/1290 1894/1630/1894
f 1894/1630/1894 1290/1619/1290 395/1621/395 1298/1632/1298
f 1296/1631/1296 1894/1630/1894 1298/1632/1298 393/1633/393
f 392/1627/392 1295/1626/1295 1895/1634/1895 1299/1635/1299
f 1295/1626/1295 410/1625/410 1300/1636/1300 1895/1634/1895
f 1895/1634/1895 1300/1636/1300 412/1637/412 1301/1638/1301
f 1299/1635/1299 1895/1634/1895 1301/1638/1301 390/1639/390
f 413/1640/413 1303/1641/1303 1896/1642/1896 1302/1643/1302
f 1303/1641/1303 411/1628/411 1296/1631/1296 1896/1642/1896
f 1896/1642/1896 1296/1631/1296 393/1633/393 1304/1644/1304
f 1302/1643/1302 1896/1642/1896 1304/1644/1304 391/1645/391
f 410/1625/410 1305/1646/1305 1897/1647/1897 1300/1636/1300
f 1305/1646/1305 420/1648/420 1306/1649/1306 1897/1647/1897
f 1897/1647/1897 1306/1649/1306 418/1650/418 1307/1651/1307
f 1300/1636/1300 1897/1647/1897 1307/1651/1307 412/1637/412
f 419/1652/419 1309/1653/1309 1898/1654/1898 1308/1655/1308
f 1309/1653/1309 421/1656/421 1310/1657/1310 1898/1654/1898
f 1898/1654/1898 1310/1657/1310 411/1628/411 1303/1641/1303
f 1308/1655/1308 1898/1654/1898 1303/1641/1303 413/1640/413
f 408/1613/408 1311/1658/1311 1899/1659/1899 1294/1624/1294
f 1311/1658/1311 422/1660/422 1312/1661/1312 1899/1659/1899
f 1899/1659/1899 1312/1661/1312 420/1648/420 1305/1646/1305
f 1294/1624/1294 1899/1659/1899 1305/1646/1305 410/1625/410
f 421/1656/421 1313/1662/1313 1900/1663/1900 1310/1657/1310
f 1313/1662/1313 423/1664/423 1314/1665/1314 1900/1663/1900
f 1900/1663/1900 1314/1665/1314 409/1616/409 1297/1629/1297
f 1310/1657/1310 1900/1663/1900 1297/1629/1297 411/1628/411
f 406/1601/406 1315/1666/1315 1901/1667/1901 1288/1612/1288
f 1315/1666/1315 424/1668/424 1316/1669/1316 1901/1667/1901
f 1901/1667/1901 1316/1669/1316 422/1660/422 1311/1658/1311
f 1288/1612/1288 1901/1667/1901 1311/1658/1311 408/1613/408
f 423/1664/423 1317/1670/1317 1902/1671/1902 1314/1665/1314
f 1317/1670/1317 425/1672/425 1318/1673/1318 1902/1671/1902
f 1902/1671/1902 1318/1673/1318 407/1604/407 1291/1617/1291
f 1314/1665/1314 1902/1671/1902 1291/1617/1291 409/1616/409
f 404/1589/404 1319/1674/1319 1903/1675/1903 1282/1600/1282
f 1319/1674/1319 426/1676/426 1320/1677/1320 1903/1675/1903
f 1903/1675/1903 1320/1677/1320 424/1668/424 1315/1666/1315
f 1282/1600/1282 1903/1675/1903 1315/1666/1315 406/1601/406
f 425/1672/425 1321/1678/1321 1904/1679/1904 1318/1673/1318
f 1321/1678/1321 427/1680/427 1322/1681/1322 1904/1679/1904
f 1904/1679/1904 1322/1681/1322 405/1592/405 1285/1605/1285
f 1318/1673/1318 1904/1679/1904 1285/1605/1285 407/1604/407
f 402/1576/402 1323/1682/1323 1905/1683/1905 1276/1588/1276
f 1323/1682/1323 428/1684/428 1324/1685/1324 1905/1683/1905
f 1905/1683/1905 1324/1685/1324 426/1676/426 1319/1674/1319
f 1276/1588/1276 1905/1683/1905 1319/1674/1319 404/1589/404
f 427/1680/427 1325/1686/1325 1906/1687/1906 1322/1681/1322
f 1325/1686/1325 429/1688/429 1326/1689/1326 1906/1687/1906
f 1906/1687/1906 1326/1689/1326 403/1585/403 1279/1593/1279
f 1322/1681/1322 1906/1687/1906 1279/1593/1279 405/1592/405
f 402/1576/402 1270/1575/1270 1907/1690/1907 1323/1682/1323
f 1270/1575/1270 414/1574/414 1327/1691/1327 1907/1690/1907
f 1907/1690/1907 1327/1691/1327 416/1692/416 1328/1693/1328
f 1323/1682/1323 1907/1690/1907 1328/1693/1328 428/1684/428
f 417/1694/417 1330/1695/1330 1908/1696/1908 1329/1697/1329
f 1330/1695/1330 415/1577/415 1271/1580/1271 1908/1696/1908
f 1908/1696/1908 1271/1580/1271 403/1585/403 1326/1689/1326
f 1329/1697/1329 1908/1696/1908 1326/1689/1326 429/1688/429
f 318/1293/318 1241/1518/1241 1909/1698/1909 1331/1699/1331
f 1241/1518/1241 320/1520/320 1332/1700/1332 1909/1698/1909
f 1909/1698/1909 1332/1700/1332 444/1701/444 1333/1702/1333
f 1331/1699/1331 1909/1698/1909 1333/1702/1333 442/1703/442
f 445/1704/445 1335/1705/1335 1910/1706/1910 1334/1707/1334
f 1335/1705/1335 321/1525/321 1246/1524/1246 1910/1706/1910
f 1910/1706/1910 1246/1524/1246 319/1296/319 1336/1708/1336
f 1334/1707/1334 1910/1706/1910 1336/1708/1336 443/1709/443
f 320/1710/320 1337/1711/1337 1911/1712/1911 1332/1713/1332
f 1337/1711/1337 390/1639/390 1301/1638/1301 1911/1712/1911
f 1911/1712/1911 1301/1638/1301 412/1637/412 1338/1714/1338
f 1332/1713/1332 1911/1712/1911 1338/1714/1338 444/1715/444
f 413/1640/413 1302/1643/1302 1912/1716/1912 1339/1717/1339
f 1302/1643/1302 391/1645/391 1340/1718/1340 1912/1716/1912
f 1912/1716/1912 1340/1718/1340 321/1719/321 1335/1720/1335
f 1339/1717/1339 1912/1716/1912 1335/1720/1335 445/1721/445
f 310/1295/310 1147/1294/1147 1913/1722/1913 1225/1484/1225
f 1147/1294/1147 318/1293/318 1331/1699/1331 1913/1722/1913
f 1913/1722/1913 1331/1699/1331 442/1703/442 1341/1723/1341
f 1225/1484/1225 1913/1722/1913 1341/1723/1341 312/1486/312
f 443/1709/443 1336/1708/1336 1914/1724/1914 1342/1725/1342
f 1336/1708/1336 319/1296/319 1148/1299/1148 1914/1724/1914
f 1914/1724/1914 1148/1299/1148 311/1301/311 1228/1491/1228
f 1342/1725/1342 1914/1724/1914 1228/1491/1228 313/1490/313
f 382/1726/382 1344/1727/1344 1915/1728/1915 1343/1729/1343
f 1344/1727/1344 430/1730/430 1345/1731/1345 1915/1728/1915
f 1915/1728/1915 1345/1731/1345 414/1574/414 1269/1573/1269
f 1343/1729/1343 1915/1728/1915 1269/1573/1269 388/1572/388
f 415/1577/415 1346/1732/1346 1916/1733/1916 1272/1578/1272
f 1346/1732/1346 431/1734/431 1347/1735/1347 1916/1733/1916
f 1916/1733/1916 1347/1735/1347 383/1736/383 1348/1737/1348
f 1272/1578/1272 1916/1733/1916 1348/1737/1348 389/1581/389
f 412/1637/412 1307/1651/1307 1917/1738/1917 1338/1714/1338
f 1307/1651/1307 418/1650/418 1349/1739/1349 1917/1738/1917
f 1917/1738/1917 1349/1739/1349 440/1740/440 1350/1741/1350
f 1338/1714/1338 1917/1738/1917 1350/1741/1350 444/1715/444
f 441/1742/441 1352/1743/1352 1918/1744/1918 1351/1745/1351
f 1352/1743/1352 419/1652/419 1308/1655/1308 1918/1744/1918
f 1918/1744/1918 1308/1655/1308 413/1640/413 1339/1717/1339
f 1351/1745/1351 1918/1744/1918 1339/1717/1339 445/1721/445
f 438/1746/438 1354/1747/1354 1919/1748/1919 1353/1749/1353
f 1354/1747/1354 446/1750/446 1355/1751/1355 1919/1748/1919
f 1919/1748/1919 1355/1751/1355 444/1715/444 1350/1741/1350
f 1353/1749/1353 1919/1748/1919 1350/1741/1350 440/1740/440
f 445/1721/445 1356/1752/1356 1920/1753/1920 1351/1745/1351
f 1356/1752/1356 447/1754/447 1357/1755/1357 1920/1753/1920
f 1920/1753/1920 1357/1755/1357 439/1756/439 1358/1757/1358
f 1351/1745/1351 1920/1753/1920 1358/1757/1358 441/1742/441
f 434/1758/434 1360/1759/1360 1921/1760/1921 1359/1761/1359
f 1360/1759/1360 446/1750/446 1354/1747/1354 1921/1760/1921
f 1921/1760/1921 1354/1747/1354 438/1746/438 1361/1762/1361
f 1359/1761/1359 1921/1760/1921 1361/1762/1361 436/1763/436
f 439/1756/439 1357/1755/1357 1922/1764/1922 1362/1765/1362
f 1357/1755/1357 447/1754/447 1363/1766/1363 1922/1764/1922
f 1922/1764/1922 1363/1766/1363 435/1767/435 1364/1768/1364
f 1362/1765/1362 1922/1764/1922 1364/1768/1364 437/1769/437
f 432/1770/432 1366/1771/1366 1923/1772/1923 1365/1773/1365
f 1366/1771/1366 448/1774/448 1367/1775/1367 1923/1772/1923
f 1923/1772/1923 1367/1775/1367 446/1750/446 1360/1759/1360
f 1365/1773/1365 1923/1772/1923 1360/1759/1360 434/1758/434
f 447/1754/447 1368/1776/1368 1924/1777/1924 1363/1766/1363
f 1368/1776/1368 449/1778/449 1369/1779/1369 1924/1777/1924
f 1924/1777/1924 1369/1779/1369 433/1780/433 1370/1781/1370
f 1363/1766/1363 1924/1777/1924 1370/1781/1370 435/1767/435
f 430/1730/430 1372/1782/1372 1925/1783/1925 1371/1784/1371
f 1372/1782/1372 448/1774/448 1366/1771/1366 1925/1783/1925
f 1925/1783/1925 1366/1771/1366 432/1770/432 1373/1785/1373
f 1371/1784/1371 1925/1783/1925 1373/1785/1373 450/1786/450
f 433/1780/433 1369/1779/1369 1926/1787/1926 1374/1788/1374
f 1369/1779/1369 449/1778/449 1375/1789/1375 1926/1787/1926
f 1926/1787/1926 1375/1789/1375 431/1734/431 1376/1790/1376
f 1374/1788/1374 1926/1787/1926 1376/1790/1376 451/1791/451
f 414/1574/414 1345/1731/1345 1927/1792/1927 1327/1691/1327
f 1345/1731/1345 430/1730/430 1371/1784/1371 1927/1792/1927
f 1927/1792/1927 1371/1784/1371 450/1786/450 1377/1793/1377
f 1327/1691/1327 1927/1792/1927 1377/1793/1377 416/1692/416
f 451/1791/451 1376/1790/1376 1928/1794/1928 1378/1795/1378
f 1376/1790/1376 431/1734/431 1346/1732/1346 1928/1794/1928
f 1928/1794/1928 1346/1732/1346 415/1577/415 1330/1695/1330
f 1378/1795/1378 1928/1794/1928 1330/1695/1330 417/1694/417
f 312/1486/312 1379/1796/1379 1929/1797/1929 1229/1492/1229
f 1379/1796/1379 448/1798/448 1372/1799/1372 1929/1797/1929
f 1929/1797/1929 1372/1799/1372 430/1800/430 1344/1801/1344
f 1229/1492/1229 1929/1797/1929 1344/1801/1344 382/1494/382
f 431/1802/431 1375/1803/1375 1930/1804/1930 1347/1805/1347
f 1375/1803/1375 449/1806/449 1380/1807/1380 1930/1804/1930
f 1930/1804/1930 1380/1807/1380 313/1490/313 1232/1499/1232
f 1347/1805/1347 1930/1804/1930 1232/1499/1232 383/1498/383
f 312/1486/312 1341/1723/1341 1931/1808/1931 1379/1796/1379
f 1341/1723/1341 442/1703/442 1381/1809/1381 1931/1808/1931
f 1931/1808/1931 1381/1809/1381 446/1810/446 1367/1811/1367
f 1379/1796/1379 1931/1808/1931 1367/1811/1367 448/1798/448
f 447/1812/447 1382/1813/1382 1932/1814/1932 1368/1815/1368
f 1382/1813/1382 443/1709/443 1342/1725/1342 1932/1814/1932
f 1932/1814/1932 1342/1725/1342 313/1490/313 1380/1807/1380
f 1368/1815/1368 1932/1814/1932 1380/1807/1380 449/1806/449
f 442/1703/442 1333/1702/1333 1933/1816/1933 1381/1809/1381
f 444/1701/444 1355/1817/1355 1933/1816/1933 1333/1702/1333
f 446/1810/446 1381/1809/1381 1933/1816/1933 1355/1817/1355
f 447/1812/447 1356/1818/1356 1934/1819/1934 1382/1813/1382
f 445/1704/445 1334/1707/1334 1934/1819/1934 1356/1818/1356
f 443/1709/443 1382/1813/1382 1934/1819/1934 1334/1707/1334
f 416/1692/416 1377/1793/1377 1935/1820/1935 1383/1821/1383
f 1377/1793/1377 450/1786/450 1384/1822/1384 1935/1820/1935
f 1935/1820/1935 1384/1822/1384 452/1823/452 1385/1824/1385
f 1383/1821/1383 1935/1820/1935 1385/1824/1385 476/1825/476
f 453/1826/453 1387/1827/1387 1936/1828/1936 1386/1829/1386
f 1387/1827/1387 451/1791/451 1378/1795/1378 1936/1828/1936
f 1936/1828/1936 1378/1795/1378 417/1694/417 1388/1830/1388
f 1386/1829/1386 1936/1828/1936 1388/1830/1388 477/1831/477
f 450/1786/450 1373/1785/1373 1937/1832/1937 1384/1822/1384
f 1373/1785/1373 432/1770/432 1389/1833/1389 1937/1832/1937
f 1937/1832/1937 1389/1833/1389 462/1834/462 1390/1835/1390
f 1384/1822/1384 1937/1832/1937 1390/1835/1390 452/1823/452
f 463/1836/463 1392/1837/1392 1938/1838/1938 1391/1839/1391
f 1392/1837/1392 433/1780/433 1374/1788/1374 1938/1838/1938
f 1938/1838/1938 1374/1788/1374 451/1791/451 1387/1827/1387
f 1391/1839/1391 1938/1838/1938 1387/1827/1387 453/1826/453
f 432/1770/432 1365/1773/1365 1939/1840/1939 1389/1833/1389
f 1365/1773/1365 434/1758/434 1393/1841/1393 1939/1840/1939
f 1939/1840/1939 1393/1841/1393 460/1842/460 1394/1843/1394
f 1389/1833/1389 1939/1840/1939 1394/1843/1394 462/1834/462
f 461/1844/461 1396/1845/1396 1940/1846/1940 1395/1847/1395
f 1396/1845/1396 435/1767/435 1370/1781/1370 1940/1846/1940
f 1940/1846/1940 1370/1781/1370 433/1780/433 1392/1837/1392
f 1395/1847/1395 1940/1846/1940 1392/1837/1392 463/1836/463
f 434/1758/434 1359/1761/1359 1941/1848/1941 1393/1841/1393
f 1359/1761/1359 436/1763/436 1397/1849/1397 1941/1848/1941
f 1941/1848/1941 1397/1849/1397 458/1850/458 1398/1851/1398
f 1393/1841/1393 1941/1848/1941 1398/1851/1398 460/1842/460
f 459/1852/459 1400/1853/1400 1942/1854/1942 1399/1855/1399
f 1400/1853/1400 437/1769/437 1364/1768/1364 1942/1854/1942
f 1942/1854/1942 1364/1768/1364 435/1767/435 1396/1845/1396
f 1399/1855/1399 1942/1854/1942 1396/1845/1396 461/1844/461
f 436/1763/436 1361/1762/1361 1943/1856/1943 1397/1849/1397
f 1361/1762/1361 438/1746/438 1401/1857/1401 1943/1856/1943
f 1943/1856/1943 1401/1857/1401 456/1858/456 1402/1859/1402
f 1397/1849/1397 1943/1856/1943 1402/1859/1402 458/1850/458
f 457/1860/457 1404/1861/1404 1944/1862/1944 1403/1863/1403
f 1404/1861/1404 439/1756/439 1362/1765/1362 1944/1862/1944
f 1944/1862/1944 1362/1765/1362 437/1769/437 1400/1853/1400
f 1403/1863/1403 1944/1862/1944 1400/1853/1400 459/1852/459
f 438/1746/438 1353/1749/1353 1945/1864/1945 1401/1857/1401
f 1353/1749/1353 440/1740/440 1405/1865/1405 1945/1864/1945
f 1945/1864/1945 1405/1865/1405 454/1866/454 1406/1867/1406
f 1401/1857/1401 1945/1864/1945 1406/1867/1406 456/1858/456
f 455/1868/455 1408/1869/1408 1946/1870/1946 1407/1871/1407
f 1408/1869/1408 441/1742/441 1358/1757/1358 1946/1870/1946
f 1946/1870/1946 1358/1757/1358 439/1756/439 1404/1861/1404
f 1407/1871/1407 1946/1870/1946 1404/1861/1404 457/1860/457
f 440/1740/440 1349/1739/1349 1947/1872/1947 1405/1865/1405
f 1349/1739/1349 418/1650/418 1409/1873/1409 1947/1872/1947
f 1947/1872/1947 1409/1873/1409 474/1874/474 1410/1875/1410
f 1405/1865/1405 1947/1872/1947 1410/1875/1410 454/1866/454
f 475/1876/475 1412/1877/1412 1948/1878/1948 1411/1879/1411
f 1412/1877/1412 419/1652/419 1352/1743/1352 1948/1878/1948
f 1948/1878/1948 1352/1743/1352 441/1742/441 1408/1869/1408
f 1411/1879/1411 1948/1878/1948 1408/1869/1408 455/1868/455
f 428/1684/428 1328/1693/1328 1949/1880/1949 1413/1881/1413
f 1328/1693/1328 416/1692/416 1383/1821/1383 1949/1880/1949
f 1949/1880/1949 1383/1821/1383 476/1825/476 1414/1882/1414
f 1413/1881/1413 1949/1880/1949 1414/1882/1414 464/1883/464
f 477/1831/477 1388/1830/1388 1950/1884/1950 1415/1885/1415
f 1388/1830/1388 417/1694/417 1329/1697/1329 1950/1884/1950
f 1950/1884/1950 1329/1697/1329 429/1688/429 1416/1886/1416
f 1415/1885/1415 1950/1884/1950 1416/1886/1416 465/1887/465
f 426/1676/426 1324/1685/1324 1951/1888/1951 1417/1889/1417
f 1324/1685/1324 428/1684/428 1413/1881/1413 1951/1888/1951
f 1951/1888/1951 1413/1881/1413 464/1883/464 1418/1890/1418
f 1417/1889/1417 1951/1888/1951 1418/1890/1418 466/1891/466
f 465/1887/465 1416/1886/1416 1952/1892/1952 1419/1893/1419
f 1416/1886/1416 429/1688/429 1325/1686/1325 1952/1892/1952
f 1952/1892/1952 1325/1686/1325 427/1680/427 1420/1894/1420
f 1419/1893/1419 1952/1892/1952 1420/1894/1420 467/1895/467
f 424/1668/424 1320/1677/1320 1953/1896/1953 1421/1897/1421
f 1320/1677/1320 426/1676/426 1417/1889/1417 1953/1896/1953
f 1953/1896/1953 1417/1889/1417 466/1891/466 1422/1898/1422
f 1421/1897/1421 1953/1896/1953 1422/1898/1422 468/1899/468
f 467/1895/467 1420/1894/1420 1954/1900/1954 1423/1901/1423
f 1420/1894/1420 427/1680/427 1321/1678/1321 1954/1900/1954
f 1954/1900/1954 1321/1678/1321 425/1672/425 1424/1902/1424
f 1423/1901/1423 1954/1900/1954 1424/1902/1424 469/1903/469
f 422/1660/422 1316/1669/1316 1955/1904/1955 1425/1905/1425
f 1316/1669/1316 424/1668/424 1421/1897/1421 1955/1904/1955
f 1955/1904/1955 1421/1897/1421 468/1899/468 1426/1906/1426
f 1425/1905/1425 1955/1904/1955 1426/1906/1426 470/1907/470
f 469/1903/469 1424/1902/1424 1956/1908/1956 1427/1909/1427
f 1424/1902/1424 425/1672/425 1317/1670/1317 1956/1908/1956
f 1956/1908/1956 1317/1670/1317 423/1664/423 1428/1910/1428
f 1427/1909/1427 1956/1908/1956 1428/1910/1428 471/1911/471
f 420/1648/420 1312/1661/1312 1957/1912/1957 1429/1913/1429
f 1312/1661/1312 422/1660/422 1425/1905/1425 1957/1912/1957
f 1957/1912/1957 1425/1905/1425 470/1907/470 1430/1914/1430
f 1429/1913/1429 1957/1912/1957 1430/1914/1430 472/1915/472
f 471/1911/471 1428/1910/1428 1958/1916/1958 1431/1917/1431
f 1428/1910/1428 423/1664/423 1313/1662/1313 1958/1916/1958
f 1958/1916/1958 1313/1662/1313 421/1656/421 1432/1918/1432
f 1431/1917/1431 1958/1916/1958 1432/1918/1432 473/1919/473
f 418/1650/418 1306/1649/1306 1959/1920/1959 1409/1873/1409
f 1306/1649/1306 420/1648/420 1429/1913/1429 1959/1920/1959
f 1959/1920/1959 1429/1913/1429 472/1915/472 1433/1921/1433
f 1409/1873/1409 1959/1920/1959 1433/1921/1433 474/1874/474
f 473/1919/473 1432/1918/1432 1960/1922/1960 1434/1923/1434
f 1432/1918/1432 421/1656/421 1309/1653/1309 1960/1922/1960
f 1960/1922/1960 1309/1653/1309 419/1652/419 1412/1877/1412
f 1434/1923/1434 1960/1922/1960 1412/1877/1412 475/1876/475
f 458/1850/458 1402/1859/1402 1961/1924/1961 1435/1925/1435
f 1402/1859/1402 456/1858/456 1436/1926/1436 1961/1924/1961
f 1961/1924/1961 1436/1926/1436 480/1927/480 1437/1928/1437
f 1435/1925/1435 1961/1924/1961 1437/1928/1437 478/1929/478
f 481/1930/481 1439/1931/1439 1962/1932/1962 1438/1933/1438
f 1439/1931/1439 457/1860/457 1403/1863/1403 1962/1932/1962
f 1962/1932/1962 1403/1863/1403 459/1852/459 1440/1934/1440
f 1438/1933/1438 1962/1932/1962 1440/1934/1440 479/1935/479
f 478/1929/478 1437/1928/1437 1963/1936/1963 1441/1937/1441
f 1437/1928/1437 480/1927/480 1442/1938/1442 1963/1936/1963
f 1963/1936/1963 1442/1938/1442 482/1939/482 1443/1940/1443
f 1441/1937/1441 1963/1936/1963 1443/1940/1443 484/1941/484
f 483/1942/483 1445/1943/1445 1964/1944/1964 1444/1945/1444
f 1445/1943/1445 481/1930/481 1438/1933/1438 1964/1944/1964
f 1964/1944/1964 1438/1933/1438 479/1935/479 1446/1946/1446
f 1444/1945/1444 1964/1944/1964 1446/1946/1446 485/1947/485
f 484/1941/484 1443/1940/1443 1965/1948/1965 1447/1949/1447
f 1443/1940/1443 482/1939/482 1448/1950/1448 1965/1948/1965
f 1965/1948/1965 1448/1950/1448 488/1951/488 1449/1952/1449
f 1447/1949/1447 1965/1948/1965 1449/1952/1449 486/1953/486
f 489/1954/489 1451/1955/1451 1966/1956/1966 1450/1957/1450
f 1451/1955/1451 483/1942/483 1444/1945/1444 1966/1956/1966
f 1966/1956/1966 1444/1945/1444 485/1947/485 1452/1958/1452
f 1450/1957/1450 1966/1956/1966 1452/1958/1452 487/1959/487
f 486/1953/486 1449/1952/1449 1967/1960/1967 1453/1961/1453
f 1449/1952/1449 488/1951/488 1454/1962/1454 1967/1960/1967
f 1967/1960/1967 1454/1962/1454 490/1963/490 1455/1964/1455
f 1453/1961/1453 1967/1960/1967 1455/1964/1455 492/1965/492
f 491/1966/491 1457/1967/1457 1968/1968/1968 1456/1969/1456
f 1457/1967/1457 489/1954/489 1450/1957/1450 1968/1968/1968
f 1968/1968/1968 1450/1957/1450 487/1959/487 1458/1970/1458
f 1456/1969/1456 1968/1968/1968 1458/1970/1458 493/1971/493
f 464/1883/464 1414/1882/1414 1969/1972/1969 1459/1973/1459
f 1414/1882/1414 476/1825/476 1460/1974/1460 1969/1972/1969
f 1969/1972/1969 1460/1974/1460 486/1953/486 1453/1961/1453
f 1459/1973/1459 1969/1972/1969 1453/1961/1453 492/1965/492
f 487/1959/487 1461/1975/1461 1970/1976/1970 1458/1970/1458
f 1461/1975/1461 477/1831/477 1415/1885/1415 1970/1976/1970
f 1970/1976/1970 1415/1885/1415 465/1887/465 1462/1977/1462
f 1458/1970/1458 1970/1976/1970 1462/1977/1462 493/1971/493
f 452/1823/452 1463/1978/1463 1971/1979/1971 1385/1824/1385
f 1463/1978/1463 484/1941/484 1447/1949/1447 1971/1979/1971
f 1971/1979/1971 1447/1949/1447 486/1953/486 1460/1974/1460
f 1385/1824/1385 1971/1979/1971 1460/1974/1460 476/1825/476
f 487/1959/487 1452/1958/1452 1972/1980/1972 1461/1975/1461
f 1452/1958/1452 485/1947/485 1464/1981/1464 1972/1980/1972
f 1972/1980/1972 1464/1981/1464 453/1826/453 1386/1829/1386
f 1461/1975/1461 1972/1980/1972 1386/1829/1386 477/1831/477
f 452/1823/452 1390/1835/1390 1973/1982/1973 1463/1978/1463
f 1390/1835/1390 462/1834/462 1465/1983/1465 1973/1982/1973
f 1973/1982/1973 1465/1983/1465 478/1929/478 1441/1937/1441
f 1463/1978/1463 1973/1982/1973 1441/1937/1441 484/1941/484
f 479/1935/479 1466/1984/1466 1974/1985/1974 1446/1946/1446
f 1466/1984/1466 463/1836/463 1391/1839/1391 1974/1985/1974
f 1974/1985/1974 1391/1839/1391 453/1826/453 1464/1981/1464
f 1446/1946/1446 1974/1985/1974 1464/1981/1464 485/1947/485
f 458/1850/458 1435/1925/1435 1975/1986/1975 1398/1851/1398
f 1435/1925/1435 478/1929/478 1465/1983/1465 1975/1986/1975
f 1975/1986/1975 1465/1983/1465 462/1834/462 1394/1843/1394
f 1398/1851/1398 1975/1986/1975 1394/1843/1394 460/1842/460
f 463/1836/463 1466/1984/1466 1976/1987/1976 1395/1847/1395
f 1466/1984/1466 479/1935/479 1440/1934/1440 1976/1987/1976
f 1976/1987/1976 1440/1934/1440 459/1852/459 1399/1855/1399
f 1395/1847/1395 1976/1987/1976 1399/1855/1399 461/1844/461
f 454/1866/454 1410/1875/1410 1977/1988/1977 1406/1867/1406
f 1410/1875/1410 474/1874/474 1467/1989/1467 1977/1988/1977
f 1977/1988/1977 1467/1989/1467 480/1927/480 1436/1926/1436
f 1406/1867/1406 1977/1988/1977 1436/1926/1436 456/1858/456
f 481/1930/481 1468/1990/1468 1978/1991/1978 1439/1931/1439
f 1468/1990/1468 475/1876/475 1411/1879/1411 1978/1991/1978
f 1978/1991/1978 1411/1879/1411 455/1868/455 1407/1871/1407
f 1439/1931/1439 1978/1991/1978 1407/1871/1407 457/1860/457
f 472/1915/472 1469/1992/1469 1979/1993/1979 1433/1921/1433
f 1469/1992/1469 482/1939/482 1442/1938/1442 1979/1993/1979
f 1979/1993/1979 1442/1938/1442 480/1927/480 1467/1989/1467
f 1433/1921/1433 1979/1993/1979 1467/1989/1467 474/1874/474
f 481/1930/481 1445/1943/1445 1980/1994/1980 1468/1990/1468
f 1445/1943/1445 483/1942/483 1470/1995/1470 1980/1994/1980
f 1980/1994/1980 1470/1995/1470 473/1919/473 1434/1923/1434
f 1468/1990/1468 1980/1994/1980 1434/1923/1434 475/1876/475
f 470/1907/470 1471/1996/1471 1981/1997/1981 1430/1914/1430
f 1471/1996/1471 488/1951/488 1448/1950/1448 1981/1997/1981
f 1981/1997/1981 1448/1950/1448 482/1939/482 1469/1992/1469
f 1430/1914/1430 1981/1997/1981 1469/1992/1469 472/1915/472
f 483/1942/483 1451/1955/1451 1982/1998/1982 1470/1995/1470
f 1451/1955/1451 489/1954/489 1472/1999/1472 1982/1998/1982
f 1982/1998/1982 1472/1999/1472 471/1911/471 1431/1917/1431
f 1470/1995/1470 1982/1998/1982 1431/1917/1431 473/1919/473
f 468/1899/468 1473/2000/1473 1983/2001/1983 1426/1906/1426
f 1473/2000/1473 490/1963/490 1454/1962/1454 1983/2001/1983
f 1983/2001/1983 1454/1962/1454 488/1951/488 1471/1996/1471
f 1426/1906/1426 1983/2001/1983 1471/1996/1471 470/1907/470
f 489/1954/489 1457/1967/1457 1984/2002/1984 1472/1999/1472
f 1457/1967/1457 491/1966/491 1474/2003/1474 1984/2002/1984
f 1984/2002/1984 1474/2003/1474 469/1903/469 1427/1909/1427
f 1472/1999/1472 1984/2002/1984 1427/1909/1427 471/1911/471
f 466/1891/466 1475/2004/1475 1985/2005/1985 1422/1898/1422
f 1475/2004/1475 492/1965/492 1455/1964/1455 1985/2005/1985
f 1985/2005/1985 1455/1964/1455 490/1963/490 1473/2000/1473
f 1422/1898/1422 1985/2005/1985 1473/2000/1473 468/1899/468
f 491/1966/491 1456/1969/1456 1986/2006/1986 1474/2003/1474
f 1456/1969/1456 493/1971/493 1476/2007/1476 1986/2006/1986
f 1986/2006/1986 1476/2007/1476 467/1895/467 1423/1901/1423
f 1474/2003/1474 1986/2006/1986 1423/1901/1423 469/1903/469
f 464/1883/464 1459/1973/1459 1987/2008/1987 1418/1890/1418
f 492/1965/492 1475/2004/1475 1987/2008/1987 1459/1973/1459
f 466/1891/466 1418/1890/1418 1987/2008/1987 1475/2004/1475
f 467/1895/467 1476/2007/1476 1988/2009/1988 1419/1893/1419
f 493/1971/493 1462/1977/1462 1988/2009/1988 1476/2007/1476
f 465/1887/465 1419/1893/1419 1988/2009/1988 1462/1977/1462
f 392/1627/392 1299/1635/1299 1989/2010/1989 1477/2011/1477
f 1299/1635/1299 390/1639/390 1478/2012/1478 1989/2010/1989
f 1989/2010/1989 1478/2012/1478 504/2013/504 1479/2014/1479
f 1477/2011/1477 1989/2010/1989 1479/2014/1479 502/2015/502
f 505/2016/505 1481/2017/1481 1990/2018/1990 1480/2019/1480
f 1481/2017/1481 391/1645/391 1304/1644/1304 1990/2018/1990
f 1990/2018/1990 1304/1644/1304 393/1633/393 1482/2020/1482
f 1480/2019/1480 1990/2018/1990 1482/2020/1482 503/2021/503
f 394/1615/394 1293/1623/1293 1991/2022/1991 1483/2023/1483
f 1293/1623/1293 392/1627/392 1477/2011/1477 1991/2022/1991
f 1991/2022/1991 1477/2011/1477 502/2015/502 1484/2024/1484
f 1483/2023/1483 1991/2022/1991 1484/2024/1484 500/2025/500
f 503/2021/503 1482/2020/1482 1992/2026/1992 1485/2027/1485
f 1482/2020/1482 393/1633/393 1298/1632/1298 1992/2026/1992
f 1992/2026/1992 1298/1632/1298 395/1621/395 1486/2028/1486
f 1485/2027/1485 1992/2026/1992 1486/2028/1486 501/2029/501
f 396/1603/396 1287/1611/1287 1993/2030/1993 1487/2031/1487
f 1287/1611/1287 394/1615/394 1483/2023/1483 1993/2030/1993
f 1993/2030/1993 1483/2023/1483 500/2025/500 1488/2032/1488
f 1487/2031/1487 1993/2030/1993 1488/2032/1488 498/2033/498
f 501/2029/501 1486/2028/1486 1994/2034/1994 1489/2035/1489
f 1486/2028/1486 395/1621/395 1292/1620/1292 1994/2034/1994
f 1994/2034/1994 1292/1620/1292 397/1609/397 1490/2036/1490
f 1489/2035/1489 1994/2034/1994 1490/2036/1490 499/2037/499
f 398/2038/398 1281/2039/1281 1995/2040/1995 1491/2041/1491
f 1281/2039/1281 396/1603/396 1487/2031/1487 1995/2040/1995
f 1995/2040/1995 1487/2031/1487 498/2033/498 1492/2042/1492
f 1491/2041/1491 1995/2040/1995 1492/2042/1492 496/2043/496
f 499/2037/499 1490/2036/1490 1996/2044/1996 1493/2045/1493
f 1490/2036/1490 397/1609/397 1286/2046/1286 1996/2044/1996
f 1996/2044/1996 1286/2046/1286 399/2047/399 1494/2048/1494
f 1493/2045/1493 1996/2044/1996 1494/2048/1494 497/2049/497
f 400/2050/400 1275/2051/1275 1997/2052/1997 1495/2053/1495
f 1275/2051/1275 398/2038/398 1491/2041/1491 1997/2052/1997
f 1997/2052/1997 1491/2041/1491 496/2043/496 1496/2054/1496
f 1495/2053/1495 1997/2052/1997 1496/2054/1496 494/2055/494
f 497/2049/497 1494/2048/1494 1998/2056/1998 1497/2057/1497
f 1494/2048/1494 399/2047/399 1280/2058/1280 1998/2056/1998
f 1998/2056/1998 1280/2058/1280 401/2059/401 1498/2060/1498
f 1497/2057/1497 1998/2056/1998 1498/2060/1498 495/2061/495
f 388/2062/388 1268/2063/1268 1999/2064/1999 1499/2065/1499
f 1268/2063/1268 400/2050/400 1495/2053/1495 1999/2064/1999
f 1999/2064/1999 1495/2053/1495 494/2055/494 1500/2066/1500
f 1499/2065/1499 1999/2064/1999 1500/2066/1500 506/2067/506
f 495/2061/495 1498/2060/1498 2000/2068/2000 1501/2069/1501
f 1498/2060/1498 401/2059/401 1273/2070/1273 2000/2068/2000
f 2000/2068/2000 1273/2070/1273 389/2071/389 1502/2072/1502
f 1501/2069/1501 2000/2068/2000 1502/2072/1502 507/2073/507
f 494/2055/494 1503/2074/1503 2001/2075/2001 1500/2066/1500
f 1503/2074/1503 502/2015/502 1479/2014/1479 2001/2075/2001
f 2001/2075/2001 1479/2014/1479 504/2013/504 1504/2076/1504
f 1500/2066/1500 2001/2075/2001 1504/2076/1504 506/2067/506
f 505/2016/505 1480/2019/1480 2002/2077/2002 1505/2078/1505
f 1480/2019/1480 503/2021/503 1506/2079/1506 2002/2077/2002
f 2002/2077/2002 1506/2079/1506 495/2061/495 1501/2069/1501
f 1505/2078/1505 2002/2077/2002 1501/2069/1501 507/2073/507
f 494/2055/494 1496/2054/1496 2003/2080/2003 1503/2074/1503
f 1496/2054/1496 496/2043/496 1507/2081/1507 2003/2080/2003
f 2003/2080/2003 1507/2081/1507 500/2025/500 1484/2024/1484
f 1503/2074/1503 2003/2080/2003 1484/2024/1484 502/2015/502
f 501/2029/501 1508/2082/1508 2004/2083/2004 1485/2027/1485
f 1508/2082/1508 497/2049/497 1497/2057/1497 2004/2083/2004
f 2004/2083/2004 1497/2057/1497 495/2061/495 1506/2079/1506
f 1485/2027/1485 2004/2083/2004 1506/2079/1506 503/2021/503
f 496/2043/496 1492/2042/1492 2005/2084/2005 1507/2081/1507
f 498/2033/498 1488/2032/1488 2005/2084/2005 1492/2042/1492
f 500/2025/500 1507/2081/1507 2005/2084/2005 1488/2032/1488
f 501/2029/501 1489/2035/1489 2006/2085/2006 1508/2082/1508
f 499/2037/499 1493/2045/1493 2006/2085/2006 1489/2035/1489
f 497/2049/497 1508/2082/1508 2006/2085/2006 1493/2045/1493
f 314/2086/314 1233/2087/1233 2007/2088/2007 1509/2089/1509
f 1233/2087/1233 382/2090/382 1343/2091/1343 2007/2088/2007
f 2007/2088/2007 1343/2091/1343 388/2062/388 1499/2065/1499
f 1509/2089/1509 2007/2088/2007 1499/2065/1499 506/2067/506
f 389/2071/389 1348/2092/1348 2008/2093/2008 1502/2072/1502
f 1348/2092/1348 383/2094/383 1234/2095/1234 2008/2093/2008
f 2008/2093/2008 1234/2095/1234 315/2096/315 1510/2097/1510
f 1502/2072/1502 2008/2093/2008 1510/2097/1510 507/2073/507
f 314/2086/314 1509/2089/1509 2009/2098/2009 1253/2099/1253
f 1509/2089/1509 506/2067/506 1504/2076/1504 2009/2098/2009
f 2009/2098/2009 1504/2076/1504 504/2013/504 1511/2100/1511
f 1253/2099/1253 2009/2098/2009 1511/2100/1511 322/2101/322
f 505/2016/505 1505/2078/1505 2010/2102/2010 1512/2103/1512
f 1505/2078/1505 507/2073/507 1510/2097/1510 2010/2102/2010
f 2010/2102/2010 1510/2097/1510 315/2096/315 1258/2104/1258
f 1512/2103/1512 2010/2102/2010 1258/2104/1258 323/2105/323
f 320/1710/320 1261/2106/1261 2011/2107/2011 1337/1711/1337
f 1261/2106/1261 322/2101/322 1511/2100/1511 2011/2107/2011
f 2011/2107/2011 1511/2100/1511 504/2013/504 1478/2012/1478
f 1337/1711/1337 2011/2107/2011 1478/2012/1478 390/1639/390
f 505/2016/505 1512/2103/1512 2012/2108/2012 1481/2017/1481
f 1512/2103/1512 323/2105/323 1264/2109/1264 2012/2108/2012
f 2012/2108/2012 1264/2109/1264 321/1719/321 1340/1718/1340
f 1481/2017/1481 2012/2108/2012 1340/1718/1340 391/1645/391
