# Blender 4.3.2
# www.blender.org
mtllib sphere_v2.mtl
o Sphere
v 0.000000 1.990369 -0.196034
v 0.000000 1.961571 -0.390181
v 0.000000 1.913881 -0.580569
v 0.000000 1.763842 -0.942793
v 0.000000 0.942793 -1.763842
v 0.000000 0.765367 -1.847759
v 0.000000 0.580569 -1.913881
v 0.000000 0.196034 -1.990369
v 0.000000 0.000000 -2.000000
v 0.000000 -0.196034 -1.990369
v 0.000000 -0.580569 -1.913881
v 0.000000 -0.765367 -1.847759
v 0.000000 -0.942793 -1.763842
v 0.000000 -1.913881 -0.580569
v 0.000000 -1.990369 -0.196034
v 0.019215 1.990369 -0.195090
v 0.038244 1.961571 -0.388302
v 0.056906 1.913881 -0.577774
v 0.075019 1.847759 -0.761681
v 0.092410 1.763842 -0.938254
v 0.108911 1.662939 -1.105790
v 0.124363 1.546021 -1.262677
v 0.138617 1.414214 -1.407404
v 0.151537 1.268787 -1.538576
v 0.162997 1.111140 -1.654932
v 0.172887 0.942793 -1.755349
v 0.181112 0.765367 -1.838862
v 0.187593 0.580569 -1.904665
v 0.192268 0.390181 -1.952125
v 0.195090 0.196034 -1.980785
v 0.196034 0.000000 -1.990369
v 0.195090 -0.196034 -1.980785
v 0.192268 -0.390181 -1.952125
v 0.187593 -0.580569 -1.904665
v 0.181112 -0.765367 -1.838862
v 0.172887 -0.942793 -1.755349
v 0.162997 -1.111140 -1.654932
v 0.151537 -1.268787 -1.538576
v 0.138617 -1.414214 -1.407404
v 0.124363 -1.546021 -1.262677
v 0.108911 -1.662939 -1.105790
v 0.092410 -1.763842 -0.938254
v 0.075019 -1.847759 -0.761681
v 0.056906 -1.913881 -0.577774
v 0.038244 -1.961571 -0.388302
v 0.019215 -1.990369 -0.195090
v 0.038244 1.990369 -0.192268
v 0.076120 1.961571 -0.382683
v 0.113263 1.913881 -0.569414
v 0.149316 1.847759 -0.750661
v 0.183930 1.763842 -0.924678
v 0.216773 1.662939 -1.089790
v 0.247528 1.546021 -1.244407
v 0.275899 1.414214 -1.387040
v 0.301614 1.268787 -1.516315
v 0.324423 1.111140 -1.630986
v 0.344109 0.942793 -1.729951
v 0.360480 0.765367 -1.812255
v 0.373380 0.580569 -1.877106
v 0.382683 0.390181 -1.923879
v 0.388302 0.196034 -1.952125
v 0.390181 0.000000 -1.961571
v 0.388302 -0.196034 -1.952125
v 0.382683 -0.390181 -1.923879
v 0.373380 -0.580569 -1.877106
v 0.360480 -0.765367 -1.812255
v 0.344109 -0.942793 -1.729951
v 0.324423 -1.111140 -1.630986
v 0.301614 -1.268787 -1.516315
v 0.275899 -1.414214 -1.387040
v 0.247528 -1.546021 -1.244407
v 0.216773 -1.662939 -1.089790
v 0.183930 -1.763842 -0.924678
v 0.149316 -1.847759 -0.750661
v 0.113263 -1.913881 -0.569414
v 0.076120 -1.961571 -0.382683
v 0.038244 -1.990369 -0.192268
v 0.056906 1.990369 -0.187593
v 0.113263 1.961571 -0.373380
v 0.168530 1.913881 -0.555570
v 0.222174 1.847759 -0.732410
v 0.273679 1.763842 -0.902197
v 0.322547 1.662939 -1.063295
v 0.368309 1.546021 -1.214153
v 0.410525 1.414214 -1.353318
v 0.448786 1.268787 -1.479450
v 0.482726 1.111140 -1.591334
v 0.512016 0.942793 -1.687892
v 0.536376 0.765367 -1.768195
v 0.555570 0.580569 -1.831470
v 0.569414 0.390181 -1.877106
v 0.577774 0.196034 -1.904665
v 0.580569 0.000000 -1.913881
v 0.577774 -0.196034 -1.904665
v 0.569414 -0.390181 -1.877106
v 0.555570 -0.580569 -1.831470
v 0.536376 -0.765367 -1.768195
v 0.512016 -0.942793 -1.687892
v 0.482726 -1.111140 -1.591334
v 0.448786 -1.268787 -1.479450
v 0.410525 -1.414214 -1.353318
v 0.368309 -1.546021 -1.214153
v 0.322547 -1.662939 -1.063295
v 0.273679 -1.763842 -0.902197
v 0.222174 -1.847759 -0.732410
v 0.168530 -1.913881 -0.555570
v 0.113263 -1.961571 -0.373380
v 0.056906 -1.990369 -0.187593
v 0.075019 1.990369 -0.181112
v 0.149316 1.961571 -0.360480
v 0.222174 1.913881 -0.536376
v 0.292893 1.847759 -0.707107
v 0.360791 1.763842 -0.871028
v 0.425215 1.662939 -1.026560
v 0.485544 1.546021 -1.172206
v 0.541196 1.414214 -1.306563
v 0.591637 1.268787 -1.428337
v 0.636379 1.111140 -1.536355
v 0.674993 0.942793 -1.629578
v 0.707107 0.765367 -1.707107
v 0.732410 0.580569 -1.768195
v 0.750661 0.390181 -1.812255
v 0.761681 0.196034 -1.838862
v 0.765367 0.000000 -1.847759
v 0.761681 -0.196034 -1.838862
v 0.750661 -0.390181 -1.812255
v 0.732410 -0.580569 -1.768195
v 0.707107 -0.765367 -1.707107
v 0.674993 -0.942793 -1.629578
v 0.636379 -1.111140 -1.536355
v 0.591637 -1.268787 -1.428337
v 0.541196 -1.414214 -1.306563
v 0.485544 -1.546021 -1.172206
v 0.425215 -1.662939 -1.026560
v 0.360791 -1.763842 -0.871028
v 0.292893 -1.847759 -0.707107
v 0.222174 -1.913881 -0.536376
v 0.149316 -1.961571 -0.360480
v 0.075019 -1.990369 -0.181112
v 0.092410 1.990369 -0.172887
v 0.183930 1.961571 -0.344109
v 0.273678 1.913881 -0.512016
v 0.360791 1.847759 -0.674993
v 0.444430 1.763842 -0.831470
v 0.523788 1.662939 -0.979939
v 0.598102 1.546021 -1.118970
v 0.666656 1.414214 -1.247225
v 0.728789 1.268787 -1.363469
v 0.783904 1.111140 -1.466581
v 0.831470 0.942793 -1.555570
v 0.871028 0.765367 -1.629578
v 0.902197 0.580569 -1.687892
v 0.924678 0.390181 -1.729951
v 0.938254 0.196034 -1.755349
v 0.942793 0.000000 -1.763842
v 0.938254 -0.196034 -1.755349
v 0.924678 -0.390181 -1.729951
v 0.902197 -0.580569 -1.687892
v 0.871028 -0.765367 -1.629578
v 0.831470 -0.942793 -1.555570
v 0.783904 -1.111140 -1.466581
v 0.728789 -1.268787 -1.363469
v 0.666656 -1.414214 -1.247225
v 0.598102 -1.546021 -1.118970
v 0.523788 -1.662939 -0.979939
v 0.444430 -1.763842 -0.831470
v 0.360791 -1.847759 -0.674993
v 0.273678 -1.913881 -0.512016
v 0.183930 -1.961571 -0.344109
v 0.092410 -1.990369 -0.172887
v 0.108911 1.990369 -0.162997
v 0.216773 1.961571 -0.324423
v 0.322547 1.913881 -0.482726
v 0.425215 1.847759 -0.636379
v 0.523788 1.763842 -0.783904
v 0.617317 1.662939 -0.923880
v 0.704900 1.546021 -1.054957
v 0.785695 1.414214 -1.175875
v 0.858923 1.268787 -1.285470
v 0.923880 1.111140 -1.382684
v 0.979938 0.942793 -1.466581
v 1.026560 0.765367 -1.536355
v 1.063295 0.580569 -1.591334
v 1.089790 0.390181 -1.630986
v 1.105790 0.196034 -1.654932
v 1.111140 0.000000 -1.662939
v 1.105790 -0.196034 -1.654932
v 1.089790 -0.390181 -1.630986
v 1.063295 -0.580569 -1.591334
v 1.026560 -0.765367 -1.536355
v 0.979938 -0.942793 -1.466581
v 0.923880 -1.111140 -1.382684
v 0.858923 -1.268787 -1.285470
v 0.785695 -1.414214 -1.175875
v 0.704900 -1.546021 -1.054957
v 0.617317 -1.662939 -0.923880
v 0.523788 -1.763842 -0.783904
v 0.425215 -1.847759 -0.636379
v 0.322547 -1.913881 -0.482726
v 0.216773 -1.961571 -0.324423
v 0.108911 -1.990369 -0.162997
v 0.124363 1.990369 -0.151537
v 0.247528 1.961571 -0.301614
v 0.368309 1.913881 -0.448786
v 0.485544 1.847759 -0.591637
v 0.598102 1.763842 -0.728789
v 0.704900 1.662939 -0.858923
v 0.804910 1.546021 -0.980785
v 0.897168 1.414214 -1.093202
v 0.980785 1.268787 -1.195090
v 1.054958 1.111140 -1.285470
v 1.118970 0.942793 -1.363469
v 1.172206 0.765367 -1.428337
v 1.214153 0.580569 -1.479450
v 1.244407 0.390181 -1.516314
v 1.262677 0.196034 -1.538576
v 1.268787 0.000000 -1.546021
v 1.262677 -0.196034 -1.538576
v 1.244407 -0.390181 -1.516314
v 1.214153 -0.580569 -1.479450
v 1.172206 -0.765367 -1.428337
v 1.118970 -0.942793 -1.363469
v 1.054958 -1.111140 -1.285470
v 0.980785 -1.268787 -1.195090
v 0.897168 -1.414214 -1.093202
v 0.804910 -1.546021 -0.980785
v 0.704900 -1.662939 -0.858923
v 0.598102 -1.763842 -0.728789
v 0.485544 -1.847759 -0.591637
v 0.368309 -1.913881 -0.448786
v 0.247528 -1.961571 -0.301614
v 0.124363 -1.990369 -0.151537
v 0.138617 1.990369 -0.138617
v 0.275899 1.961571 -0.275899
v 0.410525 1.913881 -0.410524
v 0.541196 1.847759 -0.541196
v 0.666656 1.763842 -0.666656
v 0.785695 1.662939 -0.785695
v 0.897168 1.546021 -0.897168
v 1.000000 1.414214 -1.000000
v 1.093202 1.268787 -1.093202
v 1.175876 1.111140 -1.175876
v 1.247225 0.942793 -1.247225
v 1.306563 0.765367 -1.306563
v 1.353318 0.580569 -1.353318
v 1.387040 0.390181 -1.387040
v 1.407404 0.196034 -1.407404
v 1.414214 0.000000 -1.414213
v 1.407404 -0.196034 -1.407404
v 1.387040 -0.390181 -1.387040
v 1.353318 -0.580569 -1.353318
v 1.306563 -0.765367 -1.306563
v 1.247225 -0.942793 -1.247225
v 1.175876 -1.111140 -1.175876
v 1.093202 -1.268787 -1.093202
v 1.000000 -1.414214 -1.000000
v 0.897168 -1.546021 -0.897168
v 0.785695 -1.662939 -0.785695
v 0.666656 -1.763842 -0.666656
v 0.541196 -1.847759 -0.541196
v 0.410525 -1.913881 -0.410524
v 0.275899 -1.961571 -0.275899
v 0.138617 -1.990369 -0.138617
v 0.151537 1.990369 -0.124363
v 0.301614 1.961571 -0.247528
v 0.448786 1.913881 -0.368309
v 0.591637 1.847759 -0.485544
v 0.728789 1.763842 -0.598102
v 0.858923 1.662939 -0.704900
v 0.980785 1.546021 -0.804910
v 1.093202 1.414214 -0.897167
v 1.195090 1.268787 -0.980785
v 1.285469 1.111140 -1.054958
v 1.363469 0.942793 -1.118970
v 1.428337 0.765367 -1.172206
v 1.479450 0.580569 -1.214153
v 1.516314 0.390181 -1.244407
v 1.538576 0.196034 -1.262677
v 1.546021 0.000000 -1.268786
v 1.538576 -0.196034 -1.262677
v 1.516314 -0.390181 -1.244407
v 1.479450 -0.580569 -1.214153
v 1.428337 -0.765367 -1.172206
v 1.363469 -0.942793 -1.118970
v 1.285469 -1.111140 -1.054958
v 1.195090 -1.268787 -0.980785
v 1.093202 -1.414214 -0.897167
v 0.980785 -1.546021 -0.804910
v 0.858923 -1.662939 -0.704900
v 0.728789 -1.763842 -0.598102
v 0.591637 -1.847759 -0.485544
v 0.448786 -1.913881 -0.368309
v 0.301614 -1.961571 -0.247528
v 0.151537 -1.990369 -0.124363
v 0.162997 1.990369 -0.108911
v 0.324423 1.961571 -0.216773
v 0.482726 1.913881 -0.322547
v 0.636379 1.847759 -0.425215
v 0.783904 1.763842 -0.523788
v 0.923880 1.662939 -0.617317
v 1.054957 1.546021 -0.704900
v 1.175876 1.414214 -0.785695
v 1.285469 1.268787 -0.858923
v 1.382683 1.111140 -0.923880
v 1.466581 0.942793 -0.979938
v 1.536355 0.765367 -1.026560
v 1.591334 0.580569 -1.063295
v 1.630986 0.390181 -1.089790
v 1.654932 0.196034 -1.105790
v 1.662939 0.000000 -1.111140
v 1.654932 -0.196034 -1.105790
v 1.630986 -0.390181 -1.089790
v 1.591334 -0.580569 -1.063295
v 1.536355 -0.765367 -1.026560
v 1.466581 -0.942793 -0.979938
v 1.382683 -1.111140 -0.923880
v 1.285469 -1.268787 -0.858923
v 1.175876 -1.414214 -0.785695
v 1.054957 -1.546021 -0.704900
v 0.923880 -1.662939 -0.617317
v 0.783904 -1.763842 -0.523788
v 0.636379 -1.847759 -0.425215
v 0.482726 -1.913881 -0.322547
v 0.324423 -1.961571 -0.216773
v 0.162997 -1.990369 -0.108911
v 0.172887 1.990369 -0.092410
v 0.344109 1.961571 -0.183930
v 0.512016 1.913881 -0.273678
v 0.674993 1.847759 -0.360791
v 0.831470 1.763842 -0.444430
v 0.979939 1.662939 -0.523788
v 1.118970 1.546021 -0.598102
v 1.247225 1.414214 -0.666655
v 1.363469 1.268787 -0.728789
v 1.466581 1.111140 -0.783904
v 1.555570 0.942793 -0.831469
v 1.629578 0.765367 -0.871027
v 1.687892 0.580569 -0.902197
v 1.729951 0.390181 -0.924678
v 1.755349 0.196034 -0.938254
v 1.763842 0.000000 -0.942793
v 1.755349 -0.196034 -0.938254
v 1.729951 -0.390181 -0.924678
v 1.687892 -0.580569 -0.902197
v 1.629578 -0.765367 -0.871027
v 1.555570 -0.942793 -0.831469
v 1.466581 -1.111140 -0.783904
v 1.363469 -1.268787 -0.728789
v 1.247225 -1.414214 -0.666655
v 1.118970 -1.546021 -0.598102
v 0.979939 -1.662939 -0.523788
v 0.831470 -1.763842 -0.444430
v 0.674993 -1.847759 -0.360791
v 0.512016 -1.913881 -0.273678
v 0.344109 -1.961571 -0.183930
v 0.172887 -1.990369 -0.092410
v 0.181112 1.990369 -0.075019
v 0.360480 1.961571 -0.149316
v 0.536376 1.913881 -0.222174
v 0.707107 1.847759 -0.292893
v 0.871028 1.763842 -0.360791
v 1.026560 1.662939 -0.425215
v 1.172206 1.546021 -0.485544
v 1.306563 1.414214 -0.541196
v 1.428337 1.268787 -0.591637
v 1.536356 1.111140 -0.636379
v 1.629578 0.942793 -0.674993
v 1.707107 0.765367 -0.707107
v 1.768195 0.580569 -0.732410
v 1.812255 0.390181 -0.750660
v 1.838862 0.196034 -0.761681
v 1.847759 0.000000 -0.765367
v 1.838862 -0.196034 -0.761681
v 1.812255 -0.390181 -0.750660
v 1.768195 -0.580569 -0.732410
v 1.707107 -0.765367 -0.707107
v 1.629578 -0.942793 -0.674993
v 1.536356 -1.111140 -0.636379
v 1.428337 -1.268787 -0.591637
v 1.306563 -1.414214 -0.541196
v 1.172206 -1.546021 -0.485544
v 1.026560 -1.662939 -0.425215
v 0.871028 -1.763842 -0.360791
v 0.707107 -1.847759 -0.292893
v 0.536376 -1.913881 -0.222174
v 0.360480 -1.961571 -0.149316
v 0.181112 -1.990369 -0.075019
v 0.187593 1.990369 -0.056906
v 0.373380 1.961571 -0.113263
v 0.555570 1.913881 -0.168530
v 0.732410 1.847759 -0.222174
v 0.902197 1.763842 -0.273678
v 1.063295 1.662939 -0.322547
v 1.214153 1.546021 -0.368309
v 1.353318 1.414214 -0.410524
v 1.479450 1.268787 -0.448786
v 1.591334 1.111140 -0.482726
v 1.687892 0.942793 -0.512016
v 1.768195 0.765367 -0.536376
v 1.831469 0.580569 -0.555570
v 1.877106 0.390181 -0.569414
v 1.904665 0.196034 -0.577774
v 1.913880 0.000000 -0.580569
v 1.904665 -0.196034 -0.577774
v 1.877106 -0.390181 -0.569414
v 1.831469 -0.580569 -0.555570
v 1.768195 -0.765367 -0.536376
v 1.687892 -0.942793 -0.512016
v 1.591334 -1.111140 -0.482726
v 1.479450 -1.268787 -0.448786
v 1.353318 -1.414214 -0.410524
v 1.214153 -1.546021 -0.368309
v 1.063295 -1.662939 -0.322547
v 0.902197 -1.763842 -0.273678
v 0.732410 -1.847759 -0.222174
v 0.555570 -1.913881 -0.168530
v 0.373380 -1.961571 -0.113263
v 0.187593 -1.990369 -0.056906
v 0.192268 1.990369 -0.038244
v 0.382683 1.961571 -0.076120
v 0.569414 1.913881 -0.113263
v 0.750660 1.847759 -0.149316
v 0.924678 1.763842 -0.183930
v 1.089790 1.662939 -0.216773
v 1.244407 1.546021 -0.247528
v 1.387040 1.414214 -0.275899
v 1.516314 1.268787 -0.301614
v 1.630986 1.111140 -0.324423
v 1.729951 0.942793 -0.344108
v 1.812255 0.765367 -0.360480
v 1.877106 0.580569 -0.373380
v 1.923879 0.390181 -0.382683
v 1.952125 0.196034 -0.388302
v 1.961570 0.000000 -0.390180
v 1.952125 -0.196034 -0.388302
v 1.923879 -0.390181 -0.382683
v 1.877106 -0.580569 -0.373380
v 1.812255 -0.765367 -0.360480
v 1.729951 -0.942793 -0.344108
v 1.630986 -1.111140 -0.324423
v 1.516314 -1.268787 -0.301614
v 1.387040 -1.414214 -0.275899
v 1.244407 -1.546021 -0.247528
v 1.089790 -1.662939 -0.216773
v 0.924678 -1.763842 -0.183930
v 0.750660 -1.847759 -0.149316
v 0.569414 -1.913881 -0.113263
v 0.382683 -1.961571 -0.076120
v 0.192268 -1.990369 -0.038244
v 0.195090 1.990369 -0.019215
v 0.388302 1.961571 -0.038244
v 0.577774 1.913881 -0.056906
v 0.761681 1.847759 -0.075019
v 0.938254 1.763842 -0.092410
v 1.105790 1.662939 -0.108911
v 1.262677 1.546021 -0.124363
v 1.407404 1.414214 -0.138617
v 1.538576 1.268787 -0.151537
v 1.654932 1.111140 -0.162997
v 1.755349 0.942793 -0.172887
v 1.838861 0.765367 -0.181112
v 1.904665 0.580569 -0.187593
v 1.952125 0.390181 -0.192267
v 1.980785 0.196034 -0.195090
v 1.990369 0.000000 -0.196034
v 1.980785 -0.196034 -0.195090
v 1.952125 -0.390181 -0.192267
v 1.904665 -0.580569 -0.187593
v 1.838861 -0.765367 -0.181112
v 1.755349 -0.942793 -0.172887
v 1.654932 -1.111140 -0.162997
v 1.538576 -1.268787 -0.151537
v 1.407404 -1.414214 -0.138617
v 1.262677 -1.546021 -0.124363
v 1.105790 -1.662939 -0.108911
v 0.938254 -1.763842 -0.092410
v 0.761681 -1.847759 -0.075019
v 0.577774 -1.913881 -0.056906
v 0.388302 -1.961571 -0.038244
v 0.195090 -1.990369 -0.019215
v 0.196034 1.990369 0.000000
v 0.390181 1.961571 -0.000000
v 0.580569 1.913881 0.000000
v 0.765367 1.847759 0.000000
v 0.942793 1.763842 0.000000
v 1.111141 1.662939 -0.000000
v 1.268786 1.546021 -0.000000
v 1.414213 1.414214 0.000000
v 1.546021 1.268787 -0.000000
v 1.662939 1.111140 -0.000000
v 1.763842 0.942793 0.000000
v 1.847759 0.765367 0.000000
v 1.913880 0.580569 -0.000000
v 1.961570 0.390181 0.000000
v 1.990369 0.196034 0.000000
v 2.000000 0.000000 0.000000
v 1.990369 -0.196034 0.000000
v 1.961570 -0.390181 0.000000
v 1.913880 -0.580569 -0.000000
v 1.847759 -0.765367 0.000000
v 1.763842 -0.942793 0.000000
v 1.662939 -1.111140 -0.000000
v 1.546021 -1.268787 -0.000000
v 1.414213 -1.414214 0.000000
v 1.268786 -1.546021 -0.000000
v 1.111141 -1.662939 -0.000000
v 0.942793 -1.763842 0.000000
v 0.765367 -1.847759 0.000000
v 0.580569 -1.913881 0.000000
v 0.390181 -1.961571 -0.000000
v 0.196034 -1.990369 0.000000
v 0.195090 1.990369 0.019215
v 0.388302 1.961571 0.038244
v 0.577774 1.913881 0.056906
v 0.761681 1.847759 0.075019
v 0.938254 1.763842 0.092410
v 1.105790 1.662939 0.108911
v 1.262677 1.546021 0.124363
v 1.407404 1.414214 0.138617
v 1.538576 1.268787 0.151536
v 1.654932 1.111140 0.162996
v 1.755349 0.942793 0.172887
v 1.838861 0.765367 0.181112
v 1.904665 0.580569 0.187593
v 1.952125 0.390181 0.192268
v 1.980785 0.196034 0.195091
v 1.990369 0.000000 0.196034
v 1.980785 -0.196034 0.195091
v 1.952125 -0.390181 0.192268
v 1.904665 -0.580569 0.187593
v 1.838861 -0.765367 0.181112
v 1.755349 -0.942793 0.172887
v 1.654932 -1.111140 0.162996
v 1.538576 -1.268787 0.151536
v 1.407404 -1.414214 0.138617
v 1.262677 -1.546021 0.124363
v 1.105790 -1.662939 0.108911
v 0.938254 -1.763842 0.092410
v 0.761681 -1.847759 0.075019
v 0.577774 -1.913881 0.056906
v 0.388302 -1.961571 0.038244
v 0.195090 -1.990369 0.019215
v 0.192268 1.990369 0.038244
v 0.382683 1.961571 0.076120
v 0.569414 1.913881 0.113263
v 0.750660 1.847759 0.149316
v 0.924678 1.763842 0.183930
v 1.089791 1.662939 0.216773
v 1.244407 1.546021 0.247528
v 1.387040 1.414214 0.275900
v 1.516315 1.268787 0.301614
v 1.630986 1.111140 0.324423
v 1.729950 0.942793 0.344109
v 1.812255 0.765367 0.360480
v 1.877106 0.580569 0.373379
v 1.923879 0.390181 0.382683
v 1.952125 0.196034 0.388302
v 1.961570 0.000000 0.390181
v 1.952125 -0.196034 0.388302
v 1.923879 -0.390181 0.382683
v 1.877106 -0.580569 0.373379
v 1.812255 -0.765367 0.360480
v 1.729950 -0.942793 0.344109
v 1.630986 -1.111140 0.324423
v 1.516315 -1.268787 0.301614
v 1.387040 -1.414214 0.275900
v 1.244407 -1.546021 0.247528
v 1.089791 -1.662939 0.216773
v 0.924678 -1.763842 0.183930
v 0.750660 -1.847759 0.149316
v 0.569414 -1.913881 0.113263
v 0.382683 -1.961571 0.076120
v 0.192268 -1.990369 0.038244
v 0.187593 1.990369 0.056906
v 0.373380 1.961571 0.113263
v 0.555570 1.913881 0.168530
v 0.732410 1.847759 0.222174
v 0.902197 1.763842 0.273679
v 1.063296 1.662939 0.322547
v 1.214153 1.546021 0.368309
v 1.353318 1.414214 0.410525
v 1.479450 1.268787 0.448786
v 1.591334 1.111140 0.482726
v 1.687892 0.942793 0.512016
v 1.768195 0.765367 0.536376
v 1.831469 0.580569 0.555570
v 1.877106 0.390181 0.569414
v 1.904665 0.196034 0.577774
v 1.913880 0.000000 0.580569
v 1.904665 -0.196034 0.577774
v 1.877106 -0.390181 0.569414
v 1.831469 -0.580569 0.555570
v 1.768195 -0.765367 0.536376
v 1.687892 -0.942793 0.512016
v 1.591334 -1.111140 0.482726
v 1.479450 -1.268787 0.448786
v 1.353318 -1.414214 0.410525
v 1.214153 -1.546021 0.368309
v 1.063296 -1.662939 0.322547
v 0.902197 -1.763842 0.273679
v 0.732410 -1.847759 0.222174
v 0.555570 -1.913881 0.168530
v 0.373380 -1.961571 0.113263
v 0.187593 -1.990369 0.056906
v 0.181112 1.990369 0.075019
v 0.360480 1.961571 0.149316
v 0.536376 1.913881 0.222174
v 0.707107 1.847759 0.292893
v 0.871027 1.763842 0.360791
v 1.026560 1.662939 0.425215
v 1.172206 1.546021 0.485543
v 1.306563 1.414214 0.541196
v 1.428337 1.268787 0.591636
v 1.536356 1.111140 0.636379
v 1.629578 0.942793 0.674993
v 1.707106 0.765367 0.707107
v 1.768195 0.580569 0.732410
v 1.812255 0.390181 0.750661
v 1.838861 0.196034 0.761682
v 1.847759 0.000000 0.765367
v 1.838861 -0.196034 0.761682
v 1.812255 -0.390181 0.750661
v 1.768195 -0.580569 0.732410
v 1.707106 -0.765367 0.707107
v 1.629578 -0.942793 0.674993
v 1.536356 -1.111140 0.636379
v 1.428337 -1.268787 0.591636
v 1.306563 -1.414214 0.541196
v 1.172206 -1.546021 0.485543
v 1.026560 -1.662939 0.425215
v 0.871027 -1.763842 0.360791
v 0.707107 -1.847759 0.292893
v 0.536376 -1.913881 0.222174
v 0.360480 -1.961571 0.149316
v 0.181112 -1.990369 0.075019
v 0.172887 1.990369 0.092410
v 0.344109 1.961571 0.183930
v 0.512016 1.913881 0.273679
v 0.674993 1.847759 0.360791
v 0.831469 1.763842 0.444430
v 0.979939 1.662939 0.523788
v 1.118970 1.546021 0.598102
v 1.247225 1.414214 0.666656
v 1.363469 1.268787 0.728789
v 1.466582 1.111140 0.783904
v 1.555570 0.942793 0.831470
v 1.629578 0.765367 0.871028
v 1.687892 0.580569 0.902197
v 1.729950 0.390181 0.924678
v 1.755349 0.196034 0.938254
v 1.763842 0.000000 0.942793
v 1.755349 -0.196034 0.938254
v 1.729950 -0.390181 0.924678
v 1.687892 -0.580569 0.902197
v 1.629578 -0.765367 0.871028
v 1.555570 -0.942793 0.831470
v 1.466582 -1.111140 0.783904
v 1.363469 -1.268787 0.728789
v 1.247225 -1.414214 0.666656
v 1.118970 -1.546021 0.598102
v 0.979939 -1.662939 0.523788
v 0.831469 -1.763842 0.444430
v 0.674993 -1.847759 0.360791
v 0.512016 -1.913881 0.273679
v 0.344109 -1.961571 0.183930
v 0.172887 -1.990369 0.092410
v 0.162997 1.990369 0.108911
v 0.324423 1.961571 0.216773
v 0.482726 1.913881 0.322547
v 0.636379 1.847759 0.425215
v 0.783904 1.763842 0.523788
v 0.923880 1.662939 0.617317
v 1.054957 1.546021 0.704900
v 1.175875 1.414214 0.785695
v 1.285469 1.268787 0.858923
v 1.382684 1.111140 0.923880
v 1.466581 0.942793 0.979938
v 1.536355 0.765367 1.026560
v 1.591333 0.580569 1.063295
v 1.630986 0.390181 1.089790
v 1.654931 0.196034 1.105790
v 1.662939 0.000000 1.111140
v 1.654931 -0.196034 1.105790
v 1.630986 -0.390181 1.089790
v 1.591333 -0.580569 1.063295
v 1.536355 -0.765367 1.026560
v 1.466581 -0.942793 0.979938
v 1.382684 -1.111140 0.923880
v 1.285469 -1.268787 0.858923
v 1.175875 -1.414214 0.785695
v 1.054957 -1.546021 0.704900
v 0.923880 -1.662939 0.617317
v 0.783904 -1.763842 0.523788
v 0.636379 -1.847759 0.425215
v 0.482726 -1.913881 0.322547
v 0.324423 -1.961571 0.216773
v 0.162997 -1.990369 0.108911
v 0.151536 1.990369 0.124363
v 0.301614 1.961571 0.247528
v 0.448786 1.913881 0.368309
v 0.591636 1.847759 0.485543
v 0.728789 1.763842 0.598102
v 0.858924 1.662939 0.704900
v 0.980785 1.546021 0.804910
v 1.093202 1.414214 0.897168
v 1.195090 1.268787 0.980785
v 1.285470 1.111140 1.054958
v 1.363468 0.942793 1.118970
v 1.428337 0.765367 1.172206
v 1.479450 0.580569 1.214153
v 1.516314 0.390181 1.244407
v 1.538576 0.196034 1.262677
v 1.546021 0.000000 1.268787
v 1.538576 -0.196034 1.262677
v 1.516314 -0.390181 1.244407
v 1.479450 -0.580569 1.214153
v 1.428337 -0.765367 1.172206
v 1.363468 -0.942793 1.118970
v 1.285470 -1.111140 1.054958
v 1.195090 -1.268787 0.980785
v 1.093202 -1.414214 0.897168
v 0.980785 -1.546021 0.804910
v 0.858924 -1.662939 0.704900
v 0.728789 -1.763842 0.598102
v 0.591636 -1.847759 0.485543
v 0.448786 -1.913881 0.368309
v 0.301614 -1.961571 0.247528
v 0.151536 -1.990369 0.124363
v 0.138617 1.990369 0.138617
v 0.275899 1.961571 0.275899
v 0.410524 1.913881 0.410525
v 0.541196 1.847759 0.541196
v 0.666655 1.763842 0.666656
v 0.785695 1.662939 0.785695
v 0.897168 1.546021 0.897167
v 1.000000 1.414214 1.000000
v 1.093202 1.268787 1.093202
v 1.175876 1.111140 1.175876
v 1.247225 0.942793 1.247225
v 1.306562 0.765367 1.306563
v 1.353318 0.580569 1.353318
v 1.387040 0.390181 1.387040
v 1.407403 0.196034 1.407404
v 1.414213 0.000000 1.414213
v 1.407403 -0.196034 1.407404
v 1.387040 -0.390181 1.387040
v 1.353318 -0.580569 1.353318
v 1.306562 -0.765367 1.306563
v 1.247225 -0.942793 1.247225
v 1.175876 -1.111140 1.175876
v 1.093202 -1.268787 1.093202
v 1.000000 -1.414214 1.000000
v 0.897168 -1.546021 0.897167
v 0.785695 -1.662939 0.785695
v 0.666655 -1.763842 0.666656
v 0.541196 -1.847759 0.541196
v 0.410524 -1.913881 0.410525
v 0.275899 -1.961571 0.275899
v 0.138617 -1.990369 0.138617
v 0.124363 1.990369 0.151537
v 0.247528 1.961571 0.301614
v 0.368309 1.913881 0.448786
v 0.485543 1.847759 0.591636
v 0.598102 1.763842 0.728789
v 0.704901 1.662939 0.858923
v 0.804910 1.546021 0.980785
v 0.897167 1.414214 1.093202
v 0.980785 1.268787 1.195090
v 1.054958 1.111140 1.285469
v 1.118969 0.942793 1.363468
v 1.172205 0.765367 1.428337
v 1.214153 0.580569 1.479450
v 1.244407 0.390181 1.516314
v 1.262677 0.196034 1.538576
v 1.268786 0.000000 1.546021
v 1.262677 -0.196034 1.538576
v 1.244407 -0.390181 1.516314
v 1.214153 -0.580569 1.479450
v 1.172205 -0.765367 1.428337
v 1.118969 -0.942793 1.363468
v 1.054958 -1.111140 1.285469
v 0.980785 -1.268787 1.195090
v 0.897167 -1.414214 1.093202
v 0.804910 -1.546021 0.980785
v 0.704901 -1.662939 0.858923
v 0.598102 -1.763842 0.728789
v 0.485543 -1.847759 0.591636
v 0.368309 -1.913881 0.448786
v 0.247528 -1.961571 0.301614
v 0.124363 -1.990369 0.151537
v 0.108911 1.990369 0.162997
v 0.216773 1.961571 0.324423
v 0.322547 1.913881 0.482726
v 0.425215 1.847759 0.636379
v 0.523788 1.763842 0.783904
v 0.617317 1.662939 0.923880
v 0.704900 1.546021 1.054957
v 0.785695 1.414214 1.175876
v 0.858923 1.268787 1.285469
v 0.923880 1.111140 1.382683
v 0.979938 0.942793 1.466581
v 1.026559 0.765367 1.536355
v 1.063295 0.580569 1.591334
v 1.089790 0.390181 1.630986
v 1.105790 0.196034 1.654931
v 1.111140 0.000000 1.662939
v 1.105790 -0.196034 1.654931
v 1.089790 -0.390181 1.630986
v 1.063295 -0.580569 1.591334
v 1.026559 -0.765367 1.536355
v 0.979938 -0.942793 1.466581
v 0.923880 -1.111140 1.382683
v 0.858923 -1.268787 1.285469
v 0.785695 -1.414214 1.175876
v 0.704900 -1.546021 1.054957
v 0.617317 -1.662939 0.923880
v 0.523788 -1.763842 0.783904
v 0.425215 -1.847759 0.636379
v 0.322547 -1.913881 0.482726
v 0.216773 -1.961571 0.324423
v 0.108911 -1.990369 0.162997
v 0.092410 1.990369 0.172887
v 0.183930 1.961571 0.344109
v 0.273678 1.913881 0.512016
v 0.360791 1.847759 0.674993
v 0.444430 1.763842 0.831469
v 0.523788 1.662939 0.979939
v 0.598102 1.546021 1.118970
v 0.666655 1.414214 1.247225
v 0.728789 1.268787 1.363468
v 0.783904 1.111140 1.466581
v 0.831469 0.942793 1.555570
v 0.871027 0.765367 1.629578
v 0.902197 0.580569 1.687892
v 0.924678 0.390181 1.729951
v 0.938253 0.196034 1.755349
v 0.942793 0.000000 1.763842
v 0.938253 -0.196034 1.755349
v 0.924678 -0.390181 1.729951
v 0.902197 -0.580569 1.687892
v 0.871027 -0.765367 1.629578
v 0.831469 -0.942793 1.555570
v 0.783904 -1.111140 1.466581
v 0.728789 -1.268787 1.363468
v 0.666655 -1.414214 1.247225
v 0.598102 -1.546021 1.118970
v 0.523788 -1.662939 0.979939
v 0.444430 -1.763842 0.831469
v 0.360791 -1.847759 0.674993
v 0.273678 -1.913881 0.512016
v 0.183930 -1.961571 0.344109
v 0.092410 -1.990369 0.172887
v 0.075019 1.990369 0.181112
v 0.149316 1.961571 0.360480
v 0.222174 1.913881 0.536376
v 0.292893 1.847759 0.707106
v 0.360791 1.763842 0.871027
v 0.425215 1.662939 1.026560
v 0.485544 1.546021 1.172206
v 0.541196 1.414214 1.306563
v 0.591637 1.268787 1.428337
v 0.636380 1.111140 1.536356
v 0.674993 0.942793 1.629578
v 0.707106 0.765367 1.707106
v 0.732410 0.580569 1.768195
v 0.750660 0.390181 1.812255
v 0.761681 0.196034 1.838861
v 0.765366 0.000000 1.847759
v 0.761681 -0.196034 1.838861
v 0.750660 -0.390181 1.812255
v 0.732410 -0.580569 1.768195
v 0.707106 -0.765367 1.707106
v 0.674993 -0.942793 1.629578
v 0.636380 -1.111140 1.536356
v 0.591637 -1.268787 1.428337
v 0.541196 -1.414214 1.306563
v 0.485544 -1.546021 1.172206
v 0.425215 -1.662939 1.026560
v 0.360791 -1.763842 0.871027
v 0.292893 -1.847759 0.707106
v 0.222174 -1.913881 0.536376
v 0.149316 -1.961571 0.360480
v 0.075019 -1.990369 0.181112
v 0.056906 1.990369 0.187593
v 0.113263 1.961571 0.373380
v 0.168530 1.913881 0.555570
v 0.222174 1.847759 0.732410
v 0.273678 1.763842 0.902197
v 0.322547 1.662939 1.063296
v 0.368309 1.546021 1.214153
v 0.410524 1.414214 1.353318
v 0.448786 1.268787 1.479449
v 0.482726 1.111140 1.591334
v 0.512016 0.942793 1.687892
v 0.536376 0.765367 1.768195
v 0.555570 0.580569 1.831469
v 0.569414 0.390181 1.877106
v 0.577773 0.196034 1.904665
v 0.580569 0.000000 1.913880
v 0.577773 -0.196034 1.904665
v 0.569414 -0.390181 1.877106
v 0.555570 -0.580569 1.831469
v 0.536376 -0.765367 1.768195
v 0.512016 -0.942793 1.687892
v 0.482726 -1.111140 1.591334
v 0.448786 -1.268787 1.479449
v 0.410524 -1.414214 1.353318
v 0.368309 -1.546021 1.214153
v 0.322547 -1.662939 1.063296
v 0.273678 -1.763842 0.902197
v 0.222174 -1.847759 0.732410
v 0.168530 -1.913881 0.555570
v 0.113263 -1.961571 0.373380
v 0.056906 -1.990369 0.187593
v 0.038244 1.990369 0.192267
v 0.076120 1.961571 0.382683
v 0.113263 1.913881 0.569414
v 0.149316 1.847759 0.750660
v 0.183930 1.763842 0.924678
v 0.216773 1.662939 1.089791
v 0.247528 1.546021 1.244407
v 0.275899 1.414214 1.387040
v 0.301614 1.268787 1.516314
v 0.324424 1.111140 1.630986
v 0.344108 0.942793 1.729950
v 0.360480 0.765367 1.812254
v 0.373379 0.580569 1.877106
v 0.382683 0.390181 1.923879
v 0.388301 0.196034 1.952125
v 0.390180 0.000000 1.961570
v 0.388301 -0.196034 1.952125
v 0.382683 -0.390181 1.923879
v 0.373379 -0.580569 1.877106
v 0.360480 -0.765367 1.812254
v 0.344108 -0.942793 1.729950
v 0.324424 -1.111140 1.630986
v 0.301614 -1.268787 1.516314
v 0.275899 -1.414214 1.387040
v 0.247528 -1.546021 1.244407
v 0.216773 -1.662939 1.089791
v 0.183930 -1.763842 0.924678
v 0.149316 -1.847759 0.750660
v 0.113263 -1.913881 0.569414
v 0.076120 -1.961571 0.382683
v 0.038244 -1.990369 0.192267
v 0.019215 1.990369 0.195090
v 0.038244 1.961571 0.388302
v 0.056906 1.913881 0.577774
v 0.075019 1.847759 0.761681
v 0.092410 1.763842 0.938253
v 0.108911 1.662939 1.105791
v 0.124363 1.546021 1.262677
v 0.138617 1.414214 1.407403
v 0.151537 1.268787 1.538576
v 0.162997 1.111140 1.654932
v 0.172887 0.942793 1.755349
v 0.181112 0.765367 1.838861
v 0.187593 0.580569 1.904665
v 0.192267 0.390181 1.952125
v 0.195090 0.196034 1.980785
v 0.196034 0.000000 1.990369
v 0.195090 -0.196034 1.980785
v 0.192267 -0.390181 1.952125
v 0.187593 -0.580569 1.904665
v 0.181112 -0.765367 1.838861
v 0.172887 -0.942793 1.755349
v 0.162997 -1.111140 1.654932
v 0.151537 -1.268787 1.538576
v 0.138617 -1.414214 1.407403
v 0.124363 -1.546021 1.262677
v 0.108911 -1.662939 1.105791
v 0.092410 -1.763842 0.938253
v 0.075019 -1.847759 0.761681
v 0.056906 -1.913881 0.577774
v 0.038244 -1.961571 0.388302
v 0.019215 -1.990369 0.195090
v -0.000000 1.990369 0.196034
v 0.000000 1.961571 0.390181
v -0.000000 1.913881 0.580569
v -0.000000 1.847759 0.765366
v -0.000000 1.763842 0.942793
v 0.000000 1.662939 1.111141
v 0.000000 1.546021 1.268786
v -0.000000 1.414214 1.414213
v 0.000000 1.268787 1.546021
v 0.000000 1.111140 1.662939
v -0.000000 0.942793 1.763842
v -0.000000 0.765367 1.847758
v -0.000000 0.580569 1.913880
v -0.000000 0.390181 1.961570
v -0.000000 0.196034 1.990369
v -0.000000 0.000000 2.000000
v -0.000000 -0.196034 1.990369
v -0.000000 -0.390181 1.961570
v -0.000000 -0.580569 1.913880
v -0.000000 -0.765367 1.847758
v -0.000000 -0.942793 1.763842
v 0.000000 -1.111140 1.662939
v 0.000000 -1.268787 1.546021
v -0.000000 -1.414214 1.414213
v 0.000000 -1.546021 1.268786
v 0.000000 -1.662939 1.111141
v -0.000000 -1.763842 0.942793
v -0.000000 -1.847759 0.765366
v -0.000000 -1.913881 0.580569
v 0.000000 -1.961571 0.390181
v -0.000000 -1.990369 0.196034
v -0.019215 1.990369 0.195090
v -0.038244 1.961571 0.388302
v -0.056906 1.913881 0.577774
v -0.075019 1.847759 0.761681
v -0.092410 1.763842 0.938253
v -0.108911 1.662939 1.105791
v -0.124363 1.546021 1.262677
v -0.138617 1.414214 1.407403
v -0.151536 1.268787 1.538576
v -0.162996 1.111140 1.654932
v -0.172887 0.942793 1.755349
v -0.181112 0.765367 1.838861
v -0.187593 0.580569 1.904665
v -0.192268 0.390181 1.952125
v -0.195091 0.196034 1.980785
v -0.196035 0.000000 1.990369
v -0.195091 -0.196034 1.980785
v -0.192268 -0.390181 1.952125
v -0.187593 -0.580569 1.904665
v -0.181112 -0.765367 1.838861
v -0.172887 -0.942793 1.755349
v -0.162996 -1.111140 1.654932
v -0.151536 -1.268787 1.538576
v -0.138617 -1.414214 1.407403
v -0.124363 -1.546021 1.262677
v -0.108911 -1.662939 1.105791
v -0.092410 -1.763842 0.938253
v -0.075019 -1.847759 0.761681
v -0.056906 -1.913881 0.577774
v -0.038244 -1.961571 0.388302
v -0.019215 -1.990369 0.195090
v 0.000000 2.000000 0.000000
v -0.038244 1.990369 0.192267
v -0.076120 1.961571 0.382683
v -0.113263 1.913881 0.569414
v -0.149316 1.847759 0.750660
v -0.183930 1.763842 0.924678
v -0.216773 1.662939 1.089791
v -0.247528 1.546021 1.244407
v -0.275900 1.414214 1.387040
v -0.301613 1.268787 1.516314
v -0.324423 1.111140 1.630987
v -0.344109 0.942793 1.729950
v -0.360480 0.765367 1.812254
v -0.373380 0.580569 1.877106
v -0.382683 0.390181 1.923879
v -0.388302 0.196034 1.952124
v -0.390181 0.000000 1.961570
v -0.388302 -0.196034 1.952124
v -0.382683 -0.390181 1.923879
v -0.373380 -0.580569 1.877106
v -0.360480 -0.765367 1.812254
v -0.344109 -0.942793 1.729950
v -0.324423 -1.111140 1.630987
v -0.301613 -1.268787 1.516314
v -0.275900 -1.414214 1.387040
v -0.247528 -1.546021 1.244407
v -0.216773 -1.662939 1.089791
v -0.183930 -1.763842 0.924678
v -0.149316 -1.847759 0.750660
v -0.113263 -1.913881 0.569414
v -0.076120 -1.961571 0.382683
v -0.038244 -1.990369 0.192267
v -0.056906 1.990369 0.187593
v -0.113263 1.961571 0.373380
v -0.168530 1.913881 0.555570
v -0.222174 1.847759 0.732410
v -0.273678 1.763842 0.902197
v -0.322547 1.662939 1.063296
v -0.368309 1.546021 1.214153
v -0.410525 1.414214 1.353318
v -0.448786 1.268787 1.479450
v -0.482726 1.111140 1.591334
v -0.512016 0.942793 1.687891
v -0.536376 0.765367 1.768195
v -0.555570 0.580569 1.831469
v -0.569414 0.390181 1.877106
v -0.577774 0.196034 1.904664
v -0.580570 0.000000 1.913880
v -0.577774 -0.196034 1.904664
v -0.569414 -0.390181 1.877106
v -0.555570 -0.580569 1.831469
v -0.536376 -0.765367 1.768195
v -0.512016 -0.942793 1.687891
v -0.482726 -1.111140 1.591334
v -0.448786 -1.268787 1.479450
v -0.410525 -1.414214 1.353318
v -0.368309 -1.546021 1.214153
v -0.322547 -1.662939 1.063296
v -0.273678 -1.763842 0.902197
v -0.222174 -1.847759 0.732410
v -0.168530 -1.913881 0.555570
v -0.113263 -1.961571 0.373380
v -0.056906 -1.990369 0.187593
v -0.075019 1.990369 0.181112
v -0.149316 1.961571 0.360480
v -0.222174 1.913881 0.536376
v -0.292893 1.847759 0.707106
v -0.360791 1.763842 0.871027
v -0.425215 1.662939 1.026561
v -0.485543 1.546021 1.172206
v -0.541196 1.414214 1.306563
v -0.591636 1.268787 1.428337
v -0.636379 1.111140 1.536356
v -0.674993 0.942793 1.629577
v -0.707107 0.765367 1.707106
v -0.732411 0.580569 1.768195
v -0.750661 0.390181 1.812255
v -0.761681 0.196034 1.838861
v -0.765367 0.000000 1.847759
v -0.761681 -0.196034 1.838861
v -0.750661 -0.390181 1.812255
v -0.732411 -0.580569 1.768195
v -0.707107 -0.765367 1.707106
v -0.674993 -0.942793 1.629577
v -0.636379 -1.111140 1.536356
v -0.591636 -1.268787 1.428337
v -0.541196 -1.414214 1.306563
v -0.485543 -1.546021 1.172206
v -0.425215 -1.662939 1.026561
v -0.360791 -1.763842 0.871027
v -0.292893 -1.847759 0.707106
v -0.222174 -1.913881 0.536376
v -0.149316 -1.961571 0.360480
v -0.075019 -1.990369 0.181112
v -0.092410 1.990369 0.172887
v -0.183930 1.961571 0.344109
v -0.273679 1.913881 0.512016
v -0.360791 1.847759 0.674993
v -0.444430 1.763842 0.831469
v -0.523788 1.662939 0.979939
v -0.598102 1.546021 1.118970
v -0.666656 1.414214 1.247225
v -0.728789 1.268787 1.363468
v -0.783904 1.111140 1.466582
v -0.831469 0.942793 1.555570
v -0.871027 0.765367 1.629577
v -0.902197 0.580569 1.687892
v -0.924678 0.390181 1.729950
v -0.938254 0.196034 1.755349
v -0.942794 0.000000 1.763842
v -0.938254 -0.196034 1.755349
v -0.924678 -0.390181 1.729950
v -0.902197 -0.580569 1.687892
v -0.871027 -0.765367 1.629577
v -0.831469 -0.942793 1.555570
v -0.783904 -1.111140 1.466582
v -0.728789 -1.268787 1.363468
v -0.666656 -1.414214 1.247225
v -0.598102 -1.546021 1.118970
v -0.523788 -1.662939 0.979939
v -0.444430 -1.763842 0.831469
v -0.360791 -1.847759 0.674993
v -0.273679 -1.913881 0.512016
v -0.183930 -1.961571 0.344109
v -0.092410 -1.990369 0.172887
v -0.108911 1.990369 0.162996
v -0.216773 1.961571 0.324423
v -0.322547 1.913881 0.482726
v -0.425215 1.847759 0.636379
v -0.523788 1.763842 0.783904
v -0.617317 1.662939 0.923880
v -0.704900 1.546021 1.054957
v -0.785695 1.414214 1.175875
v -0.858923 1.268787 1.285469
v -0.923880 1.111140 1.382684
v -0.979938 0.942793 1.466581
v -1.026560 0.765367 1.536355
v -1.063295 0.580569 1.591333
v -1.089790 0.390181 1.630986
v -1.105790 0.196034 1.654931
v -1.111140 0.000000 1.662939
v -1.105790 -0.196034 1.654931
v -1.089790 -0.390181 1.630986
v -1.063295 -0.580569 1.591333
v -1.026560 -0.765367 1.536355
v -0.979938 -0.942793 1.466581
v -0.923880 -1.111140 1.382684
v -0.858923 -1.268787 1.285469
v -0.785695 -1.414214 1.175875
v -0.704900 -1.546021 1.054957
v -0.617317 -1.662939 0.923880
v -0.523788 -1.763842 0.783904
v -0.425215 -1.847759 0.636379
v -0.322547 -1.913881 0.482726
v -0.216773 -1.961571 0.324423
v -0.108911 -1.990369 0.162996
v -0.124363 1.990369 0.151536
v -0.247528 1.961571 0.301614
v -0.368309 1.913881 0.448786
v -0.485543 1.847759 0.591636
v -0.598102 1.763842 0.728789
v -0.704901 1.662939 0.858924
v -0.804910 1.546021 0.980785
v -0.897168 1.414214 1.093201
v -0.980785 1.268787 1.195090
v -1.054958 1.111140 1.285470
v -1.118970 0.942793 1.363468
v -1.172206 0.765367 1.428336
v -1.214153 0.580569 1.479449
v -1.244407 0.390181 1.516314
v -1.262677 0.196034 1.538576
v -1.268787 0.000000 1.546020
v -1.262677 -0.196034 1.538576
v -1.244407 -0.390181 1.516314
v -1.214153 -0.580569 1.479449
v -1.172206 -0.765367 1.428336
v -1.118970 -0.942793 1.363468
v -1.054958 -1.111140 1.285470
v -0.980785 -1.268787 1.195090
v -0.897168 -1.414214 1.093201
v -0.804910 -1.546021 0.980785
v -0.704901 -1.662939 0.858924
v -0.598102 -1.763842 0.728789
v -0.485543 -1.847759 0.591636
v -0.368309 -1.913881 0.448786
v -0.247528 -1.961571 0.301614
v -0.124363 -1.990369 0.151536
v 0.000000 -2.000000 0.000000
v -0.138617 1.990369 0.138617
v -0.275899 1.961571 0.275899
v -0.410525 1.913881 0.410524
v -0.541196 1.847759 0.541196
v -0.666655 1.763842 0.666655
v -0.785695 1.662939 0.785696
v -0.897167 1.546021 0.897168
v -1.000000 1.414214 1.000000
v -1.093201 1.268787 1.093202
v -1.175876 1.111140 1.175876
v -1.247225 0.942793 1.247224
v -1.306563 0.765367 1.306562
v -1.353318 0.580569 1.353318
v -1.387040 0.390181 1.387040
v -1.407403 0.196034 1.407403
v -1.414213 0.000000 1.414213
v -1.407403 -0.196034 1.407403
v -1.387040 -0.390181 1.387040
v -1.353318 -0.580569 1.353318
v -1.306563 -0.765367 1.306562
v -1.247225 -0.942793 1.247224
v -1.175876 -1.111140 1.175876
v -1.093201 -1.268787 1.093202
v -1.000000 -1.414214 1.000000
v -0.897167 -1.546021 0.897168
v -0.785695 -1.662939 0.785696
v -0.666655 -1.763842 0.666655
v -0.541196 -1.847759 0.541196
v -0.410525 -1.913881 0.410524
v -0.275899 -1.961571 0.275899
v -0.138617 -1.990369 0.138617
v -0.151536 1.990369 0.124363
v -0.301614 1.961571 0.247528
v -0.448786 1.913881 0.368309
v -0.591636 1.847759 0.485543
v -0.728789 1.763842 0.598101
v -0.858924 1.662939 0.704901
v -0.980785 1.546021 0.804910
v -1.093202 1.414214 0.897167
v -1.195090 1.268787 0.980785
v -1.285469 1.111140 1.054958
v -1.363468 0.942793 1.118969
v -1.428337 0.765367 1.172205
v -1.479450 0.580569 1.214153
v -1.516314 0.390181 1.244407
v -1.538576 0.196034 1.262676
v -1.546021 0.000000 1.268786
v -1.538576 -0.196034 1.262676
v -1.516314 -0.390181 1.244407
v -1.479450 -0.580569 1.214153
v -1.428337 -0.765367 1.172205
v -1.363468 -0.942793 1.118969
v -1.285469 -1.111140 1.054958
v -1.195090 -1.268787 0.980785
v -1.093202 -1.414214 0.897167
v -0.980785 -1.546021 0.804910
v -0.858924 -1.662939 0.704901
v -0.728789 -1.763842 0.598101
v -0.591636 -1.847759 0.485543
v -0.448786 -1.913881 0.368309
v -0.301614 -1.961571 0.247528
v -0.151536 -1.990369 0.124363
v -0.162996 1.990369 0.108911
v -0.324423 1.961571 0.216773
v -0.482726 1.913881 0.322547
v -0.636379 1.847759 0.425215
v -0.783904 1.763842 0.523788
v -0.923880 1.662939 0.617317
v -1.054957 1.546021 0.704900
v -1.175876 1.414214 0.785694
v -1.285469 1.268787 0.858923
v -1.382683 1.111140 0.923880
v -1.466581 0.942793 0.979938
v -1.536355 0.765367 1.026559
v -1.591334 0.580569 1.063295
v -1.630986 0.390181 1.089790
v -1.654931 0.196034 1.105790
v -1.662939 0.000000 1.111140
v -1.654931 -0.196034 1.105790
v -1.630986 -0.390181 1.089790
v -1.591334 -0.580569 1.063295
v -1.536355 -0.765367 1.026559
v -1.466581 -0.942793 0.979938
v -1.382683 -1.111140 0.923880
v -1.285469 -1.268787 0.858923
v -1.175876 -1.414214 0.785694
v -1.054957 -1.546021 0.704900
v -0.923880 -1.662939 0.617317
v -0.783904 -1.763842 0.523788
v -0.636379 -1.847759 0.425215
v -0.482726 -1.913881 0.322547
v -0.324423 -1.961571 0.216773
v -0.162996 -1.990369 0.108911
v -0.172887 1.990369 0.092410
v -0.344109 1.961571 0.183930
v -0.512016 1.913881 0.273678
v -0.674993 1.847759 0.360791
v -0.831469 1.763842 0.444429
v -0.979939 1.662939 0.523788
v -1.118970 1.546021 0.598102
v -1.247225 1.414214 0.666655
v -1.363468 1.268787 0.728789
v -1.466581 1.111140 0.783904
v -1.555570 0.942793 0.831469
v -1.629577 0.765367 0.871027
v -1.687892 0.580569 0.902197
v -1.729951 0.390181 0.924678
v -1.755349 0.196034 0.938253
v -1.763842 0.000000 0.942793
v -1.755349 -0.196034 0.938253
v -1.729951 -0.390181 0.924678
v -1.687892 -0.580569 0.902197
v -1.629577 -0.765367 0.871027
v -1.555570 -0.942793 0.831469
v -1.466581 -1.111140 0.783904
v -1.363468 -1.268787 0.728789
v -1.247225 -1.414214 0.666655
v -1.118970 -1.546021 0.598102
v -0.979939 -1.662939 0.523788
v -0.831469 -1.763842 0.444429
v -0.674993 -1.847759 0.360791
v -0.512016 -1.913881 0.273678
v -0.344109 -1.961571 0.183930
v -0.172887 -1.990369 0.092410
v -0.181112 1.990369 0.075019
v -0.360480 1.961571 0.149316
v -0.536376 1.913881 0.222174
v -0.707106 1.847759 0.292893
v -0.871027 1.763842 0.360791
v -1.026561 1.662939 0.425215
v -1.172206 1.546021 0.485544
v -1.306563 1.414214 0.541196
v -1.428336 1.268787 0.591637
v -1.536356 1.111140 0.636380
v -1.629578 0.942793 0.674993
v -1.707106 0.765367 0.707106
v -1.768195 0.580569 0.732410
v -1.812255 0.390181 0.750660
v -1.838861 0.196034 0.761681
v -1.847759 0.000000 0.765366
v -1.838861 -0.196034 0.761681
v -1.812255 -0.390181 0.750660
v -1.768195 -0.580569 0.732410
v -1.707106 -0.765367 0.707106
v -1.629578 -0.942793 0.674993
v -1.536356 -1.111140 0.636380
v -1.428336 -1.268787 0.591637
v -1.306563 -1.414214 0.541196
v -1.172206 -1.546021 0.485544
v -1.026561 -1.662939 0.425215
v -0.871027 -1.763842 0.360791
v -0.707106 -1.847759 0.292893
v -0.536376 -1.913881 0.222174
v -0.360480 -1.961571 0.149316
v -0.181112 -1.990369 0.075019
v -0.187593 1.990369 0.056906
v -0.373380 1.961571 0.113263
v -0.555570 1.913881 0.168530
v -0.732410 1.847759 0.222174
v -0.902197 1.763842 0.273678
v -1.063296 1.662939 0.322547
v -1.214153 1.546021 0.368309
v -1.353318 1.414214 0.410524
v -1.479449 1.268787 0.448786
v -1.591334 1.111140 0.482726
v -1.687892 0.942793 0.512016
v -1.768194 0.765367 0.536376
v -1.831470 0.580569 0.555570
v -1.877106 0.390181 0.569414
v -1.904664 0.196034 0.577773
v -1.913880 0.000000 0.580569
v -1.904664 -0.196034 0.577773
v -1.877106 -0.390181 0.569414
v -1.831470 -0.580569 0.555570
v -1.768194 -0.765367 0.536376
v -1.687892 -0.942793 0.512016
v -1.591334 -1.111140 0.482726
v -1.479449 -1.268787 0.448786
v -1.353318 -1.414214 0.410524
v -1.214153 -1.546021 0.368309
v -1.063296 -1.662939 0.322547
v -0.902197 -1.763842 0.273678
v -0.732410 -1.847759 0.222174
v -0.555570 -1.913881 0.168530
v -0.373380 -1.961571 0.113263
v -0.187593 -1.990369 0.056906
v -0.192267 1.990369 0.038244
v -0.382683 1.961571 0.076120
v -0.569414 1.913881 0.113263
v -0.750660 1.847759 0.149316
v -0.924677 1.763842 0.183930
v -1.089791 1.662939 0.216773
v -1.244407 1.546021 0.247528
v -1.387039 1.414214 0.275899
v -1.516314 1.268787 0.301614
v -1.630986 1.111140 0.324424
v -1.729950 0.942793 0.344108
v -1.812254 0.765367 0.360479
v -1.877106 0.580569 0.373379
v -1.923879 0.390181 0.382683
v -1.952124 0.196034 0.388301
v -1.961570 0.000000 0.390180
v -1.952124 -0.196034 0.388301
v -1.923879 -0.390181 0.382683
v -1.877106 -0.580569 0.373379
v -1.812254 -0.765367 0.360479
v -1.729950 -0.942793 0.344108
v -1.630986 -1.111140 0.324424
v -1.516314 -1.268787 0.301614
v -1.387039 -1.414214 0.275899
v -1.244407 -1.546021 0.247528
v -1.089791 -1.662939 0.216773
v -0.924677 -1.763842 0.183930
v -0.750660 -1.847759 0.149316
v -0.569414 -1.913881 0.113263
v -0.382683 -1.961571 0.076120
v -0.192267 -1.990369 0.038244
v -0.195090 1.990369 0.019215
v -0.388302 1.961571 0.038244
v -0.577774 1.913881 0.056906
v -0.761681 1.847759 0.075019
v -0.938253 1.763842 0.092410
v -1.105791 1.662939 0.108911
v -1.262677 1.546021 0.124363
v -1.407403 1.414214 0.138617
v -1.538576 1.268787 0.151537
v -1.654932 1.111140 0.162997
v -1.755349 0.942793 0.172887
v -1.838861 0.765367 0.181112
v -1.904665 0.580569 0.187593
v -1.952125 0.390181 0.192267
v -1.980785 0.196034 0.195090
v -1.990369 0.000000 0.196034
v -1.980785 -0.196034 0.195090
v -1.952125 -0.390181 0.192267
v -1.904665 -0.580569 0.187593
v -1.838861 -0.765367 0.181112
v -1.755349 -0.942793 0.172887
v -1.654932 -1.111140 0.162997
v -1.538576 -1.268787 0.151537
v -1.407403 -1.414214 0.138617
v -1.262677 -1.546021 0.124363
v -1.105791 -1.662939 0.108911
v -0.938253 -1.763842 0.092410
v -0.761681 -1.847759 0.075019
v -0.577774 -1.913881 0.056906
v -0.388302 -1.961571 0.038244
v -0.195090 -1.990369 0.019215
v -0.196034 1.990369 -0.000000
v -0.390181 1.961571 0.000000
v -0.580569 1.913881 -0.000000
v -0.765366 1.847759 -0.000000
v -0.942793 1.763842 -0.000000
v -1.111141 1.662939 0.000000
v -1.268786 1.546021 0.000000
v -1.414213 1.414214 -0.000000
v -1.546020 1.268787 0.000000
v -1.662940 1.111140 0.000000
v -1.763842 0.942793 -0.000000
v -1.847758 0.765367 -0.000000
v -1.913881 0.580569 -0.000000
v -1.961570 0.390181 -0.000000
v -1.990369 0.196034 -0.000000
v -1.999999 0.000000 -0.000001
v -1.990369 -0.196034 -0.000000
v -1.961570 -0.390181 -0.000000
v -1.913881 -0.580569 -0.000000
v -1.847758 -0.765367 -0.000000
v -1.763842 -0.942793 -0.000000
v -1.662940 -1.111140 0.000000
v -1.546020 -1.268787 0.000000
v -1.414213 -1.414214 -0.000000
v -1.268786 -1.546021 0.000000
v -1.111141 -1.662939 0.000000
v -0.942793 -1.763842 -0.000000
v -0.765366 -1.847759 -0.000000
v -0.580569 -1.913881 -0.000000
v -0.390181 -1.961571 0.000000
v -0.196034 -1.990369 -0.000000
v -0.195090 1.990369 -0.019215
v -0.388302 1.961571 -0.038244
v -0.577774 1.913881 -0.056906
v -0.761681 1.847759 -0.075019
v -0.938253 1.763842 -0.092410
v -1.105791 1.662939 -0.108911
v -1.262677 1.546021 -0.124363
v -1.407403 1.414214 -0.138617
v -1.538576 1.268787 -0.151536
v -1.654932 1.111140 -0.162996
v -1.755348 0.942793 -0.172887
v -1.838861 0.765367 -0.181112
v -1.904665 0.580569 -0.187593
v -1.952125 0.390181 -0.192268
v -1.980785 0.196034 -0.195091
v -1.990369 0.000000 -0.196035
v -1.980785 -0.196034 -0.195091
v -1.952125 -0.390181 -0.192268
v -1.904665 -0.580569 -0.187593
v -1.838861 -0.765367 -0.181112
v -1.755348 -0.942793 -0.172887
v -1.654932 -1.111140 -0.162996
v -1.538576 -1.268787 -0.151536
v -1.407403 -1.414214 -0.138617
v -1.262677 -1.546021 -0.124363
v -1.105791 -1.662939 -0.108911
v -0.938253 -1.763842 -0.092410
v -0.761681 -1.847759 -0.075019
v -0.577774 -1.913881 -0.056906
v -0.388302 -1.961571 -0.038244
v -0.195090 -1.990369 -0.019215
v -0.192267 1.990369 -0.038244
v -0.382683 1.961571 -0.076120
v -0.569414 1.913881 -0.113263
v -0.750660 1.847759 -0.149316
v -0.924677 1.763842 -0.183930
v -1.089791 1.662939 -0.216773
v -1.244407 1.546021 -0.247528
v -1.387039 1.414214 -0.275900
v -1.516314 1.268787 -0.301613
v -1.630987 1.111140 -0.324423
v -1.729950 0.942793 -0.344109
v -1.812254 0.765367 -0.360480
v -1.877106 0.580569 -0.373380
v -1.923879 0.390181 -0.382683
v -1.952124 0.196034 -0.388302
v -1.961570 0.000000 -0.390181
v -1.952124 -0.196034 -0.388302
v -1.923879 -0.390181 -0.382683
v -1.877106 -0.580569 -0.373380
v -1.812254 -0.765367 -0.360480
v -1.729950 -0.942793 -0.344109
v -1.630987 -1.111140 -0.324423
v -1.516314 -1.268787 -0.301613
v -1.387039 -1.414214 -0.275900
v -1.244407 -1.546021 -0.247528
v -1.089791 -1.662939 -0.216773
v -0.924677 -1.763842 -0.183930
v -0.750660 -1.847759 -0.149316
v -0.569414 -1.913881 -0.113263
v -0.382683 -1.961571 -0.076120
v -0.192267 -1.990369 -0.038244
v -0.187593 1.990369 -0.056906
v -0.373380 1.961571 -0.113263
v -0.555570 1.913881 -0.168530
v -0.732410 1.847759 -0.222174
v -0.902197 1.763842 -0.273678
v -1.063296 1.662939 -0.322547
v -1.214153 1.546021 -0.368309
v -1.353318 1.414214 -0.410525
v -1.479449 1.268787 -0.448786
v -1.591334 1.111140 -0.482726
v -1.687891 0.942793 -0.512016
v -1.768194 0.765367 -0.536376
v -1.831470 0.580569 -0.555571
v -1.877106 0.390181 -0.569414
v -1.904664 0.196034 -0.577774
v -1.913880 0.000000 -0.580570
v -1.904664 -0.196034 -0.577774
v -1.877106 -0.390181 -0.569414
v -1.831470 -0.580569 -0.555571
v -1.768194 -0.765367 -0.536376
v -1.687891 -0.942793 -0.512016
v -1.591334 -1.111140 -0.482726
v -1.479449 -1.268787 -0.448786
v -1.353318 -1.414214 -0.410525
v -1.214153 -1.546021 -0.368309
v -1.063296 -1.662939 -0.322547
v -0.902197 -1.763842 -0.273678
v -0.732410 -1.847759 -0.222174
v -0.555570 -1.913881 -0.168530
v -0.373380 -1.961571 -0.113263
v -0.187593 -1.990369 -0.056906
v -0.181112 1.990369 -0.075019
v -0.360480 1.961571 -0.149316
v -0.536376 1.913881 -0.222174
v -0.707106 1.847759 -0.292893
v -0.871027 1.763842 -0.360791
v -1.026561 1.662939 -0.425215
v -1.172206 1.546021 -0.485543
v -1.306563 1.414214 -0.541196
v -1.428337 1.268787 -0.591636
v -1.536356 1.111140 -0.636379
v -1.629577 0.942793 -0.674993
v -1.707106 0.765367 -0.707107
v -1.768195 0.580569 -0.732411
v -1.812255 0.390181 -0.750661
v -1.838861 0.196034 -0.761681
v -1.847758 0.000000 -0.765367
v -1.838861 -0.196034 -0.761681
v -1.812255 -0.390181 -0.750661
v -1.768195 -0.580569 -0.732411
v -1.707106 -0.765367 -0.707107
v -1.629577 -0.942793 -0.674993
v -1.536356 -1.111140 -0.636379
v -1.428337 -1.268787 -0.591636
v -1.306563 -1.414214 -0.541196
v -1.172206 -1.546021 -0.485543
v -1.026561 -1.662939 -0.425215
v -0.871027 -1.763842 -0.360791
v -0.707106 -1.847759 -0.292893
v -0.536376 -1.913881 -0.222174
v -0.360480 -1.961571 -0.149316
v -0.181112 -1.990369 -0.075019
v -0.172887 1.990369 -0.092410
v -0.344109 1.961571 -0.183930
v -0.512016 1.913881 -0.273679
v -0.674993 1.847759 -0.360791
v -0.831469 1.763842 -0.444430
v -0.979939 1.662939 -0.523788
v -1.118970 1.546021 -0.598102
v -1.247225 1.414214 -0.666656
v -1.363468 1.268787 -0.728789
v -1.466582 1.111140 -0.783904
v -1.555569 0.942793 -0.831469
v -1.629577 0.765367 -0.871027
v -1.687892 0.580569 -0.902197
v -1.729950 0.390181 -0.924678
v -1.755348 0.196034 -0.938254
v -1.763842 0.000000 -0.942794
v -1.755348 -0.196034 -0.938254
v -1.729950 -0.390181 -0.924678
v -1.687892 -0.580569 -0.902197
v -1.629577 -0.765367 -0.871027
v -1.555569 -0.942793 -0.831469
v -1.466582 -1.111140 -0.783904
v -1.363468 -1.268787 -0.728789
v -1.247225 -1.414214 -0.666656
v -1.118970 -1.546021 -0.598102
v -0.979939 -1.662939 -0.523788
v -0.831469 -1.763842 -0.444430
v -0.674993 -1.847759 -0.360791
v -0.512016 -1.913881 -0.273679
v -0.344109 -1.961571 -0.183930
v -0.172887 -1.990369 -0.092410
v -0.162996 1.990369 -0.108911
v -0.324423 1.961571 -0.216773
v -0.482726 1.913881 -0.322547
v -0.636379 1.847759 -0.425215
v -0.783904 1.763842 -0.523788
v -0.923880 1.662939 -0.617317
v -1.054957 1.546021 -0.704900
v -1.175875 1.414214 -0.785695
v -1.285469 1.268787 -0.858923
v -1.382684 1.111140 -0.923880
v -1.466581 0.942793 -0.979938
v -1.536354 0.765367 -1.026560
v -1.591334 0.580569 -1.063295
v -1.630986 0.390181 -1.089790
v -1.654931 0.196034 -1.105790
v -1.662938 0.000000 -1.111141
v -1.654931 -0.196034 -1.105790
v -1.630986 -0.390181 -1.089790
v -1.591334 -0.580569 -1.063295
v -1.536354 -0.765367 -1.026560
v -1.466581 -0.942793 -0.979938
v -1.382684 -1.111140 -0.923880
v -1.285469 -1.268787 -0.858923
v -1.175875 -1.414214 -0.785695
v -1.054957 -1.546021 -0.704900
v -0.923880 -1.662939 -0.617317
v -0.783904 -1.763842 -0.523788
v -0.636379 -1.847759 -0.425215
v -0.482726 -1.913881 -0.322547
v -0.324423 -1.961571 -0.216773
v -0.162996 -1.990369 -0.108911
v -0.151536 1.990369 -0.124363
v -0.301614 1.961571 -0.247528
v -0.448786 1.913881 -0.368309
v -0.591636 1.847759 -0.485543
v -0.728789 1.763842 -0.598102
v -0.858924 1.662939 -0.704901
v -0.980785 1.546021 -0.804910
v -1.093201 1.414214 -0.897168
v -1.195090 1.268787 -0.980785
v -1.285470 1.111140 -1.054958
v -1.363468 0.942793 -1.118970
v -1.428336 0.765367 -1.172206
v -1.479450 0.580569 -1.214153
v -1.516314 0.390181 -1.244407
v -1.538576 0.196034 -1.262677
v -1.546020 0.000000 -1.268787
v -1.538576 -0.196034 -1.262677
v -1.516314 -0.390181 -1.244407
v -1.479450 -0.580569 -1.214153
v -1.428336 -0.765367 -1.172206
v -1.363468 -0.942793 -1.118970
v -1.285470 -1.111140 -1.054958
v -1.195090 -1.268787 -0.980785
v -1.093201 -1.414214 -0.897168
v -0.980785 -1.546021 -0.804910
v -0.858924 -1.662939 -0.704901
v -0.728789 -1.763842 -0.598102
v -0.591636 -1.847759 -0.485543
v -0.448786 -1.913881 -0.368309
v -0.301614 -1.961571 -0.247528
v -0.151536 -1.990369 -0.124363
v -0.138617 1.990369 -0.138617
v -0.275899 1.961571 -0.275899
v -0.410524 1.913881 -0.410525
v -0.541196 1.847759 -0.541196
v -0.666655 1.763842 -0.666655
v -0.785696 1.662939 -0.785696
v -0.897168 1.546021 -0.897167
v -0.999999 1.414214 -1.000000
v -1.093202 1.268787 -1.093201
v -1.175876 1.111140 -1.175876
v -1.247224 0.942793 -1.247225
v -1.306562 0.765367 -1.306563
v -1.353318 0.580569 -1.353318
v -1.387040 0.390181 -1.387040
v -1.407403 0.196034 -1.407403
v -1.414213 0.000000 -1.414214
v -1.407403 -0.196034 -1.407403
v -1.387040 -0.390181 -1.387040
v -1.353318 -0.580569 -1.353318
v -1.306562 -0.765367 -1.306563
v -1.247224 -0.942793 -1.247225
v -1.175876 -1.111140 -1.175876
v -1.093202 -1.268787 -1.093201
v -0.999999 -1.414214 -1.000000
v -0.897168 -1.546021 -0.897167
v -0.785696 -1.662939 -0.785696
v -0.666655 -1.763842 -0.666655
v -0.541196 -1.847759 -0.541196
v -0.410524 -1.913881 -0.410525
v -0.275899 -1.961571 -0.275899
v -0.138617 -1.990369 -0.138617
v -0.124363 1.990369 -0.151536
v -0.247528 1.961571 -0.301614
v -0.368309 1.913881 -0.448786
v -0.485543 1.847759 -0.591636
v -0.598101 1.763842 -0.728789
v -0.704901 1.662939 -0.858924
v -0.804910 1.546021 -0.980785
v -0.897167 1.414214 -1.093202
v -0.980785 1.268787 -1.195090
v -1.054958 1.111140 -1.285469
v -1.118969 0.942793 -1.363468
v -1.172205 0.765367 -1.428337
v -1.214153 0.580569 -1.479450
v -1.244407 0.390181 -1.516314
v -1.262676 0.196034 -1.538576
v -1.268786 0.000000 -1.546021
v -1.262676 -0.196034 -1.538576
v -1.244407 -0.390181 -1.516314
v -1.214153 -0.580569 -1.479450
v -1.172205 -0.765367 -1.428337
v -1.118969 -0.942793 -1.363468
v -1.054958 -1.111140 -1.285469
v -0.980785 -1.268787 -1.195090
v -0.897167 -1.414214 -1.093202
v -0.804910 -1.546021 -0.980785
v -0.704901 -1.662939 -0.858924
v -0.598101 -1.763842 -0.728789
v -0.485543 -1.847759 -0.591636
v -0.368309 -1.913881 -0.448786
v -0.247528 -1.961571 -0.301614
v -0.124363 -1.990369 -0.151536
v -0.108911 1.990369 -0.162996
v -0.216773 1.961571 -0.324423
v -0.322547 1.913881 -0.482726
v -0.425215 1.847759 -0.636379
v -0.523788 1.763842 -0.783904
v -0.617317 1.662939 -0.923880
v -0.704900 1.546021 -1.054957
v -0.785694 1.414214 -1.175875
v -0.858923 1.268787 -1.285469
v -0.923880 1.111140 -1.382683
v -0.979938 0.942793 -1.466581
v -1.026559 0.765367 -1.536355
v -1.063295 0.580569 -1.591334
v -1.089790 0.390181 -1.630986
v -1.105790 0.196034 -1.654931
v -1.111140 0.000000 -1.662939
v -1.105790 -0.196034 -1.654931
v -1.089790 -0.390181 -1.630986
v -1.063295 -0.580569 -1.591334
v -1.026559 -0.765367 -1.536355
v -0.979938 -0.942793 -1.466581
v -0.923880 -1.111140 -1.382683
v -0.858923 -1.268787 -1.285469
v -0.785694 -1.414214 -1.175875
v -0.704900 -1.546021 -1.054957
v -0.617317 -1.662939 -0.923880
v -0.523788 -1.763842 -0.783904
v -0.425215 -1.847759 -0.636379
v -0.322547 -1.913881 -0.482726
v -0.216773 -1.961571 -0.324423
v -0.108911 -1.990369 -0.162996
v -0.092410 1.990369 -0.172887
v -0.183930 1.961571 -0.344109
v -0.273678 1.913881 -0.512016
v -0.360791 1.847759 -0.674993
v -0.444429 1.763842 -0.831469
v -0.523788 1.662939 -0.979939
v -0.598102 1.546021 -1.118970
v -0.666655 1.414214 -1.247225
v -0.728789 1.268787 -1.363468
v -0.783905 1.111140 -1.466581
v -0.831469 0.942793 -1.555570
v -0.871027 0.765367 -1.629577
v -0.902197 0.580569 -1.687892
v -0.924678 0.390181 -1.729951
v -0.938253 0.196034 -1.755349
v -0.942793 0.000000 -1.763842
v -0.938253 -0.196034 -1.755349
v -0.924678 -0.390181 -1.729951
v -0.902197 -0.580569 -1.687892
v -0.871027 -0.765367 -1.629577
v -0.831469 -0.942793 -1.555570
v -0.783905 -1.111140 -1.466581
v -0.728789 -1.268787 -1.363468
v -0.666655 -1.414214 -1.247225
v -0.598102 -1.546021 -1.118970
v -0.523788 -1.662939 -0.979939
v -0.444429 -1.763842 -0.831469
v -0.360791 -1.847759 -0.674993
v -0.273678 -1.913881 -0.512016
v -0.183930 -1.961571 -0.344109
v -0.092410 -1.990369 -0.172887
v -0.075019 1.990369 -0.181112
v -0.149316 1.961571 -0.360480
v -0.222174 1.913881 -0.536376
v -0.292893 1.847759 -0.707106
v -0.360791 1.763842 -0.871027
v -0.425215 1.662939 -1.026561
v -0.485544 1.546021 -1.172206
v -0.541196 1.414214 -1.306562
v -0.591636 1.268787 -1.428336
v -0.636380 1.111140 -1.536356
v -0.674993 0.942793 -1.629578
v -0.707106 0.765367 -1.707106
v -0.732410 0.580569 -1.768195
v -0.750660 0.390181 -1.812255
v -0.761681 0.196034 -1.838861
v -0.765366 0.000000 -1.847759
v -0.761681 -0.196034 -1.838861
v -0.750660 -0.390181 -1.812255
v -0.732410 -0.580569 -1.768195
v -0.707106 -0.765367 -1.707106
v -0.674993 -0.942793 -1.629578
v -0.636380 -1.111140 -1.536356
v -0.591636 -1.268787 -1.428336
v -0.541196 -1.414214 -1.306562
v -0.485544 -1.546021 -1.172206
v -0.425215 -1.662939 -1.026561
v -0.360791 -1.763842 -0.871027
v -0.292893 -1.847759 -0.707106
v -0.222174 -1.913881 -0.536376
v -0.149316 -1.961571 -0.360480
v -0.075019 -1.990369 -0.181112
v -0.056906 1.990369 -0.187593
v -0.113263 1.961571 -0.373380
v -0.168530 1.913881 -0.555570
v -0.222174 1.847759 -0.732410
v -0.273678 1.763842 -0.902197
v -0.322547 1.662939 -1.063296
v -0.368309 1.546021 -1.214153
v -0.410524 1.414214 -1.353317
v -0.448786 1.268787 -1.479449
v -0.482726 1.111140 -1.591334
v -0.512016 0.942793 -1.687892
v -0.536376 0.765367 -1.768194
v -0.555570 0.580569 -1.831470
v -0.569414 0.390181 -1.877106
v -0.577773 0.196034 -1.904664
v -0.580568 0.000000 -1.913880
v -0.577773 -0.196034 -1.904664
v -0.569414 -0.390181 -1.877106
v -0.555570 -0.580569 -1.831470
v -0.536376 -0.765367 -1.768194
v -0.512016 -0.942793 -1.687892
v -0.482726 -1.111140 -1.591334
v -0.448786 -1.268787 -1.479449
v -0.410524 -1.414214 -1.353317
v -0.368309 -1.546021 -1.214153
v -0.322547 -1.662939 -1.063296
v -0.273678 -1.763842 -0.902197
v -0.222174 -1.847759 -0.732410
v -0.168530 -1.913881 -0.555570
v -0.113263 -1.961571 -0.373380
v -0.056906 -1.990369 -0.187593
v -0.038244 1.990369 -0.192267
v -0.076120 1.961571 -0.382683
v -0.113263 1.913881 -0.569414
v -0.149315 1.847759 -0.750660
v -0.183930 1.763842 -0.924677
v -0.216773 1.662939 -1.089791
v -0.247528 1.546021 -1.244407
v -0.275899 1.414214 -1.387039
v -0.301614 1.268787 -1.516314
v -0.324424 1.111140 -1.630986
v -0.344108 0.942793 -1.729950
v -0.360479 0.765367 -1.812254
v -0.373379 0.580569 -1.877106
v -0.382683 0.390181 -1.923879
v -0.388301 0.196034 -1.952124
v -0.390180 0.000000 -1.961570
v -0.388301 -0.196034 -1.952124
v -0.382683 -0.390181 -1.923879
v -0.373379 -0.580569 -1.877106
v -0.360479 -0.765367 -1.812254
v -0.344108 -0.942793 -1.729950
v -0.324424 -1.111140 -1.630986
v -0.301614 -1.268787 -1.516314
v -0.275899 -1.414214 -1.387039
v -0.247528 -1.546021 -1.244407
v -0.216773 -1.662939 -1.089791
v -0.183930 -1.763842 -0.924677
v -0.149315 -1.847759 -0.750660
v -0.113263 -1.913881 -0.569414
v -0.076120 -1.961571 -0.382683
v -0.038244 -1.990369 -0.192267
v -0.019215 1.990369 -0.195090
v -0.038244 1.961571 -0.388302
v -0.056906 1.913881 -0.577774
v -0.075019 1.847759 -0.761681
v -0.092410 1.763842 -0.938253
v -0.108911 1.662939 -1.105791
v -0.124363 1.546021 -1.262677
v -0.138617 1.414214 -1.407403
v -0.151537 1.268787 -1.538576
v -0.162997 1.111140 -1.654932
v -0.172886 0.942793 -1.755349
v -0.181112 0.765367 -1.838861
v -0.187593 0.580569 -1.904665
v -0.192267 0.390181 -1.952125
v -0.195090 0.196034 -1.980784
v -0.196034 0.000000 -1.990369
v -0.195090 -0.196034 -1.980784
v -0.192267 -0.390181 -1.952125
v -0.187593 -0.580569 -1.904665
v -0.181112 -0.765367 -1.838861
v -0.172886 -0.942793 -1.755349
v -0.162997 -1.111140 -1.654932
v -0.151537 -1.268787 -1.538576
v -0.138617 -1.414214 -1.407403
v -0.124363 -1.546021 -1.262677
v -0.108911 -1.662939 -1.105791
v -0.092410 -1.763842 -0.938253
v -0.075019 -1.847759 -0.761681
v -0.056906 -1.913881 -0.577774
v -0.038244 -1.961571 -0.388302
v -0.019215 -1.990369 -0.195090
v 0.000000 1.847759 -0.765366
v -0.000000 1.662939 -1.111142
v -0.000000 1.546021 -1.268786
v 0.000000 1.414214 -1.414213
v -0.000000 1.268787 -1.546020
v -0.000000 1.111140 -1.662940
v 0.000000 0.390181 -1.961570
v 0.000000 -0.390181 -1.961570
v -0.000000 -1.111140 -1.662940
v -0.000000 -1.268787 -1.546020
v 0.000000 -1.414214 -1.414213
v -0.000000 -1.546021 -1.268786
v -0.000000 -1.662939 -1.111142
v 0.000000 -1.763842 -0.942793
v 0.000000 -1.847759 -0.765366
v 0.000000 -1.961571 -0.390181
vn 0.0462 0.3365 -0.9405
vn 0.0252 -0.8575 -0.5139
vn 0.0476 0.2427 -0.9689
vn 0.0024 0.9988 -0.0491
vn 0.0210 -0.9038 -0.4275
vn 0.0485 0.1466 -0.9880
vn 0.0072 0.9892 -0.1467
vn 0.0165 -0.9414 -0.3368
vn 0.0490 0.0490 -0.9976
vn 0.0119 0.9700 -0.2430
vn 0.0119 -0.9700 -0.2430
vn 0.0490 -0.0490 -0.9976
vn 0.0165 0.9414 -0.3368
vn 0.0072 -0.9892 -0.1467
vn 0.0485 -0.1466 -0.9880
vn 0.0210 0.9038 -0.4275
vn 0.0024 -0.9988 -0.0491
vn 0.0476 -0.2427 -0.9689
vn 0.0252 0.8575 -0.5139
vn 0.0462 -0.3365 -0.9405
vn 0.0293 0.8029 -0.5954
vn 0.0444 -0.4271 -0.9031
vn 0.0330 0.7405 -0.6712
vn 0.0421 -0.5136 -0.8570
vn 0.0364 0.6711 -0.7405
vn 0.0394 -0.5952 -0.8026
vn 0.0394 0.5952 -0.8026
vn 0.0364 -0.6711 -0.7405
vn 0.0421 0.5136 -0.8570
vn 0.0330 -0.7405 -0.6712
vn 0.0444 0.4271 -0.9031
vn 0.0293 -0.8029 -0.5954
vn 0.0986 0.7405 -0.6647
vn 0.1259 -0.5136 -0.8487
vn 0.1088 0.6711 -0.7333
vn 0.1179 -0.5952 -0.7949
vn 0.1179 0.5952 -0.7949
vn 0.1088 -0.6711 -0.7333
vn 0.1259 0.5136 -0.8487
vn 0.0986 -0.7405 -0.6647
vn 0.1327 0.4271 -0.8944
vn 0.0875 -0.8029 -0.5897
vn 0.1382 0.3365 -0.9315
vn 0.0755 -0.8575 -0.5090
vn 0.1423 0.2427 -0.9596
vn 0.0072 0.9988 -0.0486
vn 0.0628 -0.9038 -0.4233
vn 0.1451 0.1466 -0.9785
vn 0.0216 0.9892 -0.1453
vn 0.0495 -0.9414 -0.3336
vn 0.1466 0.0490 -0.9880
vn 0.0357 0.9700 -0.2406
vn 0.0357 -0.9700 -0.2406
vn 0.1466 -0.0490 -0.9880
vn 0.0495 0.9414 -0.3336
vn 0.0216 -0.9892 -0.1453
vn 0.1451 -0.1466 -0.9785
vn 0.0628 0.9038 -0.4233
vn 0.0072 -0.9988 -0.0486
vn 0.1423 -0.2427 -0.9596
vn 0.0755 0.8575 -0.5090
vn 0.1382 -0.3365 -0.9315
vn 0.0875 0.8029 -0.5897
vn 0.1327 -0.4271 -0.8944
vn 0.1952 0.5952 -0.7795
vn 0.1801 -0.6711 -0.7191
vn 0.2085 0.5136 -0.8323
vn 0.1633 -0.7405 -0.6519
vn 0.2197 0.4271 -0.8771
vn 0.1449 -0.8029 -0.5783
vn 0.2288 0.3365 -0.9135
vn 0.1250 -0.8575 -0.4991
vn 0.2357 0.2427 -0.9410
vn 0.0119 0.9988 -0.0477
vn 0.1040 -0.9038 -0.4152
vn 0.2404 0.1466 -0.9596
vn 0.0357 0.9892 -0.1425
vn 0.0819 -0.9414 -0.3271
vn 0.2427 0.0490 -0.9689
vn 0.0591 0.9700 -0.2360
vn 0.0591 -0.9700 -0.2360
vn 0.2427 -0.0490 -0.9689
vn 0.0819 0.9414 -0.3271
vn 0.0357 -0.9892 -0.1425
vn 0.2404 -0.1466 -0.9596
vn 0.1040 0.9038 -0.4152
vn 0.0119 -0.9988 -0.0477
vn 0.2357 -0.2427 -0.9410
vn 0.1250 0.8575 -0.4991
vn 0.2288 -0.3365 -0.9135
vn 0.1449 0.8029 -0.5783
vn 0.2197 -0.4271 -0.8771
vn 0.1633 0.7405 -0.6519
vn 0.2085 -0.5136 -0.8323
vn 0.1801 0.6711 -0.7191
vn 0.1952 -0.5952 -0.7795
vn 0.3046 0.4271 -0.8513
vn 0.2008 -0.8029 -0.5613
vn 0.3172 0.3365 -0.8866
vn 0.1733 -0.8575 -0.4845
vn 0.3268 0.2427 -0.9134
vn 0.0165 0.9988 -0.0463
vn 0.1442 -0.9038 -0.4030
vn 0.3333 0.1466 -0.9314
vn 0.0495 0.9892 -0.1383
vn 0.1136 -0.9414 -0.3175
vn 0.3365 0.0490 -0.9404
vn 0.0820 0.9700 -0.2290
vn 0.0820 -0.9700 -0.2290
vn 0.3365 -0.0490 -0.9404
vn 0.1136 0.9414 -0.3175
vn 0.0495 -0.9892 -0.1383
vn 0.3333 -0.1466 -0.9314
vn 0.1442 0.9038 -0.4030
vn 0.0165 -0.9988 -0.0463
vn 0.3268 -0.2427 -0.9134
vn 0.1733 0.8575 -0.4845
vn 0.3172 -0.3365 -0.8866
vn 0.2008 0.8029 -0.5613
vn 0.3046 -0.4271 -0.8513
vn 0.2264 0.7405 -0.6327
vn 0.2891 -0.5136 -0.8078
vn 0.2498 0.6711 -0.6980
vn 0.2707 -0.5952 -0.7566
vn 0.2707 0.5952 -0.7566
vn 0.2498 -0.6711 -0.6980
vn 0.2891 0.5136 -0.8078
vn 0.2264 -0.7405 -0.6327
vn 0.4148 0.2427 -0.8770
vn 0.0210 0.9988 -0.0444
vn 0.1830 -0.9038 -0.3869
vn 0.4229 0.1466 -0.8942
vn 0.0628 0.9892 -0.1328
vn 0.1442 -0.9414 -0.3049
vn 0.4270 0.0490 -0.9029
vn 0.1040 0.9700 -0.2199
vn 0.1040 -0.9700 -0.2199
vn 0.4270 -0.0490 -0.9029
vn 0.1442 0.9414 -0.3049
vn 0.0628 -0.9892 -0.1328
vn 0.4229 -0.1466 -0.8942
vn 0.1830 0.9038 -0.3869
vn 0.0210 -0.9988 -0.0444
vn 0.4148 -0.2427 -0.8770
vn 0.2200 0.8575 -0.4652
vn 0.4026 -0.3365 -0.8513
vn 0.2549 0.8029 -0.5389
vn 0.3866 -0.4271 -0.8174
vn 0.2873 0.7405 -0.6075
vn 0.3668 -0.5136 -0.7756
vn 0.3170 0.6711 -0.6702
vn 0.3436 -0.5952 -0.7264
vn 0.3436 0.5952 -0.7264
vn 0.3170 -0.6711 -0.6702
vn 0.3668 0.5136 -0.7756
vn 0.2873 -0.7405 -0.6075
vn 0.3866 0.4271 -0.8174
vn 0.2549 -0.8029 -0.5389
vn 0.4026 0.3365 -0.8513
vn 0.2200 -0.8575 -0.4652
vn 0.5135 0.0490 -0.8567
vn 0.1251 0.9700 -0.2086
vn 0.1251 -0.9700 -0.2086
vn 0.5135 -0.0490 -0.8567
vn 0.1734 0.9414 -0.2893
vn 0.0755 -0.9892 -0.1260
vn 0.5086 -0.1466 -0.8485
vn 0.2200 0.9038 -0.3671
vn 0.0253 -0.9988 -0.0421
vn 0.4987 -0.2427 -0.8321
vn 0.2645 0.8575 -0.4414
vn 0.4841 -0.3365 -0.8077
vn 0.3065 0.8029 -0.5113
vn 0.4648 -0.4271 -0.7755
vn 0.3455 0.7405 -0.5764
vn 0.4411 -0.5136 -0.7359
vn 0.3811 0.6711 -0.6359
vn 0.4131 -0.5952 -0.6892
vn 0.4131 0.5952 -0.6892
vn 0.3811 -0.6711 -0.6359
vn 0.4411 0.5136 -0.7359
vn 0.3455 -0.7405 -0.5764
vn 0.4648 0.4271 -0.7755
vn 0.3065 -0.8029 -0.5113
vn 0.4841 0.3365 -0.8077
vn 0.2645 -0.8575 -0.4414
vn 0.4987 0.2427 -0.8321
vn 0.0253 0.9988 -0.0421
vn 0.2200 -0.9038 -0.3671
vn 0.5086 0.1466 -0.8485
vn 0.0755 0.9892 -0.1260
vn 0.1734 -0.9414 -0.2893
vn 0.5893 -0.1466 -0.7945
vn 0.2549 0.9038 -0.3438
vn 0.0293 -0.9988 -0.0395
vn 0.5779 -0.2427 -0.7792
vn 0.3065 0.8575 -0.4133
vn 0.5610 -0.3365 -0.7564
vn 0.3551 0.8029 -0.4788
vn 0.5386 -0.4271 -0.7263
vn 0.4003 0.7405 -0.5398
vn 0.5111 -0.5136 -0.6892
vn 0.4416 0.6711 -0.5955
vn 0.4787 -0.5952 -0.6454
vn 0.4787 0.5952 -0.6454
vn 0.4416 -0.6711 -0.5955
vn 0.5111 0.5136 -0.6892
vn 0.4003 -0.7405 -0.5398
vn 0.5386 0.4271 -0.7263
vn 0.3551 -0.8029 -0.4788
vn 0.5610 0.3365 -0.7564
vn 0.3065 -0.8575 -0.4133
vn 0.5779 0.2427 -0.7792
vn 0.0293 0.9988 -0.0395
vn 0.2549 -0.9038 -0.3438
vn 0.5893 0.1466 -0.7945
vn 0.0875 0.9892 -0.1180
vn 0.2009 -0.9414 -0.2709
vn 0.5950 0.0490 -0.8022
vn 0.1449 0.9700 -0.1954
vn 0.1449 -0.9700 -0.1954
vn 0.5950 -0.0490 -0.8022
vn 0.2009 0.9414 -0.2709
vn 0.0875 -0.9892 -0.1180
vn 0.6324 -0.3365 -0.6977
vn 0.4004 0.8029 -0.4417
vn 0.6072 -0.4271 -0.6700
vn 0.4513 0.7405 -0.4979
vn 0.5762 -0.5136 -0.6357
vn 0.4979 0.6711 -0.5493
vn 0.5396 -0.5952 -0.5954
vn 0.5396 0.5952 -0.5954
vn 0.4979 -0.6711 -0.5493
vn 0.5762 0.5136 -0.6357
vn 0.4513 -0.7405 -0.4979
vn 0.6072 0.4271 -0.6700
vn 0.4004 -0.8029 -0.4417
vn 0.6324 0.3365 -0.6977
vn 0.3456 -0.8575 -0.3813
vn 0.6515 0.2427 -0.7188
vn 0.0330 0.9988 -0.0364
vn 0.2874 -0.9038 -0.3171
vn 0.6643 0.1466 -0.7330
vn 0.0987 0.9892 -0.1088
vn 0.2265 -0.9414 -0.2499
vn 0.6708 0.0490 -0.7401
vn 0.1634 0.9700 -0.1802
vn 0.1634 -0.9700 -0.1802
vn 0.6708 -0.0490 -0.7401
vn 0.2265 0.9414 -0.2499
vn 0.0987 -0.9892 -0.1088
vn 0.6643 -0.1466 -0.7330
vn 0.2874 0.9038 -0.3171
vn 0.0330 -0.9988 -0.0364
vn 0.6515 -0.2427 -0.7188
vn 0.3456 0.8575 -0.3813
vn 0.6357 -0.5136 -0.5762
vn 0.5493 0.6711 -0.4979
vn 0.5954 -0.5952 -0.5396
vn 0.5954 0.5952 -0.5396
vn 0.5493 -0.6711 -0.4979
vn 0.6357 0.5136 -0.5762
vn 0.4979 -0.7405 -0.4513
vn 0.6700 0.4271 -0.6072
vn 0.4417 -0.8029 -0.4004
vn 0.6977 0.3365 -0.6324
vn 0.3813 -0.8575 -0.3456
vn 0.7188 0.2427 -0.6515
vn 0.0364 0.9988 -0.0330
vn 0.3171 -0.9038 -0.2874
vn 0.7330 0.1466 -0.6643
vn 0.1089 0.9892 -0.0987
vn 0.2499 -0.9414 -0.2265
vn 0.7401 0.0490 -0.6708
vn 0.1802 0.9700 -0.1634
vn 0.1802 -0.9700 -0.1634
vn 0.7401 -0.0490 -0.6708
vn 0.2499 0.9414 -0.2265
vn 0.1088 -0.9892 -0.0987
vn 0.7330 -0.1466 -0.6643
vn 0.3171 0.9038 -0.2874
vn 0.0364 -0.9988 -0.0330
vn 0.7188 -0.2427 -0.6515
vn 0.3813 0.8575 -0.3456
vn 0.6977 -0.3365 -0.6324
vn 0.4417 0.8029 -0.4004
vn 0.6700 -0.4271 -0.6072
vn 0.4979 0.7405 -0.4513
vn 0.5955 -0.6711 -0.4416
vn 0.6892 0.5136 -0.5111
vn 0.5398 -0.7405 -0.4003
vn 0.7263 0.4271 -0.5386
vn 0.4788 -0.8029 -0.3551
vn 0.7564 0.3365 -0.5610
vn 0.4133 -0.8575 -0.3065
vn 0.7792 0.2427 -0.5779
vn 0.0395 0.9988 -0.0293
vn 0.3438 -0.9038 -0.2549
vn 0.7945 0.1466 -0.5893
vn 0.1180 0.9892 -0.0875
vn 0.2709 -0.9414 -0.2009
vn 0.8022 0.0490 -0.5950
vn 0.1954 0.9700 -0.1449
vn 0.1954 -0.9700 -0.1449
vn 0.8022 -0.0490 -0.5950
vn 0.2709 0.9414 -0.2009
vn 0.1180 -0.9892 -0.0875
vn 0.7945 -0.1466 -0.5893
vn 0.3438 0.9038 -0.2549
vn 0.0395 -0.9988 -0.0293
vn 0.7792 -0.2427 -0.5779
vn 0.4133 0.8575 -0.3065
vn 0.7564 -0.3365 -0.5610
vn 0.4788 0.8029 -0.3551
vn 0.7263 -0.4271 -0.5386
vn 0.5398 0.7405 -0.4003
vn 0.6892 -0.5136 -0.5111
vn 0.5955 0.6711 -0.4416
vn 0.6454 -0.5952 -0.4787
vn 0.6454 0.5952 -0.4787
vn 0.5113 -0.8029 -0.3065
vn 0.8077 0.3365 -0.4841
vn 0.4414 -0.8575 -0.2645
vn 0.8321 0.2427 -0.4987
vn 0.0421 0.9988 -0.0253
vn 0.3671 -0.9038 -0.2200
vn 0.8485 0.1466 -0.5086
vn 0.1260 0.9892 -0.0755
vn 0.2893 -0.9414 -0.1734
vn 0.8567 0.0490 -0.5135
vn 0.2086 0.9700 -0.1251
vn 0.2086 -0.9700 -0.1251
vn 0.8567 -0.0490 -0.5135
vn 0.2893 0.9414 -0.1734
vn 0.1260 -0.9892 -0.0755
vn 0.8485 -0.1466 -0.5086
vn 0.3671 0.9038 -0.2200
vn 0.0421 -0.9988 -0.0253
vn 0.8321 -0.2427 -0.4987
vn 0.4414 0.8575 -0.2645
vn 0.8077 -0.3365 -0.4841
vn 0.5113 0.8029 -0.3065
vn 0.7755 -0.4271 -0.4648
vn 0.5764 0.7405 -0.3455
vn 0.7359 -0.5136 -0.4411
vn 0.6359 0.6711 -0.3811
vn 0.6892 -0.5952 -0.4131
vn 0.6892 0.5952 -0.4131
vn 0.6359 -0.6711 -0.3811
vn 0.7359 0.5136 -0.4411
vn 0.5764 -0.7405 -0.3455
vn 0.7755 0.4271 -0.4648
vn 0.0444 0.9988 -0.0210
vn 0.3869 -0.9038 -0.1830
vn 0.8942 0.1466 -0.4229
vn 0.1328 0.9892 -0.0628
vn 0.3049 -0.9414 -0.1442
vn 0.9029 0.0490 -0.4270
vn 0.2199 0.9700 -0.1040
vn 0.2199 -0.9700 -0.1040
vn 0.9029 -0.0490 -0.4270
vn 0.3049 0.9414 -0.1442
vn 0.1328 -0.9892 -0.0628
vn 0.8942 -0.1466 -0.4229
vn 0.3869 0.9038 -0.1830
vn 0.0444 -0.9988 -0.0210
vn 0.8770 -0.2427 -0.4148
vn 0.4652 0.8575 -0.2200
vn 0.8513 -0.3365 -0.4026
vn 0.5389 0.8029 -0.2549
vn 0.8174 -0.4271 -0.3866
vn 0.6075 0.7405 -0.2873
vn 0.7756 -0.5136 -0.3668
vn 0.6702 0.6711 -0.3170
vn 0.7264 -0.5952 -0.3436
vn 0.7264 0.5952 -0.3436
vn 0.6702 -0.6711 -0.3170
vn 0.7756 0.5136 -0.3668
vn 0.6075 -0.7405 -0.2873
vn 0.8174 0.4271 -0.3866
vn 0.5389 -0.8029 -0.2549
vn 0.8513 0.3365 -0.4026
vn 0.4652 -0.8575 -0.2200
vn 0.8770 0.2427 -0.4148
vn 0.2290 0.9700 -0.0820
vn 0.2290 -0.9700 -0.0820
vn 0.9404 -0.0490 -0.3365
vn 0.3175 0.9414 -0.1136
vn 0.1383 -0.9892 -0.0495
vn 0.9314 -0.1466 -0.3333
vn 0.4030 0.9038 -0.1442
vn 0.0462 -0.9988 -0.0166
vn 0.9134 -0.2427 -0.3268
vn 0.4845 0.8575 -0.1733
vn 0.8866 -0.3365 -0.3172
vn 0.5613 0.8029 -0.2008
vn 0.8513 -0.4271 -0.3046
vn 0.6327 0.7405 -0.2264
vn 0.8078 -0.5136 -0.2891
vn 0.6980 0.6711 -0.2498
vn 0.7566 -0.5952 -0.2707
vn 0.7566 0.5952 -0.2707
vn 0.6980 -0.6711 -0.2498
vn 0.8078 0.5136 -0.2891
vn 0.6327 -0.7405 -0.2264
vn 0.8513 0.4271 -0.3046
vn 0.5613 -0.8029 -0.2008
vn 0.8866 0.3365 -0.3172
vn 0.4845 -0.8575 -0.1733
vn 0.9134 0.2427 -0.3268
vn 0.0462 0.9988 -0.0166
vn 0.4030 -0.9038 -0.1442
vn 0.9314 0.1466 -0.3333
vn 0.1383 0.9892 -0.0495
vn 0.3175 -0.9414 -0.1136
vn 0.9404 0.0490 -0.3365
vn 0.4151 0.9038 -0.1040
vn 0.0477 -0.9988 -0.0119
vn 0.9410 -0.2427 -0.2357
vn 0.4991 0.8575 -0.1250
vn 0.9135 -0.3365 -0.2288
vn 0.5783 0.8029 -0.1449
vn 0.8771 -0.4271 -0.2197
vn 0.6519 0.7405 -0.1633
vn 0.8323 -0.5136 -0.2085
vn 0.7191 0.6711 -0.1801
vn 0.7795 -0.5952 -0.1952
vn 0.7795 0.5952 -0.1952
vn 0.7191 -0.6711 -0.1801
vn 0.8323 0.5136 -0.2085
vn 0.6519 -0.7405 -0.1633
vn 0.8771 0.4271 -0.2197
vn 0.5783 -0.8029 -0.1449
vn 0.9135 0.3365 -0.2288
vn 0.4991 -0.8575 -0.1250
vn 0.9410 0.2427 -0.2357
vn 0.0477 0.9988 -0.0119
vn 0.4151 -0.9038 -0.1040
vn 0.9596 0.1466 -0.2404
vn 0.1425 0.9892 -0.0357
vn 0.3271 -0.9414 -0.0819
vn 0.9689 0.0490 -0.2427
vn 0.2360 0.9700 -0.0591
vn 0.2360 -0.9700 -0.0591
vn 0.9689 -0.0490 -0.2427
vn 0.3271 0.9414 -0.0819
vn 0.1425 -0.9892 -0.0357
vn 0.9596 -0.1466 -0.2404
vn 0.5897 0.8029 -0.0875
vn 0.8944 -0.4271 -0.1327
vn 0.6647 0.7405 -0.0986
vn 0.8487 -0.5136 -0.1259
vn 0.7333 0.6711 -0.1088
vn 0.7949 -0.5952 -0.1179
vn 0.7949 0.5952 -0.1179
vn 0.7333 -0.6711 -0.1088
vn 0.8487 0.5136 -0.1259
vn 0.6647 -0.7405 -0.0986
vn 0.8944 0.4271 -0.1327
vn 0.5897 -0.8029 -0.0875
vn 0.9315 0.3365 -0.1382
vn 0.5090 -0.8575 -0.0755
vn 0.9596 0.2427 -0.1423
vn 0.0486 0.9988 -0.0072
vn 0.4233 -0.9038 -0.0628
vn 0.9785 0.1466 -0.1451
vn 0.1453 0.9892 -0.0216
vn 0.3336 -0.9414 -0.0495
vn 0.9880 0.0490 -0.1466
vn 0.2406 0.9700 -0.0357
vn 0.2406 -0.9700 -0.0357
vn 0.9880 -0.0490 -0.1466
vn 0.3336 0.9414 -0.0495
vn 0.1453 -0.9892 -0.0216
vn 0.9785 -0.1466 -0.1451
vn 0.4233 0.9038 -0.0628
vn 0.0486 -0.9988 -0.0072
vn 0.9596 -0.2427 -0.1423
vn 0.5090 0.8575 -0.0755
vn 0.9315 -0.3365 -0.1382
vn 0.7405 0.6711 -0.0364
vn 0.8026 -0.5952 -0.0394
vn 0.8026 0.5952 -0.0394
vn 0.7405 -0.6711 -0.0364
vn 0.8570 0.5136 -0.0421
vn 0.6712 -0.7405 -0.0330
vn 0.9031 0.4271 -0.0444
vn 0.5954 -0.8029 -0.0293
vn 0.9405 0.3365 -0.0462
vn 0.5139 -0.8575 -0.0252
vn 0.9689 0.2427 -0.0476
vn 0.0491 0.9988 -0.0024
vn 0.4275 -0.9038 -0.0210
vn 0.9880 0.1466 -0.0485
vn 0.1467 0.9892 -0.0072
vn 0.3368 -0.9414 -0.0165
vn 0.9976 0.0490 -0.0490
vn 0.2430 0.9700 -0.0119
vn 0.2430 -0.9700 -0.0119
vn 0.9976 -0.0490 -0.0490
vn 0.3368 0.9414 -0.0165
vn 0.1467 -0.9892 -0.0072
vn 0.9880 -0.1466 -0.0485
vn 0.4275 0.9038 -0.0210
vn 0.0491 -0.9988 -0.0024
vn 0.9689 -0.2427 -0.0476
vn 0.5139 0.8575 -0.0252
vn 0.9405 -0.3365 -0.0462
vn 0.5954 0.8029 -0.0293
vn 0.9031 -0.4271 -0.0444
vn 0.6712 0.7405 -0.0330
vn 0.8570 -0.5136 -0.0421
vn 0.8570 0.5136 0.0421
vn 0.6712 -0.7405 0.0330
vn 0.9031 0.4271 0.0444
vn 0.5954 -0.8029 0.0293
vn 0.9405 0.3365 0.0462
vn 0.5139 -0.8575 0.0252
vn 0.9689 0.2427 0.0476
vn 0.0491 0.9988 0.0024
vn 0.4275 -0.9038 0.0210
vn 0.9880 0.1466 0.0485
vn 0.1467 0.9892 0.0072
vn 0.3368 -0.9414 0.0165
vn 0.9976 0.0490 0.0490
vn 0.2430 0.9700 0.0119
vn 0.2430 -0.9700 0.0119
vn 0.9976 -0.0490 0.0490
vn 0.3368 0.9414 0.0165
vn 0.1467 -0.9892 0.0072
vn 0.9880 -0.1466 0.0485
vn 0.4275 0.9038 0.0210
vn 0.0491 -0.9988 0.0024
vn 0.9689 -0.2427 0.0476
vn 0.5139 0.8575 0.0252
vn 0.9405 -0.3365 0.0462
vn 0.5954 0.8029 0.0293
vn 0.9031 -0.4271 0.0444
vn 0.6712 0.7405 0.0330
vn 0.8570 -0.5136 0.0421
vn 0.7405 0.6711 0.0364
vn 0.8026 -0.5952 0.0394
vn 0.8026 0.5952 0.0394
vn 0.7405 -0.6711 0.0364
vn 0.9315 0.3365 0.1382
vn 0.5090 -0.8575 0.0755
vn 0.9596 0.2427 0.1423
vn 0.0486 0.9988 0.0072
vn 0.4233 -0.9038 0.0628
vn 0.9785 0.1466 0.1451
vn 0.1453 0.9892 0.0216
vn 0.3336 -0.9414 0.0495
vn 0.9880 0.0490 0.1466
vn 0.2406 0.9700 0.0357
vn 0.2406 -0.9700 0.0357
vn 0.9880 -0.0490 0.1466
vn 0.3336 0.9414 0.0495
vn 0.1453 -0.9892 0.0216
vn 0.9785 -0.1466 0.1451
vn 0.4233 0.9038 0.0628
vn 0.0486 -0.9988 0.0072
vn 0.9596 -0.2427 0.1423
vn 0.5090 0.8575 0.0755
vn 0.9315 -0.3365 0.1382
vn 0.5897 0.8029 0.0875
vn 0.8944 -0.4271 0.1327
vn 0.6647 0.7405 0.0986
vn 0.8487 -0.5136 0.1259
vn 0.7333 0.6711 0.1088
vn 0.7949 -0.5952 0.1179
vn 0.7949 0.5952 0.1179
vn 0.7333 -0.6711 0.1088
vn 0.8487 0.5136 0.1259
vn 0.6647 -0.7405 0.0986
vn 0.8944 0.4271 0.1327
vn 0.5897 -0.8029 0.0875
vn 0.9596 0.1466 0.2404
vn 0.1425 0.9892 0.0357
vn 0.3271 -0.9414 0.0819
vn 0.9689 0.0490 0.2427
vn 0.2360 0.9700 0.0591
vn 0.2360 -0.9700 0.0591
vn 0.9689 -0.0490 0.2427
vn 0.3271 0.9414 0.0819
vn 0.1425 -0.9892 0.0357
vn 0.9596 -0.1466 0.2404
vn 0.4152 0.9038 0.1040
vn 0.0477 -0.9988 0.0119
vn 0.9410 -0.2427 0.2357
vn 0.4991 0.8575 0.1250
vn 0.9135 -0.3365 0.2288
vn 0.5783 0.8029 0.1449
vn 0.8771 -0.4271 0.2197
vn 0.6519 0.7405 0.1633
vn 0.8323 -0.5136 0.2085
vn 0.7191 0.6711 0.1801
vn 0.7795 -0.5952 0.1952
vn 0.7795 0.5952 0.1952
vn 0.7191 -0.6711 0.1801
vn 0.8323 0.5136 0.2085
vn 0.6519 -0.7405 0.1633
vn 0.8771 0.4271 0.2197
vn 0.5783 -0.8029 0.1449
vn 0.9135 0.3365 0.2288
vn 0.4991 -0.8575 0.1250
vn 0.9410 0.2427 0.2357
vn 0.0477 0.9988 0.0119
vn 0.4152 -0.9038 0.1040
vn 0.9404 -0.0490 0.3365
vn 0.3175 0.9414 0.1136
vn 0.1383 -0.9892 0.0495
vn 0.9314 -0.1466 0.3333
vn 0.4030 0.9038 0.1442
vn 0.0462 -0.9988 0.0166
vn 0.9134 -0.2427 0.3268
vn 0.4845 0.8575 0.1733
vn 0.8866 -0.3365 0.3172
vn 0.5613 0.8029 0.2008
vn 0.8513 -0.4271 0.3046
vn 0.6327 0.7405 0.2264
vn 0.8078 -0.5136 0.2891
vn 0.6980 0.6711 0.2498
vn 0.7566 -0.5952 0.2707
vn 0.7566 0.5952 0.2707
vn 0.6980 -0.6711 0.2498
vn 0.8078 0.5136 0.2891
vn 0.6327 -0.7405 0.2264
vn 0.8513 0.4271 0.3046
vn 0.5613 -0.8029 0.2008
vn 0.8866 0.3365 0.3172
vn 0.4845 -0.8575 0.1733
vn 0.9134 0.2427 0.3268
vn 0.0463 0.9988 0.0166
vn 0.4030 -0.9038 0.1442
vn 0.9314 0.1466 0.3333
vn 0.1383 0.9892 0.0495
vn 0.3175 -0.9414 0.1136
vn 0.9404 0.0490 0.3365
vn 0.2290 0.9700 0.0820
vn 0.2290 -0.9700 0.0820
vn 0.8770 -0.2427 0.4148
vn 0.4652 0.8575 0.2200
vn 0.8513 -0.3365 0.4026
vn 0.5389 0.8029 0.2549
vn 0.8174 -0.4271 0.3866
vn 0.6075 0.7405 0.2873
vn 0.7756 -0.5136 0.3668
vn 0.6702 0.6711 0.3170
vn 0.7264 -0.5952 0.3436
vn 0.7264 0.5952 0.3436
vn 0.6702 -0.6711 0.3170
vn 0.7756 0.5136 0.3668
vn 0.6075 -0.7405 0.2873
vn 0.8174 0.4271 0.3866
vn 0.5389 -0.8029 0.2549
vn 0.8513 0.3365 0.4026
vn 0.4652 -0.8575 0.2200
vn 0.8770 0.2427 0.4148
vn 0.0444 0.9988 0.0210
vn 0.3869 -0.9038 0.1830
vn 0.8942 0.1466 0.4229
vn 0.1328 0.9892 0.0628
vn 0.3049 -0.9414 0.1442
vn 0.9029 0.0490 0.4270
vn 0.2199 0.9700 0.1040
vn 0.2199 -0.9700 0.1040
vn 0.9029 -0.0490 0.4270
vn 0.3049 0.9414 0.1442
vn 0.1328 -0.9892 0.0628
vn 0.8942 -0.1466 0.4229
vn 0.3869 0.9038 0.1830
vn 0.0444 -0.9988 0.0210
vn 0.7755 -0.4271 0.4648
vn 0.5764 0.7405 0.3455
vn 0.7359 -0.5136 0.4411
vn 0.6359 0.6711 0.3811
vn 0.6892 -0.5952 0.4131
vn 0.6892 0.5952 0.4131
vn 0.6359 -0.6711 0.3811
vn 0.7359 0.5136 0.4411
vn 0.5764 -0.7405 0.3455
vn 0.7755 0.4271 0.4648
vn 0.5113 -0.8029 0.3065
vn 0.8077 0.3365 0.4841
vn 0.4413 -0.8575 0.2645
vn 0.8321 0.2427 0.4987
vn 0.0421 0.9988 0.0253
vn 0.3671 -0.9038 0.2200
vn 0.8485 0.1466 0.5086
vn 0.1260 0.9892 0.0755
vn 0.2893 -0.9414 0.1734
vn 0.8567 0.0490 0.5135
vn 0.2086 0.9700 0.1251
vn 0.2086 -0.9700 0.1251
vn 0.8567 -0.0490 0.5135
vn 0.2893 0.9414 0.1734
vn 0.1260 -0.9892 0.0755
vn 0.8485 -0.1466 0.5086
vn 0.3671 0.9038 0.2200
vn 0.0421 -0.9988 0.0253
vn 0.8321 -0.2427 0.4987
vn 0.4413 0.8575 0.2645
vn 0.8077 -0.3365 0.4841
vn 0.5113 0.8029 0.3065
vn 0.6454 -0.5952 0.4787
vn 0.6454 0.5952 0.4787
vn 0.5955 -0.6711 0.4416
vn 0.6892 0.5136 0.5111
vn 0.5398 -0.7405 0.4003
vn 0.7263 0.4271 0.5386
vn 0.4788 -0.8029 0.3551
vn 0.7564 0.3365 0.5610
vn 0.4133 -0.8575 0.3065
vn 0.7792 0.2427 0.5779
vn 0.0395 0.9988 0.0293
vn 0.3438 -0.9038 0.2549
vn 0.7945 0.1466 0.5893
vn 0.1180 0.9892 0.0875
vn 0.2709 -0.9414 0.2009
vn 0.8022 0.0490 0.5950
vn 0.1954 0.9700 0.1449
vn 0.1954 -0.9700 0.1449
vn 0.8022 -0.0490 0.5950
vn 0.2709 0.9414 0.2009
vn 0.1180 -0.9892 0.0875
vn 0.7945 -0.1466 0.5893
vn 0.3438 0.9038 0.2549
vn 0.0395 -0.9988 0.0293
vn 0.7792 -0.2427 0.5779
vn 0.4133 0.8575 0.3065
vn 0.7564 -0.3365 0.5610
vn 0.4788 0.8029 0.3551
vn 0.7263 -0.4271 0.5386
vn 0.5398 0.7405 0.4003
vn 0.6892 -0.5136 0.5111
vn 0.5955 0.6711 0.4416
vn 0.4979 -0.7405 0.4513
vn 0.6700 0.4271 0.6072
vn 0.4417 -0.8029 0.4004
vn 0.6977 0.3365 0.6324
vn 0.3813 -0.8575 0.3456
vn 0.7188 0.2427 0.6515
vn 0.0364 0.9988 0.0330
vn 0.3171 -0.9038 0.2874
vn 0.7330 0.1466 0.6643
vn 0.1089 0.9892 0.0987
vn 0.2499 -0.9414 0.2265
vn 0.7401 0.0490 0.6708
vn 0.1802 0.9700 0.1634
vn 0.1802 -0.9700 0.1634
vn 0.7401 -0.0490 0.6708
vn 0.2499 0.9414 0.2265
vn 0.1088 -0.9892 0.0987
vn 0.7330 -0.1466 0.6643
vn 0.3171 0.9038 0.2874
vn 0.0364 -0.9988 0.0330
vn 0.7188 -0.2427 0.6515
vn 0.3813 0.8575 0.3456
vn 0.6977 -0.3365 0.6324
vn 0.4417 0.8029 0.4004
vn 0.6700 -0.4271 0.6072
vn 0.4979 0.7405 0.4513
vn 0.6357 -0.5136 0.5762
vn 0.5493 0.6711 0.4979
vn 0.5954 -0.5952 0.5396
vn 0.5954 0.5952 0.5396
vn 0.5493 -0.6711 0.4979
vn 0.6357 0.5136 0.5762
vn 0.3456 -0.8575 0.3813
vn 0.6515 0.2427 0.7188
vn 0.0330 0.9988 0.0364
vn 0.2874 -0.9038 0.3171
vn 0.6643 0.1466 0.7330
vn 0.0987 0.9892 0.1088
vn 0.2265 -0.9414 0.2499
vn 0.6708 0.0490 0.7401
vn 0.1634 0.9700 0.1802
vn 0.1634 -0.9700 0.1802
vn 0.6708 -0.0490 0.7401
vn 0.2265 0.9414 0.2499
vn 0.0987 -0.9892 0.1088
vn 0.6643 -0.1466 0.7330
vn 0.2874 0.9038 0.3171
vn 0.0330 -0.9988 0.0364
vn 0.6515 -0.2427 0.7188
vn 0.3456 0.8575 0.3813
vn 0.6324 -0.3365 0.6977
vn 0.4004 0.8029 0.4417
vn 0.6072 -0.4271 0.6700
vn 0.4513 0.7405 0.4979
vn 0.5762 -0.5136 0.6357
vn 0.4979 0.6711 0.5493
vn 0.5396 -0.5952 0.5954
vn 0.5396 0.5952 0.5954
vn 0.4979 -0.6711 0.5493
vn 0.5762 0.5136 0.6357
vn 0.4513 -0.7405 0.4979
vn 0.6072 0.4271 0.6700
vn 0.4004 -0.8029 0.4417
vn 0.6324 0.3365 0.6977
vn 0.2009 -0.9414 0.2709
vn 0.5950 0.0490 0.8022
vn 0.1449 0.9700 0.1954
vn 0.1449 -0.9700 0.1954
vn 0.5950 -0.0490 0.8022
vn 0.2009 0.9414 0.2709
vn 0.0875 -0.9892 0.1180
vn 0.5893 -0.1466 0.7945
vn 0.2549 0.9038 0.3438
vn 0.0293 -0.9988 0.0395
vn 0.5779 -0.2427 0.7792
vn 0.3065 0.8575 0.4133
vn 0.5610 -0.3365 0.7564
vn 0.3551 0.8029 0.4788
vn 0.5386 -0.4271 0.7263
vn 0.4003 0.7405 0.5398
vn 0.5111 -0.5136 0.6892
vn 0.4416 0.6711 0.5955
vn 0.4787 -0.5952 0.6454
vn 0.4787 0.5952 0.6454
vn 0.4416 -0.6711 0.5955
vn 0.5111 0.5136 0.6892
vn 0.4003 -0.7405 0.5398
vn 0.5386 0.4271 0.7263
vn 0.3551 -0.8029 0.4788
vn 0.5610 0.3365 0.7564
vn 0.3065 -0.8575 0.4133
vn 0.5779 0.2427 0.7792
vn 0.0293 0.9988 0.0395
vn 0.2549 -0.9038 0.3438
vn 0.5893 0.1466 0.7945
vn 0.0875 0.9892 0.1180
vn 0.5086 0.1466 0.8485
vn 0.0755 0.9892 0.1260
vn 0.1734 -0.9414 0.2893
vn 0.5135 0.0490 0.8567
vn 0.1251 0.9700 0.2086
vn 0.1251 -0.9700 0.2086
vn 0.5135 -0.0490 0.8567
vn 0.1734 0.9414 0.2893
vn 0.0755 -0.9892 0.1260
vn 0.5086 -0.1466 0.8485
vn 0.2200 0.9038 0.3671
vn 0.0253 -0.9988 0.0421
vn 0.4987 -0.2427 0.8321
vn 0.2645 0.8575 0.4413
vn 0.4841 -0.3365 0.8077
vn 0.3065 0.8029 0.5113
vn 0.4648 -0.4271 0.7755
vn 0.3455 0.7405 0.5764
vn 0.4411 -0.5136 0.7359
vn 0.3811 0.6711 0.6359
vn 0.4131 -0.5952 0.6892
vn 0.4131 0.5952 0.6892
vn 0.3811 -0.6711 0.6359
vn 0.4411 0.5136 0.7359
vn 0.3455 -0.7405 0.5764
vn 0.4648 0.4271 0.7755
vn 0.3065 -0.8029 0.5113
vn 0.4841 0.3365 0.8077
vn 0.2645 -0.8575 0.4413
vn 0.4987 0.2427 0.8321
vn 0.0253 0.9988 0.0421
vn 0.2200 -0.9038 0.3671
vn 0.4270 -0.0490 0.9029
vn 0.1442 0.9414 0.3049
vn 0.0628 -0.9892 0.1328
vn 0.4229 -0.1466 0.8942
vn 0.1830 0.9038 0.3869
vn 0.0210 -0.9988 0.0444
vn 0.4148 -0.2427 0.8770
vn 0.2200 0.8575 0.4652
vn 0.4026 -0.3365 0.8513
vn 0.2549 0.8029 0.5389
vn 0.3866 -0.4271 0.8174
vn 0.2873 0.7405 0.6075
vn 0.3668 -0.5136 0.7756
vn 0.3170 0.6711 0.6702
vn 0.3436 -0.5952 0.7264
vn 0.3436 0.5952 0.7264
vn 0.3170 -0.6711 0.6702
vn 0.3668 0.5136 0.7756
vn 0.2873 -0.7405 0.6075
vn 0.3866 0.4271 0.8174
vn 0.2549 -0.8029 0.5389
vn 0.4026 0.3365 0.8513
vn 0.2200 -0.8575 0.4652
vn 0.4148 0.2427 0.8770
vn 0.0210 0.9988 0.0444
vn 0.1830 -0.9038 0.3869
vn 0.4229 0.1466 0.8942
vn 0.0628 0.9892 0.1328
vn 0.1442 -0.9414 0.3049
vn 0.4270 0.0490 0.9029
vn 0.1040 0.9700 0.2199
vn 0.1040 -0.9700 0.2199
vn 0.3268 -0.2427 0.9134
vn 0.1733 0.8575 0.4845
vn 0.3172 -0.3365 0.8866
vn 0.2008 0.8029 0.5613
vn 0.3046 -0.4271 0.8513
vn 0.2264 0.7405 0.6327
vn 0.2891 -0.5136 0.8078
vn 0.2498 0.6711 0.6980
vn 0.2707 -0.5952 0.7566
vn 0.2707 0.5952 0.7566
vn 0.2498 -0.6711 0.6980
vn 0.2891 0.5136 0.8078
vn 0.2264 -0.7405 0.6327
vn 0.3046 0.4271 0.8513
vn 0.2008 -0.8029 0.5613
vn 0.3172 0.3365 0.8866
vn 0.1733 -0.8575 0.4845
vn 0.3268 0.2427 0.9134
vn 0.0165 0.9988 0.0463
vn 0.1442 -0.9038 0.4030
vn 0.3333 0.1466 0.9314
vn 0.0495 0.9892 0.1383
vn 0.1136 -0.9414 0.3175
vn 0.3365 0.0490 0.9404
vn 0.0819 0.9700 0.2290
vn 0.0819 -0.9700 0.2290
vn 0.3365 -0.0490 0.9404
vn 0.1136 0.9414 0.3175
vn 0.0495 -0.9892 0.1383
vn 0.3333 -0.1466 0.9314
vn 0.1442 0.9038 0.4030
vn 0.0165 -0.9988 0.0463
vn 0.2197 -0.4271 0.8771
vn 0.1633 0.7405 0.6519
vn 0.2085 -0.5136 0.8323
vn 0.1801 0.6711 0.7191
vn 0.1952 -0.5952 0.7795
vn 0.1952 0.5952 0.7795
vn 0.1801 -0.6711 0.7191
vn 0.2085 0.5136 0.8323
vn 0.1633 -0.7405 0.6519
vn 0.2197 0.4271 0.8771
vn 0.1449 -0.8029 0.5783
vn 0.2288 0.3365 0.9135
vn 0.1250 -0.8575 0.4991
vn 0.2357 0.2427 0.9410
vn 0.0119 0.9988 0.0477
vn 0.1040 -0.9038 0.4152
vn 0.2404 0.1466 0.9596
vn 0.0357 0.9892 0.1425
vn 0.0819 -0.9414 0.3271
vn 0.2427 0.0490 0.9689
vn 0.0591 0.9700 0.2360
vn 0.0591 -0.9700 0.2360
vn 0.2427 -0.0490 0.9689
vn 0.0819 0.9414 0.3271
vn 0.0357 -0.9892 0.1425
vn 0.2404 -0.1466 0.9596
vn 0.1040 0.9038 0.4152
vn 0.0119 -0.9988 0.0477
vn 0.2357 -0.2427 0.9410
vn 0.1250 0.8575 0.4991
vn 0.2288 -0.3365 0.9135
vn 0.1449 0.8029 0.5783
vn 0.1179 -0.5952 0.7949
vn 0.1179 0.5952 0.7949
vn 0.1088 -0.6711 0.7333
vn 0.1259 0.5136 0.8487
vn 0.0986 -0.7405 0.6647
vn 0.1327 0.4271 0.8944
vn 0.0875 -0.8029 0.5897
vn 0.1382 0.3365 0.9315
vn 0.0755 -0.8575 0.5090
vn 0.1423 0.2427 0.9596
vn 0.0072 0.9988 0.0486
vn 0.0628 -0.9038 0.4233
vn 0.1451 0.1466 0.9785
vn 0.0216 0.9892 0.1453
vn 0.0495 -0.9414 0.3336
vn 0.1466 0.0490 0.9880
vn 0.0357 0.9700 0.2406
vn 0.0357 -0.9700 0.2406
vn 0.1466 -0.0490 0.9880
vn 0.0495 0.9414 0.3336
vn 0.0216 -0.9892 0.1453
vn 0.1451 -0.1466 0.9785
vn 0.0628 0.9038 0.4233
vn 0.0072 -0.9988 0.0486
vn 0.1423 -0.2427 0.9596
vn 0.0755 0.8575 0.5090
vn 0.1382 -0.3365 0.9315
vn 0.0875 0.8029 0.5897
vn 0.1327 -0.4271 0.8944
vn 0.0986 0.7405 0.6647
vn 0.1259 -0.5136 0.8487
vn 0.1088 0.6711 0.7333
vn 0.0330 -0.7405 0.6712
vn 0.0444 0.4271 0.9031
vn 0.0293 -0.8029 0.5954
vn 0.0462 0.3365 0.9405
vn 0.0252 -0.8575 0.5139
vn 0.0476 0.2427 0.9689
vn 0.0024 0.9988 0.0491
vn 0.0210 -0.9038 0.4275
vn 0.0485 0.1466 0.9880
vn 0.0072 0.9892 0.1467
vn 0.0165 -0.9414 0.3368
vn 0.0490 0.0490 0.9976
vn 0.0119 0.9700 0.2430
vn 0.0119 -0.9700 0.2430
vn 0.0490 -0.0490 0.9976
vn 0.0165 0.9414 0.3368
vn 0.0072 -0.9892 0.1467
vn 0.0485 -0.1466 0.9880
vn 0.0210 0.9038 0.4275
vn 0.0024 -0.9988 0.0491
vn 0.0476 -0.2427 0.9689
vn 0.0252 0.8575 0.5139
vn 0.0462 -0.3365 0.9405
vn 0.0293 0.8029 0.5954
vn 0.0444 -0.4271 0.9031
vn 0.0330 0.7405 0.6712
vn 0.0421 -0.5136 0.8570
vn 0.0364 0.6711 0.7405
vn 0.0394 -0.5952 0.8026
vn 0.0394 0.5952 0.8026
vn 0.0364 -0.6711 0.7405
vn 0.0421 0.5136 0.8570
vn -0.0252 -0.8575 0.5139
vn -0.0476 0.2427 0.9689
vn -0.0024 0.9988 0.0491
vn -0.0210 -0.9038 0.4275
vn -0.0485 0.1466 0.9880
vn -0.0072 0.9892 0.1467
vn -0.0165 -0.9414 0.3368
vn -0.0490 0.0490 0.9976
vn -0.0119 0.9700 0.2430
vn -0.0119 -0.9700 0.2430
vn -0.0490 -0.0490 0.9976
vn -0.0165 0.9414 0.3368
vn -0.0072 -0.9892 0.1467
vn -0.0485 -0.1466 0.9880
vn -0.0210 0.9038 0.4275
vn -0.0024 -0.9988 0.0491
vn -0.0476 -0.2427 0.9689
vn -0.0252 0.8575 0.5139
vn -0.0462 -0.3365 0.9405
vn -0.0293 0.8029 0.5954
vn -0.0444 -0.4271 0.9031
vn -0.0330 0.7405 0.6712
vn -0.0421 -0.5136 0.8570
vn -0.0364 0.6711 0.7405
vn -0.0394 -0.5952 0.8026
vn -0.0394 0.5952 0.8026
vn -0.0364 -0.6711 0.7405
vn -0.0421 0.5136 0.8570
vn -0.0330 -0.7405 0.6712
vn -0.0444 0.4271 0.9031
vn -0.0293 -0.8029 0.5954
vn -0.0462 0.3365 0.9405
vn -0.0495 -0.9414 0.3336
vn -0.1466 0.0490 0.9880
vn -0.0357 0.9700 0.2406
vn -0.0357 -0.9700 0.2406
vn -0.1466 -0.0490 0.9880
vn -0.0495 0.9414 0.3336
vn -0.0216 -0.9892 0.1453
vn -0.1451 -0.1466 0.9785
vn -0.0628 0.9038 0.4233
vn -0.0072 -0.9988 0.0486
vn -0.1423 -0.2427 0.9596
vn -0.0755 0.8575 0.5090
vn -0.1382 -0.3365 0.9315
vn -0.0875 0.8029 0.5897
vn -0.1327 -0.4271 0.8944
vn -0.0986 0.7405 0.6647
vn -0.1259 -0.5136 0.8487
vn -0.1088 0.6711 0.7333
vn -0.1179 -0.5952 0.7949
vn -0.1179 0.5952 0.7949
vn -0.1088 -0.6711 0.7333
vn -0.1259 0.5136 0.8487
vn -0.0986 -0.7405 0.6647
vn -0.1327 0.4271 0.8944
vn -0.0875 -0.8029 0.5897
vn -0.1382 0.3365 0.9315
vn -0.0755 -0.8575 0.5090
vn -0.1423 0.2427 0.9596
vn -0.0072 0.9988 0.0486
vn -0.0628 -0.9038 0.4233
vn -0.1451 0.1466 0.9785
vn -0.0216 0.9892 0.1453
vn -0.0357 -0.9892 0.1425
vn -0.2404 -0.1466 0.9596
vn -0.1040 0.9038 0.4152
vn -0.0119 -0.9988 0.0477
vn -0.2357 -0.2427 0.9410
vn -0.1250 0.8575 0.4991
vn -0.2288 -0.3365 0.9135
vn -0.1449 0.8029 0.5783
vn -0.2197 -0.4271 0.8771
vn -0.1633 0.7405 0.6519
vn -0.2085 -0.5136 0.8323
vn -0.1801 0.6711 0.7191
vn -0.1952 -0.5952 0.7795
vn -0.1952 0.5952 0.7795
vn -0.1801 -0.6711 0.7191
vn -0.2085 0.5136 0.8323
vn -0.1633 -0.7405 0.6519
vn -0.2197 0.4271 0.8771
vn -0.1449 -0.8029 0.5783
vn -0.2288 0.3365 0.9135
vn -0.1250 -0.8575 0.4991
vn -0.2357 0.2427 0.9410
vn -0.0119 0.9988 0.0477
vn -0.1040 -0.9038 0.4152
vn -0.2404 0.1466 0.9596
vn -0.0357 0.9892 0.1425
vn -0.0819 -0.9414 0.3271
vn -0.2427 0.0490 0.9689
vn -0.0591 0.9700 0.2360
vn -0.0591 -0.9700 0.2360
vn -0.2427 -0.0490 0.9689
vn -0.0819 0.9414 0.3271
vn -0.3172 -0.3365 0.8866
vn -0.2008 0.8029 0.5613
vn -0.3046 -0.4271 0.8513
vn -0.2264 0.7405 0.6327
vn -0.2891 -0.5136 0.8078
vn -0.2498 0.6711 0.6980
vn -0.2707 -0.5952 0.7566
vn -0.2707 0.5952 0.7566
vn -0.2498 -0.6711 0.6980
vn -0.2891 0.5136 0.8078
vn -0.2264 -0.7405 0.6327
vn -0.3046 0.4271 0.8513
vn -0.2008 -0.8029 0.5613
vn -0.3172 0.3365 0.8866
vn -0.1733 -0.8575 0.4845
vn -0.3268 0.2427 0.9134
vn -0.0165 0.9988 0.0463
vn -0.1442 -0.9038 0.4030
vn -0.3333 0.1466 0.9314
vn -0.0495 0.9892 0.1383
vn -0.1136 -0.9414 0.3175
vn -0.3365 0.0490 0.9404
vn -0.0819 0.9700 0.2290
vn -0.0819 -0.9700 0.2290
vn -0.3365 -0.0490 0.9404
vn -0.1136 0.9414 0.3175
vn -0.0495 -0.9892 0.1383
vn -0.3333 -0.1466 0.9314
vn -0.1442 0.9038 0.4030
vn -0.0165 -0.9988 0.0463
vn -0.3268 -0.2427 0.9134
vn -0.1733 0.8575 0.4845
vn -0.3668 -0.5136 0.7756
vn -0.3170 0.6711 0.6702
vn -0.3436 -0.5952 0.7264
vn -0.3436 0.5952 0.7264
vn -0.3170 -0.6711 0.6702
vn -0.3668 0.5136 0.7756
vn -0.2873 -0.7405 0.6075
vn -0.3866 0.4271 0.8174
vn -0.2549 -0.8029 0.5389
vn -0.4026 0.3365 0.8513
vn -0.2200 -0.8575 0.4652
vn -0.4148 0.2427 0.8770
vn -0.0210 0.9988 0.0444
vn -0.1830 -0.9038 0.3869
vn -0.4229 0.1466 0.8942
vn -0.0628 0.9892 0.1328
vn -0.1442 -0.9414 0.3049
vn -0.4270 0.0490 0.9029
vn -0.1040 0.9700 0.2199
vn -0.1040 -0.9700 0.2199
vn -0.4270 -0.0490 0.9029
vn -0.1442 0.9414 0.3049
vn -0.0628 -0.9892 0.1328
vn -0.4229 -0.1466 0.8942
vn -0.1830 0.9038 0.3869
vn -0.0210 -0.9988 0.0444
vn -0.4148 -0.2427 0.8770
vn -0.2200 0.8575 0.4652
vn -0.4026 -0.3365 0.8513
vn -0.2549 0.8029 0.5389
vn -0.3866 -0.4271 0.8174
vn -0.2873 0.7405 0.6075
vn -0.3811 -0.6711 0.6359
vn -0.4411 0.5136 0.7359
vn -0.3455 -0.7405 0.5764
vn -0.4648 0.4271 0.7755
vn -0.3065 -0.8029 0.5113
vn -0.4841 0.3365 0.8077
vn -0.2645 -0.8575 0.4413
vn -0.4987 0.2427 0.8321
vn -0.0253 0.9988 0.0421
vn -0.2200 -0.9038 0.3671
vn -0.5086 0.1466 0.8485
vn -0.0755 0.9892 0.1260
vn -0.1734 -0.9414 0.2893
vn -0.5135 0.0490 0.8567
vn -0.1251 0.9700 0.2086
vn -0.1251 -0.9700 0.2086
vn -0.5135 -0.0490 0.8567
vn -0.1734 0.9414 0.2893
vn -0.0755 -0.9892 0.1260
vn -0.5086 -0.1466 0.8485
vn -0.2200 0.9038 0.3671
vn -0.0253 -0.9988 0.0421
vn -0.4987 -0.2427 0.8321
vn -0.2645 0.8575 0.4413
vn -0.4841 -0.3365 0.8077
vn -0.3065 0.8029 0.5113
vn -0.4648 -0.4271 0.7755
vn -0.3455 0.7405 0.5764
vn -0.4411 -0.5136 0.7359
vn -0.3811 0.6711 0.6359
vn -0.4131 -0.5952 0.6892
vn -0.4131 0.5952 0.6892
vn -0.3551 -0.8029 0.4788
vn -0.5610 0.3365 0.7564
vn -0.3065 -0.8575 0.4133
vn -0.5779 0.2427 0.7792
vn -0.0293 0.9988 0.0395
vn -0.2549 -0.9038 0.3438
vn -0.5893 0.1466 0.7945
vn -0.0875 0.9892 0.1180
vn -0.2009 -0.9414 0.2709
vn -0.5950 0.0490 0.8022
vn -0.1449 0.9700 0.1954
vn -0.1449 -0.9700 0.1954
vn -0.5950 -0.0490 0.8022
vn -0.2009 0.9414 0.2709
vn -0.0875 -0.9892 0.1180
vn -0.5893 -0.1466 0.7945
vn -0.2549 0.9038 0.3438
vn -0.0293 -0.9988 0.0395
vn -0.5779 -0.2427 0.7792
vn -0.3065 0.8575 0.4133
vn -0.5610 -0.3365 0.7564
vn -0.3551 0.8029 0.4788
vn -0.5386 -0.4271 0.7263
vn -0.4003 0.7405 0.5398
vn -0.5111 -0.5136 0.6892
vn -0.4416 0.6711 0.5955
vn -0.4787 -0.5952 0.6454
vn -0.4787 0.5952 0.6454
vn -0.4416 -0.6711 0.5955
vn -0.5111 0.5136 0.6892
vn -0.4003 -0.7405 0.5398
vn -0.5386 0.4271 0.7263
vn -0.0330 0.9988 0.0364
vn -0.2874 -0.9038 0.3171
vn -0.6643 0.1466 0.7330
vn -0.0987 0.9892 0.1088
vn -0.2265 -0.9414 0.2499
vn -0.6708 0.0490 0.7401
vn -0.1634 0.9700 0.1802
vn -0.1634 -0.9700 0.1802
vn -0.6708 -0.0490 0.7401
vn -0.2265 0.9414 0.2499
vn -0.0987 -0.9892 0.1088
vn -0.6643 -0.1466 0.7330
vn -0.2874 0.9038 0.3171
vn -0.0330 -0.9988 0.0364
vn -0.6515 -0.2427 0.7188
vn -0.3456 0.8575 0.3813
vn -0.6324 -0.3365 0.6977
vn -0.4004 0.8029 0.4417
vn -0.6072 -0.4271 0.6700
vn -0.4513 0.7405 0.4979
vn -0.5762 -0.5136 0.6357
vn -0.4979 0.6711 0.5493
vn -0.5396 -0.5952 0.5954
vn -0.5396 0.5952 0.5954
vn -0.4979 -0.6711 0.5493
vn -0.5762 0.5136 0.6357
vn -0.4513 -0.7405 0.4979
vn -0.6072 0.4271 0.6700
vn -0.4004 -0.8029 0.4417
vn -0.6324 0.3365 0.6977
vn -0.3456 -0.8575 0.3813
vn -0.6515 0.2427 0.7188
vn -0.1802 0.9700 0.1634
vn -0.1802 -0.9700 0.1634
vn -0.7401 -0.0490 0.6708
vn -0.2499 0.9414 0.2265
vn -0.1089 -0.9892 0.0987
vn -0.7330 -0.1466 0.6643
vn -0.3171 0.9038 0.2874
vn -0.0364 -0.9988 0.0330
vn -0.7188 -0.2427 0.6515
vn -0.3813 0.8575 0.3456
vn -0.6977 -0.3365 0.6324
vn -0.4417 0.8029 0.4004
vn -0.6700 -0.4271 0.6072
vn -0.4979 0.7405 0.4513
vn -0.6357 -0.5136 0.5762
vn -0.5493 0.6711 0.4979
vn -0.5954 -0.5952 0.5396
vn -0.5954 0.5952 0.5396
vn -0.5493 -0.6711 0.4979
vn -0.6357 0.5136 0.5762
vn -0.4979 -0.7405 0.4513
vn -0.6700 0.4271 0.6072
vn -0.4417 -0.8029 0.4004
vn -0.6977 0.3365 0.6324
vn -0.3813 -0.8575 0.3456
vn -0.7188 0.2427 0.6515
vn -0.0364 0.9988 0.0330
vn -0.3171 -0.9038 0.2874
vn -0.7330 0.1466 0.6643
vn -0.1088 0.9892 0.0987
vn -0.2499 -0.9414 0.2265
vn -0.7401 0.0490 0.6708
vn -0.3438 0.9038 0.2549
vn -0.0395 -0.9988 0.0293
vn -0.7792 -0.2427 0.5779
vn -0.4133 0.8575 0.3065
vn -0.7564 -0.3365 0.5610
vn -0.4788 0.8029 0.3551
vn -0.7263 -0.4271 0.5386
vn -0.5398 0.7405 0.4003
vn -0.6892 -0.5136 0.5111
vn -0.5955 0.6711 0.4416
vn -0.6454 -0.5952 0.4787
vn -0.6454 0.5952 0.4787
vn -0.5955 -0.6711 0.4416
vn -0.6892 0.5136 0.5111
vn -0.5398 -0.7405 0.4003
vn -0.7263 0.4271 0.5386
vn -0.4788 -0.8029 0.3551
vn -0.7564 0.3365 0.5610
vn -0.4133 -0.8575 0.3065
vn -0.7792 0.2427 0.5779
vn -0.0395 0.9988 0.0293
vn -0.3438 -0.9038 0.2549
vn -0.7945 0.1466 0.5893
vn -0.1180 0.9892 0.0875
vn -0.2709 -0.9414 0.2009
vn -0.8022 0.0490 0.5950
vn -0.1954 0.9700 0.1449
vn -0.1954 -0.9700 0.1449
vn -0.8022 -0.0490 0.5950
vn -0.2709 0.9414 0.2009
vn -0.1180 -0.9892 0.0875
vn -0.7945 -0.1466 0.5893
vn -0.5113 0.8029 0.3065
vn -0.7755 -0.4271 0.4648
vn -0.5764 0.7405 0.3455
vn -0.7359 -0.5136 0.4411
vn -0.6359 0.6711 0.3811
vn -0.6892 -0.5952 0.4131
vn -0.6892 0.5952 0.4131
vn -0.6359 -0.6711 0.3811
vn -0.7359 0.5136 0.4411
vn -0.5764 -0.7405 0.3455
vn -0.7755 0.4271 0.4648
vn -0.5113 -0.8029 0.3065
vn -0.8077 0.3365 0.4841
vn -0.4413 -0.8575 0.2645
vn -0.8321 0.2427 0.4987
vn -0.0421 0.9988 0.0253
vn -0.3671 -0.9038 0.2200
vn -0.8485 0.1466 0.5086
vn -0.1260 0.9892 0.0755
vn -0.2893 -0.9414 0.1734
vn -0.8567 0.0490 0.5135
vn -0.2086 0.9700 0.1251
vn -0.2086 -0.9700 0.1251
vn -0.8567 -0.0490 0.5135
vn -0.2893 0.9414 0.1734
vn -0.1260 -0.9892 0.0755
vn -0.8485 -0.1466 0.5086
vn -0.3671 0.9038 0.2200
vn -0.0421 -0.9988 0.0253
vn -0.8321 -0.2427 0.4987
vn -0.4413 0.8575 0.2645
vn -0.8077 -0.3365 0.4841
vn -0.6702 0.6711 0.3170
vn -0.7264 -0.5952 0.3436
vn -0.7264 0.5952 0.3436
vn -0.6702 -0.6711 0.3170
vn -0.7756 0.5136 0.3668
vn -0.6075 -0.7405 0.2873
vn -0.8174 0.4271 0.3866
vn -0.5389 -0.8029 0.2549
vn -0.8513 0.3365 0.4026
vn -0.4652 -0.8575 0.2200
vn -0.8770 0.2427 0.4148
vn -0.0444 0.9988 0.0210
vn -0.3869 -0.9038 0.1830
vn -0.8942 0.1466 0.4229
vn -0.1328 0.9892 0.0628
vn -0.3049 -0.9414 0.1442
vn -0.9029 0.0490 0.4270
vn -0.2199 0.9700 0.1040
vn -0.2199 -0.9700 0.1040
vn -0.9029 -0.0490 0.4270
vn -0.3049 0.9414 0.1442
vn -0.1328 -0.9892 0.0628
vn -0.8942 -0.1466 0.4229
vn -0.3869 0.9038 0.1830
vn -0.0444 -0.9988 0.0210
vn -0.8770 -0.2427 0.4148
vn -0.4652 0.8575 0.2200
vn -0.8513 -0.3365 0.4026
vn -0.5389 0.8029 0.2549
vn -0.8174 -0.4271 0.3866
vn -0.6075 0.7405 0.2873
vn -0.7756 -0.5136 0.3668
vn -0.8078 0.5136 0.2891
vn -0.6327 -0.7405 0.2264
vn -0.8513 0.4271 0.3046
vn -0.5613 -0.8029 0.2008
vn -0.8866 0.3365 0.3172
vn -0.4845 -0.8575 0.1733
vn -0.9134 0.2427 0.3268
vn -0.0462 0.9988 0.0166
vn -0.4030 -0.9038 0.1442
vn -0.9314 0.1466 0.3333
vn -0.1383 0.9892 0.0495
vn -0.3175 -0.9414 0.1136
vn -0.9404 0.0490 0.3365
vn -0.2290 0.9700 0.0820
vn -0.2290 -0.9700 0.0820
vn -0.9404 -0.0490 0.3365
vn -0.3175 0.9414 0.1136
vn -0.1383 -0.9892 0.0495
vn -0.9314 -0.1466 0.3333
vn -0.4030 0.9038 0.1442
vn -0.0462 -0.9988 0.0166
vn -0.9134 -0.2427 0.3268
vn -0.4845 0.8575 0.1733
vn -0.8866 -0.3365 0.3172
vn -0.5613 0.8029 0.2008
vn -0.8513 -0.4271 0.3046
vn -0.6327 0.7405 0.2264
vn -0.8078 -0.5136 0.2891
vn -0.6980 0.6711 0.2498
vn -0.7566 -0.5952 0.2707
vn -0.7566 0.5952 0.2707
vn -0.6980 -0.6711 0.2498
vn -0.9135 0.3365 0.2288
vn -0.4991 -0.8575 0.1250
vn -0.9410 0.2427 0.2357
vn -0.0477 0.9988 0.0119
vn -0.4152 -0.9038 0.1040
vn -0.9596 0.1466 0.2404
vn -0.1425 0.9892 0.0357
vn -0.3271 -0.9414 0.0819
vn -0.9689 0.0490 0.2427
vn -0.2360 0.9700 0.0591
vn -0.2360 -0.9700 0.0591
vn -0.9689 -0.0490 0.2427
vn -0.3271 0.9414 0.0819
vn -0.1425 -0.9892 0.0357
vn -0.9596 -0.1466 0.2404
vn -0.4152 0.9038 0.1040
vn -0.0477 -0.9988 0.0119
vn -0.9410 -0.2427 0.2357
vn -0.4991 0.8575 0.1250
vn -0.9135 -0.3365 0.2288
vn -0.5783 0.8029 0.1449
vn -0.8771 -0.4271 0.2197
vn -0.6519 0.7405 0.1633
vn -0.8323 -0.5136 0.2085
vn -0.7191 0.6711 0.1801
vn -0.7795 -0.5952 0.1952
vn -0.7795 0.5952 0.1952
vn -0.7191 -0.6711 0.1801
vn -0.8323 0.5136 0.2085
vn -0.6519 -0.7405 0.1633
vn -0.8771 0.4271 0.2197
vn -0.5783 -0.8029 0.1449
vn -0.9785 0.1466 0.1451
vn -0.1453 0.9892 0.0216
vn -0.3336 -0.9414 0.0495
vn -0.9880 0.0490 0.1466
vn -0.2406 0.9700 0.0357
vn -0.2406 -0.9700 0.0357
vn -0.9880 -0.0490 0.1466
vn -0.3336 0.9414 0.0495
vn -0.1453 -0.9892 0.0216
vn -0.9785 -0.1466 0.1451
vn -0.4233 0.9038 0.0628
vn -0.0486 -0.9988 0.0072
vn -0.9596 -0.2427 0.1423
vn -0.5090 0.8575 0.0755
vn -0.9315 -0.3365 0.1382
vn -0.5897 0.8029 0.0875
vn -0.8944 -0.4271 0.1327
vn -0.6647 0.7405 0.0986
vn -0.8487 -0.5136 0.1259
vn -0.7333 0.6711 0.1088
vn -0.7949 -0.5952 0.1179
vn -0.7949 0.5952 0.1179
vn -0.7333 -0.6711 0.1088
vn -0.8487 0.5136 0.1259
vn -0.6647 -0.7405 0.0986
vn -0.8944 0.4271 0.1327
vn -0.5897 -0.8029 0.0875
vn -0.9315 0.3365 0.1382
vn -0.5090 -0.8575 0.0755
vn -0.9596 0.2427 0.1423
vn -0.0486 0.9988 0.0072
vn -0.4233 -0.9038 0.0628
vn -0.9976 -0.0490 0.0490
vn -0.3368 0.9414 0.0165
vn -0.1467 -0.9892 0.0072
vn -0.9880 -0.1466 0.0485
vn -0.4275 0.9038 0.0210
vn -0.0491 -0.9988 0.0024
vn -0.9689 -0.2427 0.0476
vn -0.5139 0.8575 0.0252
vn -0.9405 -0.3365 0.0462
vn -0.5954 0.8029 0.0293
vn -0.9031 -0.4271 0.0444
vn -0.6712 0.7405 0.0330
vn -0.8570 -0.5136 0.0421
vn -0.7405 0.6711 0.0364
vn -0.8026 -0.5952 0.0394
vn -0.8026 0.5952 0.0394
vn -0.7405 -0.6711 0.0364
vn -0.8570 0.5136 0.0421
vn -0.6712 -0.7405 0.0330
vn -0.9031 0.4271 0.0444
vn -0.5954 -0.8029 0.0293
vn -0.9405 0.3365 0.0462
vn -0.5139 -0.8575 0.0252
vn -0.9689 0.2427 0.0476
vn -0.0491 0.9988 0.0024
vn -0.4275 -0.9038 0.0210
vn -0.9880 0.1466 0.0485
vn -0.1467 0.9892 0.0072
vn -0.3368 -0.9414 0.0165
vn -0.9976 0.0490 0.0490
vn -0.2430 0.9700 0.0119
vn -0.2430 -0.9700 0.0119
vn -0.9689 -0.2427 -0.0476
vn -0.5139 0.8575 -0.0252
vn -0.9405 -0.3365 -0.0462
vn -0.5954 0.8029 -0.0293
vn -0.9031 -0.4271 -0.0444
vn -0.6712 0.7405 -0.0330
vn -0.8570 -0.5136 -0.0421
vn -0.7405 0.6711 -0.0364
vn -0.8026 -0.5952 -0.0394
vn -0.8026 0.5952 -0.0394
vn -0.7405 -0.6711 -0.0364
vn -0.8570 0.5136 -0.0421
vn -0.6712 -0.7405 -0.0330
vn -0.9031 0.4271 -0.0444
vn -0.5954 -0.8029 -0.0293
vn -0.9405 0.3365 -0.0462
vn -0.5139 -0.8575 -0.0252
vn -0.9689 0.2427 -0.0476
vn -0.0491 0.9988 -0.0024
vn -0.4275 -0.9038 -0.0210
vn -0.9880 0.1466 -0.0485
vn -0.1467 0.9892 -0.0072
vn -0.3368 -0.9414 -0.0165
vn -0.9976 0.0490 -0.0490
vn -0.2430 0.9700 -0.0119
vn -0.2430 -0.9700 -0.0119
vn -0.9976 -0.0490 -0.0490
vn -0.3368 0.9414 -0.0165
vn -0.1467 -0.9892 -0.0072
vn -0.9880 -0.1466 -0.0485
vn -0.4275 0.9038 -0.0210
vn -0.0491 -0.9988 -0.0024
vn -0.8944 -0.4271 -0.1327
vn -0.6647 0.7405 -0.0986
vn -0.8487 -0.5136 -0.1259
vn -0.7333 0.6711 -0.1088
vn -0.7949 -0.5952 -0.1179
vn -0.7949 0.5952 -0.1179
vn -0.7333 -0.6711 -0.1088
vn -0.8487 0.5136 -0.1259
vn -0.6647 -0.7405 -0.0986
vn -0.8944 0.4271 -0.1327
vn -0.5897 -0.8029 -0.0875
vn -0.9315 0.3365 -0.1382
vn -0.5090 -0.8575 -0.0755
vn -0.9596 0.2427 -0.1423
vn -0.0486 0.9988 -0.0072
vn -0.4233 -0.9038 -0.0628
vn -0.9785 0.1466 -0.1451
vn -0.1453 0.9892 -0.0216
vn -0.3336 -0.9414 -0.0495
vn -0.9880 0.0490 -0.1466
vn -0.2406 0.9700 -0.0357
vn -0.2406 -0.9700 -0.0357
vn -0.9880 -0.0490 -0.1466
vn -0.3336 0.9414 -0.0495
vn -0.1453 -0.9892 -0.0216
vn -0.9785 -0.1466 -0.1451
vn -0.4233 0.9038 -0.0628
vn -0.0486 -0.9988 -0.0072
vn -0.9596 -0.2427 -0.1423
vn -0.5090 0.8575 -0.0755
vn -0.9315 -0.3365 -0.1382
vn -0.5897 0.8029 -0.0875
vn -0.7795 -0.5952 -0.1952
vn -0.7795 0.5952 -0.1952
vn -0.7191 -0.6711 -0.1801
vn -0.8323 0.5136 -0.2085
vn -0.6519 -0.7405 -0.1633
vn -0.8771 0.4271 -0.2197
vn -0.5783 -0.8029 -0.1449
vn -0.9135 0.3365 -0.2288
vn -0.4991 -0.8575 -0.1250
vn -0.9410 0.2427 -0.2357
vn -0.0477 0.9988 -0.0119
vn -0.4152 -0.9038 -0.1040
vn -0.9596 0.1466 -0.2404
vn -0.1425 0.9892 -0.0357
vn -0.3271 -0.9414 -0.0819
vn -0.9689 0.0490 -0.2427
vn -0.2360 0.9700 -0.0591
vn -0.2360 -0.9700 -0.0591
vn -0.9689 -0.0490 -0.2427
vn -0.3271 0.9414 -0.0819
vn -0.1425 -0.9892 -0.0357
vn -0.9596 -0.1466 -0.2404
vn -0.4152 0.9038 -0.1040
vn -0.0477 -0.9988 -0.0119
vn -0.9410 -0.2427 -0.2357
vn -0.4991 0.8575 -0.1250
vn -0.9135 -0.3365 -0.2288
vn -0.5783 0.8029 -0.1449
vn -0.8771 -0.4271 -0.2197
vn -0.6519 0.7405 -0.1633
vn -0.8323 -0.5136 -0.2085
vn -0.7191 0.6711 -0.1801
vn -0.5613 -0.8029 -0.2008
vn -0.8866 0.3365 -0.3172
vn -0.4845 -0.8575 -0.1733
vn -0.9134 0.2427 -0.3268
vn -0.0463 0.9988 -0.0166
vn -0.4030 -0.9038 -0.1442
vn -0.9314 0.1466 -0.3333
vn -0.1383 0.9892 -0.0495
vn -0.3175 -0.9414 -0.1136
vn -0.9404 0.0490 -0.3365
vn -0.2290 0.9700 -0.0820
vn -0.2290 -0.9700 -0.0820
vn -0.9404 -0.0490 -0.3365
vn -0.3175 0.9414 -0.1136
vn -0.1383 -0.9892 -0.0495
vn -0.9314 -0.1466 -0.3333
vn -0.4030 0.9038 -0.1442
vn -0.0462 -0.9988 -0.0166
vn -0.9134 -0.2427 -0.3268
vn -0.4845 0.8575 -0.1733
vn -0.8866 -0.3365 -0.3172
vn -0.5613 0.8029 -0.2008
vn -0.8513 -0.4271 -0.3046
vn -0.6327 0.7405 -0.2264
vn -0.8078 -0.5136 -0.2891
vn -0.6980 0.6711 -0.2498
vn -0.7566 -0.5952 -0.2707
vn -0.7566 0.5952 -0.2707
vn -0.6980 -0.6711 -0.2498
vn -0.8078 0.5136 -0.2891
vn -0.6327 -0.7405 -0.2264
vn -0.8513 0.4271 -0.3046
vn -0.0444 0.9988 -0.0210
vn -0.3869 -0.9038 -0.1830
vn -0.8942 0.1466 -0.4229
vn -0.1328 0.9892 -0.0628
vn -0.3049 -0.9414 -0.1442
vn -0.9029 0.0490 -0.4270
vn -0.2199 0.9700 -0.1040
vn -0.2199 -0.9700 -0.1040
vn -0.9029 -0.0490 -0.4270
vn -0.3049 0.9414 -0.1442
vn -0.1328 -0.9892 -0.0628
vn -0.8942 -0.1466 -0.4229
vn -0.3869 0.9038 -0.1830
vn -0.0444 -0.9988 -0.0210
vn -0.8770 -0.2427 -0.4148
vn -0.4652 0.8575 -0.2200
vn -0.8513 -0.3365 -0.4026
vn -0.5389 0.8029 -0.2549
vn -0.8174 -0.4271 -0.3866
vn -0.6075 0.7405 -0.2873
vn -0.7756 -0.5136 -0.3668
vn -0.6702 0.6711 -0.3170
vn -0.7264 -0.5952 -0.3436
vn -0.7264 0.5952 -0.3436
vn -0.6702 -0.6711 -0.3170
vn -0.7756 0.5136 -0.3668
vn -0.6075 -0.7405 -0.2873
vn -0.8174 0.4271 -0.3866
vn -0.5389 -0.8029 -0.2549
vn -0.8513 0.3365 -0.4026
vn -0.4652 -0.8575 -0.2200
vn -0.8770 0.2427 -0.4148
vn -0.2086 0.9700 -0.1251
vn -0.2086 -0.9700 -0.1251
vn -0.8567 -0.0490 -0.5135
vn -0.2893 0.9414 -0.1734
vn -0.1260 -0.9892 -0.0755
vn -0.8485 -0.1466 -0.5086
vn -0.3671 0.9038 -0.2200
vn -0.0421 -0.9988 -0.0253
vn -0.8321 -0.2427 -0.4987
vn -0.4413 0.8575 -0.2645
vn -0.8077 -0.3365 -0.4841
vn -0.5113 0.8029 -0.3065
vn -0.7755 -0.4271 -0.4648
vn -0.5764 0.7405 -0.3455
vn -0.7359 -0.5136 -0.4411
vn -0.6359 0.6711 -0.3811
vn -0.6892 -0.5952 -0.4131
vn -0.6892 0.5952 -0.4131
vn -0.6359 -0.6711 -0.3811
vn -0.7359 0.5136 -0.4411
vn -0.5764 -0.7405 -0.3455
vn -0.7755 0.4271 -0.4648
vn -0.5113 -0.8029 -0.3065
vn -0.8077 0.3365 -0.4841
vn -0.4413 -0.8575 -0.2645
vn -0.8321 0.2427 -0.4987
vn -0.0421 0.9988 -0.0253
vn -0.3671 -0.9038 -0.2200
vn -0.8485 0.1466 -0.5086
vn -0.1260 0.9892 -0.0755
vn -0.2893 -0.9414 -0.1734
vn -0.8567 0.0490 -0.5135
vn -0.3438 0.9038 -0.2549
vn -0.0395 -0.9988 -0.0293
vn -0.7792 -0.2427 -0.5779
vn -0.4133 0.8575 -0.3065
vn -0.7564 -0.3365 -0.5610
vn -0.4788 0.8029 -0.3551
vn -0.7263 -0.4271 -0.5386
vn -0.5398 0.7405 -0.4003
vn -0.6892 -0.5136 -0.5111
vn -0.5955 0.6711 -0.4416
vn -0.6454 -0.5952 -0.4787
vn -0.6454 0.5952 -0.4787
vn -0.5955 -0.6711 -0.4416
vn -0.6892 0.5136 -0.5111
vn -0.5398 -0.7405 -0.4003
vn -0.7263 0.4271 -0.5386
vn -0.4788 -0.8029 -0.3551
vn -0.7564 0.3365 -0.5610
vn -0.4133 -0.8575 -0.3065
vn -0.7792 0.2427 -0.5779
vn -0.0395 0.9988 -0.0293
vn -0.3438 -0.9038 -0.2549
vn -0.7945 0.1466 -0.5893
vn -0.1180 0.9892 -0.0875
vn -0.2709 -0.9414 -0.2009
vn -0.8022 0.0490 -0.5950
vn -0.1954 0.9700 -0.1449
vn -0.1954 -0.9700 -0.1449
vn -0.8022 -0.0490 -0.5950
vn -0.2709 0.9414 -0.2009
vn -0.1180 -0.9892 -0.0875
vn -0.7945 -0.1466 -0.5893
vn -0.4417 0.8029 -0.4004
vn -0.6700 -0.4271 -0.6072
vn -0.4979 0.7405 -0.4513
vn -0.6357 -0.5136 -0.5762
vn -0.5493 0.6711 -0.4979
vn -0.5954 -0.5952 -0.5396
vn -0.5954 0.5952 -0.5396
vn -0.5493 -0.6711 -0.4979
vn -0.6357 0.5136 -0.5762
vn -0.4979 -0.7405 -0.4513
vn -0.6700 0.4271 -0.6072
vn -0.4417 -0.8029 -0.4004
vn -0.6977 0.3365 -0.6324
vn -0.3813 -0.8575 -0.3456
vn -0.7188 0.2427 -0.6515
vn -0.0364 0.9988 -0.0330
vn -0.3171 -0.9038 -0.2874
vn -0.7330 0.1466 -0.6643
vn -0.1088 0.9892 -0.0987
vn -0.2499 -0.9414 -0.2265
vn -0.7401 0.0490 -0.6708
vn -0.1802 0.9700 -0.1634
vn -0.1802 -0.9700 -0.1634
vn -0.7401 -0.0490 -0.6708
vn -0.2499 0.9414 -0.2265
vn -0.1088 -0.9892 -0.0987
vn -0.7330 -0.1466 -0.6643
vn -0.3171 0.9038 -0.2874
vn -0.0364 -0.9988 -0.0330
vn -0.7188 -0.2427 -0.6515
vn -0.3813 0.8575 -0.3456
vn -0.6977 -0.3365 -0.6324
vn -0.4979 0.6711 -0.5493
vn -0.5396 -0.5952 -0.5954
vn -0.5396 0.5952 -0.5954
vn -0.4979 -0.6711 -0.5493
vn -0.5762 0.5136 -0.6357
vn -0.4513 -0.7405 -0.4979
vn -0.6072 0.4271 -0.6700
vn -0.4004 -0.8029 -0.4417
vn -0.6324 0.3365 -0.6977
vn -0.3456 -0.8575 -0.3813
vn -0.6515 0.2427 -0.7188
vn -0.0330 0.9988 -0.0364
vn -0.2874 -0.9038 -0.3171
vn -0.6643 0.1466 -0.7330
vn -0.0987 0.9892 -0.1088
vn -0.2265 -0.9414 -0.2499
vn -0.6708 0.0490 -0.7401
vn -0.1634 0.9700 -0.1802
vn -0.1634 -0.9700 -0.1802
vn -0.6708 -0.0490 -0.7401
vn -0.2265 0.9414 -0.2499
vn -0.0987 -0.9892 -0.1088
vn -0.6643 -0.1466 -0.7330
vn -0.2874 0.9038 -0.3171
vn -0.0330 -0.9988 -0.0364
vn -0.6515 -0.2427 -0.7188
vn -0.3456 0.8575 -0.3813
vn -0.6324 -0.3365 -0.6977
vn -0.4004 0.8029 -0.4417
vn -0.6072 -0.4271 -0.6700
vn -0.4513 0.7405 -0.4979
vn -0.5762 -0.5136 -0.6357
vn -0.5111 0.5136 -0.6892
vn -0.4003 -0.7405 -0.5398
vn -0.5386 0.4271 -0.7263
vn -0.3551 -0.8029 -0.4788
vn -0.5610 0.3365 -0.7564
vn -0.3065 -0.8575 -0.4133
vn -0.5779 0.2427 -0.7792
vn -0.0293 0.9988 -0.0395
vn -0.2549 -0.9038 -0.3438
vn -0.5893 0.1466 -0.7945
vn -0.0875 0.9892 -0.1180
vn -0.2009 -0.9414 -0.2709
vn -0.5950 0.0490 -0.8022
vn -0.1449 0.9700 -0.1954
vn -0.1449 -0.9700 -0.1954
vn -0.5950 -0.0490 -0.8022
vn -0.2009 0.9414 -0.2709
vn -0.0875 -0.9892 -0.1180
vn -0.5893 -0.1466 -0.7945
vn -0.2549 0.9038 -0.3438
vn -0.0293 -0.9988 -0.0395
vn -0.5779 -0.2427 -0.7792
vn -0.3065 0.8575 -0.4133
vn -0.5610 -0.3365 -0.7564
vn -0.3551 0.8029 -0.4788
vn -0.5386 -0.4271 -0.7263
vn -0.4003 0.7405 -0.5398
vn -0.5111 -0.5136 -0.6892
vn -0.4416 0.6711 -0.5955
vn -0.4787 -0.5952 -0.6454
vn -0.4787 0.5952 -0.6454
vn -0.4416 -0.6711 -0.5955
vn -0.4841 0.3365 -0.8077
vn -0.2645 -0.8575 -0.4413
vn -0.4987 0.2427 -0.8321
vn -0.0253 0.9988 -0.0421
vn -0.2200 -0.9038 -0.3671
vn -0.5086 0.1466 -0.8485
vn -0.0755 0.9892 -0.1260
vn -0.1734 -0.9414 -0.2893
vn -0.5135 0.0490 -0.8567
vn -0.1251 0.9700 -0.2086
vn -0.1251 -0.9700 -0.2086
vn -0.5135 -0.0490 -0.8567
vn -0.1734 0.9414 -0.2893
vn -0.0755 -0.9892 -0.1260
vn -0.5086 -0.1466 -0.8485
vn -0.2200 0.9038 -0.3671
vn -0.0253 -0.9988 -0.0421
vn -0.4987 -0.2427 -0.8321
vn -0.2645 0.8575 -0.4413
vn -0.4841 -0.3365 -0.8077
vn -0.3065 0.8029 -0.5113
vn -0.4648 -0.4271 -0.7755
vn -0.3455 0.7405 -0.5764
vn -0.4411 -0.5136 -0.7359
vn -0.3811 0.6711 -0.6359
vn -0.4131 -0.5952 -0.6892
vn -0.4131 0.5952 -0.6892
vn -0.3811 -0.6711 -0.6359
vn -0.4411 0.5136 -0.7359
vn -0.3455 -0.7405 -0.5764
vn -0.4648 0.4271 -0.7755
vn -0.3065 -0.8029 -0.5113
vn -0.4229 0.1466 -0.8942
vn -0.0628 0.9892 -0.1328
vn -0.1442 -0.9414 -0.3049
vn -0.4270 0.0490 -0.9029
vn -0.1040 0.9700 -0.2199
vn -0.1040 -0.9700 -0.2199
vn -0.4270 -0.0490 -0.9029
vn -0.1442 0.9414 -0.3049
vn -0.0628 -0.9892 -0.1328
vn -0.4229 -0.1466 -0.8942
vn -0.1830 0.9038 -0.3869
vn -0.0210 -0.9988 -0.0444
vn -0.4148 -0.2427 -0.8770
vn -0.2200 0.8575 -0.4652
vn -0.4026 -0.3365 -0.8513
vn -0.2549 0.8029 -0.5389
vn -0.3866 -0.4271 -0.8174
vn -0.2873 0.7405 -0.6075
vn -0.3668 -0.5136 -0.7756
vn -0.3170 0.6711 -0.6702
vn -0.3436 -0.5952 -0.7264
vn -0.3436 0.5952 -0.7264
vn -0.3170 -0.6711 -0.6702
vn -0.3668 0.5136 -0.7756
vn -0.2873 -0.7405 -0.6075
vn -0.3866 0.4271 -0.8174
vn -0.2549 -0.8029 -0.5389
vn -0.4026 0.3365 -0.8513
vn -0.2200 -0.8575 -0.4652
vn -0.4148 0.2427 -0.8770
vn -0.0210 0.9988 -0.0444
vn -0.1830 -0.9038 -0.3869
vn -0.3365 -0.0490 -0.9404
vn -0.1136 0.9414 -0.3175
vn -0.0495 -0.9892 -0.1383
vn -0.3333 -0.1466 -0.9314
vn -0.1442 0.9038 -0.4030
vn -0.0165 -0.9988 -0.0463
vn -0.3268 -0.2427 -0.9134
vn -0.1733 0.8575 -0.4845
vn -0.3172 -0.3365 -0.8866
vn -0.2008 0.8029 -0.5613
vn -0.3046 -0.4271 -0.8513
vn -0.2264 0.7405 -0.6327
vn -0.2891 -0.5136 -0.8078
vn -0.2498 0.6711 -0.6980
vn -0.2707 -0.5952 -0.7566
vn -0.2707 0.5952 -0.7566
vn -0.2498 -0.6711 -0.6980
vn -0.2891 0.5136 -0.8078
vn -0.2264 -0.7405 -0.6327
vn -0.3046 0.4271 -0.8513
vn -0.2008 -0.8029 -0.5613
vn -0.3172 0.3365 -0.8866
vn -0.1733 -0.8575 -0.4845
vn -0.3268 0.2427 -0.9134
vn -0.0165 0.9988 -0.0463
vn -0.1442 -0.9038 -0.4030
vn -0.3333 0.1466 -0.9314
vn -0.0495 0.9892 -0.1383
vn -0.1136 -0.9414 -0.3175
vn -0.3365 0.0490 -0.9404
vn -0.0819 0.9700 -0.2290
vn -0.0819 -0.9700 -0.2290
vn -0.2357 -0.2427 -0.9410
vn -0.1250 0.8575 -0.4991
vn -0.2288 -0.3365 -0.9135
vn -0.1449 0.8029 -0.5783
vn -0.2197 -0.4271 -0.8771
vn -0.1633 0.7405 -0.6519
vn -0.2085 -0.5136 -0.8323
vn -0.1801 0.6711 -0.7191
vn -0.1952 -0.5952 -0.7795
vn -0.1952 0.5952 -0.7795
vn -0.1801 -0.6711 -0.7191
vn -0.2085 0.5136 -0.8323
vn -0.1633 -0.7405 -0.6519
vn -0.2197 0.4271 -0.8771
vn -0.1449 -0.8029 -0.5783
vn -0.2288 0.3365 -0.9135
vn -0.1250 -0.8575 -0.4991
vn -0.2357 0.2427 -0.9410
vn -0.0119 0.9988 -0.0477
vn -0.1040 -0.9038 -0.4152
vn -0.2404 0.1466 -0.9596
vn -0.0357 0.9892 -0.1425
vn -0.0819 -0.9414 -0.3271
vn -0.2427 0.0490 -0.9689
vn -0.0591 0.9700 -0.2360
vn -0.0591 -0.9700 -0.2360
vn -0.2427 -0.0490 -0.9689
vn -0.0819 0.9414 -0.3271
vn -0.0357 -0.9892 -0.1425
vn -0.2404 -0.1466 -0.9596
vn -0.1040 0.9038 -0.4152
vn -0.0119 -0.9988 -0.0477
vn -0.1327 -0.4271 -0.8944
vn -0.0986 0.7405 -0.6647
vn -0.1259 -0.5136 -0.8487
vn -0.1088 0.6711 -0.7333
vn -0.1179 -0.5952 -0.7949
vn -0.1179 0.5952 -0.7949
vn -0.1088 -0.6711 -0.7333
vn -0.1259 0.5136 -0.8487
vn -0.0986 -0.7405 -0.6647
vn -0.1327 0.4271 -0.8944
vn -0.0875 -0.8029 -0.5897
vn -0.1382 0.3365 -0.9315
vn -0.0755 -0.8575 -0.5090
vn -0.1423 0.2427 -0.9596
vn -0.0072 0.9988 -0.0486
vn -0.0628 -0.9038 -0.4233
vn -0.1451 0.1466 -0.9785
vn -0.0216 0.9892 -0.1453
vn -0.0495 -0.9414 -0.3336
vn -0.1466 0.0490 -0.9880
vn -0.0357 0.9700 -0.2406
vn -0.0357 -0.9700 -0.2406
vn -0.1466 -0.0490 -0.9880
vn -0.0495 0.9414 -0.3336
vn -0.0216 -0.9892 -0.1453
vn -0.1451 -0.1466 -0.9785
vn -0.0628 0.9038 -0.4233
vn -0.0072 -0.9988 -0.0486
vn -0.1423 -0.2427 -0.9596
vn -0.0755 0.8575 -0.5090
vn -0.1382 -0.3365 -0.9315
vn -0.0875 0.8029 -0.5897
vn -0.0394 -0.5952 -0.8026
vn -0.0394 0.5952 -0.8026
vn -0.0364 -0.6711 -0.7405
vn -0.0421 0.5136 -0.8570
vn -0.0330 -0.7405 -0.6712
vn -0.0444 0.4271 -0.9031
vn -0.0293 -0.8029 -0.5954
vn -0.0462 0.3365 -0.9405
vn -0.0252 -0.8575 -0.5139
vn -0.0476 0.2427 -0.9689
vn -0.0024 0.9988 -0.0491
vn -0.0210 -0.9038 -0.4275
vn -0.0485 0.1466 -0.9880
vn -0.0072 0.9892 -0.1467
vn -0.0165 -0.9414 -0.3368
vn -0.0490 0.0490 -0.9976
vn -0.0119 0.9700 -0.2430
vn -0.0119 -0.9700 -0.2430
vn -0.0490 -0.0490 -0.9976
vn -0.0165 0.9414 -0.3368
vn -0.0072 -0.9892 -0.1467
vn -0.0485 -0.1466 -0.9880
vn -0.0210 0.9038 -0.4275
vn -0.0024 -0.9988 -0.0491
vn -0.0476 -0.2427 -0.9689
vn -0.0252 0.8575 -0.5139
vn -0.0462 -0.3365 -0.9405
vn -0.0293 0.8029 -0.5954
vn -0.0444 -0.4271 -0.9031
vn -0.0330 0.7405 -0.6712
vn -0.0421 -0.5136 -0.8570
vn -0.0364 0.6711 -0.7405
vt 0.750000 0.593750
vt 0.750000 0.625000
vt 0.734375 0.625000
vt 0.734375 0.593750
vt 0.750000 0.156250
vt 0.750000 0.187500
vt 0.734375 0.187500
vt 0.734375 0.156250
vt 0.750000 0.562500
vt 0.734375 0.562500
vt 0.750000 0.968750
vt 0.742188 1.000000
vt 0.734375 0.968750
vt 0.750000 0.125000
vt 0.734375 0.125000
vt 0.750000 0.531250
vt 0.734375 0.531250
vt 0.750000 0.937500
vt 0.734375 0.937500
vt 0.750000 0.093750
vt 0.734375 0.093750
vt 0.750000 0.500000
vt 0.734375 0.500000
vt 0.750000 0.906250
vt 0.734375 0.906250
vt 0.750000 0.062500
vt 0.734375 0.062500
vt 0.750000 0.468750
vt 0.734375 0.468750
vt 0.750000 0.875000
vt 0.734375 0.875000
vt 0.750000 0.031250
vt 0.734375 0.031250
vt 0.750000 0.437500
vt 0.734375 0.437500
vt 0.750000 0.843750
vt 0.734375 0.843750
vt 0.742188 0.000000
vt 0.750000 0.406250
vt 0.734375 0.406250
vt 0.750000 0.812500
vt 0.734375 0.812500
vt 0.750000 0.375000
vt 0.734375 0.375000
vt 0.750000 0.781250
vt 0.734375 0.781250
vt 0.750000 0.343750
vt 0.734375 0.343750
vt 0.750000 0.750000
vt 0.734375 0.750000
vt 0.750000 0.312500
vt 0.734375 0.312500
vt 0.750000 0.718750
vt 0.734375 0.718750
vt 0.750000 0.281250
vt 0.734375 0.281250
vt 0.750000 0.687500
vt 0.734375 0.687500
vt 0.750000 0.250000
vt 0.734375 0.250000
vt 0.750000 0.656250
vt 0.734375 0.656250
vt 0.750000 0.218750
vt 0.734375 0.218750
vt 0.718750 0.781250
vt 0.718750 0.750000
vt 0.718750 0.343750
vt 0.718750 0.312500
vt 0.718750 0.718750
vt 0.718750 0.281250
vt 0.718750 0.687500
vt 0.718750 0.250000
vt 0.718750 0.656250
vt 0.718750 0.218750
vt 0.718750 0.625000
vt 0.718750 0.187500
vt 0.718750 0.593750
vt 0.718750 0.156250
vt 0.718750 0.562500
vt 0.726562 1.000000
vt 0.718750 0.968750
vt 0.718750 0.125000
vt 0.718750 0.531250
vt 0.718750 0.937500
vt 0.718750 0.093750
vt 0.718750 0.500000
vt 0.718750 0.906250
vt 0.718750 0.062500
vt 0.718750 0.468750
vt 0.718750 0.875000
vt 0.718750 0.031250
vt 0.718750 0.437500
vt 0.718750 0.843750
vt 0.726562 0.000000
vt 0.718750 0.406250
vt 0.718750 0.812500
vt 0.718750 0.375000
vt 0.703125 0.718750
vt 0.703125 0.687500
vt 0.703125 0.281250
vt 0.703125 0.250000
vt 0.703125 0.656250
vt 0.703125 0.218750
vt 0.703125 0.625000
vt 0.703125 0.187500
vt 0.703125 0.593750
vt 0.703125 0.156250
vt 0.703125 0.562500
vt 0.710938 1.000000
vt 0.703125 0.968750
vt 0.703125 0.125000
vt 0.703125 0.531250
vt 0.703125 0.937500
vt 0.703125 0.093750
vt 0.703125 0.500000
vt 0.703125 0.906250
vt 0.703125 0.062500
vt 0.703125 0.468750
vt 0.703125 0.875000
vt 0.703125 0.031250
vt 0.703125 0.437500
vt 0.703125 0.843750
vt 0.710938 0.000000
vt 0.703125 0.406250
vt 0.703125 0.812500
vt 0.703125 0.375000
vt 0.703125 0.781250
vt 0.703125 0.343750
vt 0.703125 0.750000
vt 0.703125 0.312500
vt 0.687500 0.656250
vt 0.687500 0.625000
vt 0.687500 0.218750
vt 0.687500 0.187500
vt 0.687500 0.593750
vt 0.687500 0.156250
vt 0.687500 0.562500
vt 0.695312 1.000000
vt 0.687500 0.968750
vt 0.687500 0.125000
vt 0.687500 0.531250
vt 0.687500 0.937500
vt 0.687500 0.093750
vt 0.687500 0.500000
vt 0.687500 0.906250
vt 0.687500 0.062500
vt 0.687500 0.468750
vt 0.687500 0.875000
vt 0.687500 0.031250
vt 0.687500 0.437500
vt 0.687500 0.843750
vt 0.695312 0.000000
vt 0.687500 0.406250
vt 0.687500 0.812500
vt 0.687500 0.375000
vt 0.687500 0.781250
vt 0.687500 0.343750
vt 0.687500 0.750000
vt 0.687500 0.312500
vt 0.687500 0.718750
vt 0.687500 0.281250
vt 0.687500 0.687500
vt 0.687500 0.250000
vt 0.671875 0.593750
vt 0.671875 0.562500
vt 0.679688 1.000000
vt 0.671875 0.968750
vt 0.671875 0.156250
vt 0.671875 0.125000
vt 0.671875 0.531250
vt 0.671875 0.937500
vt 0.671875 0.093750
vt 0.671875 0.500000
vt 0.671875 0.906250
vt 0.671875 0.062500
vt 0.671875 0.468750
vt 0.671875 0.875000
vt 0.671875 0.031250
vt 0.671875 0.437500
vt 0.671875 0.843750
vt 0.679688 0.000000
vt 0.671875 0.406250
vt 0.671875 0.812500
vt 0.671875 0.375000
vt 0.671875 0.781250
vt 0.671875 0.343750
vt 0.671875 0.750000
vt 0.671875 0.312500
vt 0.671875 0.718750
vt 0.671875 0.281250
vt 0.671875 0.687500
vt 0.671875 0.250000
vt 0.671875 0.656250
vt 0.671875 0.218750
vt 0.671875 0.625000
vt 0.671875 0.187500
vt 0.656250 0.531250
vt 0.656250 0.500000
vt 0.656250 0.937500
vt 0.656250 0.906250
vt 0.656250 0.093750
vt 0.656250 0.062500
vt 0.656250 0.468750
vt 0.656250 0.875000
vt 0.656250 0.031250
vt 0.656250 0.437500
vt 0.656250 0.843750
vt 0.664062 0.000000
vt 0.656250 0.406250
vt 0.656250 0.812500
vt 0.656250 0.375000
vt 0.656250 0.781250
vt 0.656250 0.343750
vt 0.656250 0.750000
vt 0.656250 0.312500
vt 0.656250 0.718750
vt 0.656250 0.281250
vt 0.656250 0.687500
vt 0.656250 0.250000
vt 0.656250 0.656250
vt 0.656250 0.218750
vt 0.656250 0.625000
vt 0.656250 0.187500
vt 0.656250 0.593750
vt 0.656250 0.156250
vt 0.656250 0.562500
vt 0.664062 1.000000
vt 0.656250 0.968750
vt 0.656250 0.125000
vt 0.640625 0.468750
vt 0.640625 0.437500
vt 0.640625 0.875000
vt 0.640625 0.843750
vt 0.648438 0.000000
vt 0.640625 0.031250
vt 0.640625 0.406250
vt 0.640625 0.812500
vt 0.640625 0.375000
vt 0.640625 0.781250
vt 0.640625 0.343750
vt 0.640625 0.750000
vt 0.640625 0.312500
vt 0.640625 0.718750
vt 0.640625 0.281250
vt 0.640625 0.687500
vt 0.640625 0.250000
vt 0.640625 0.656250
vt 0.640625 0.218750
vt 0.640625 0.625000
vt 0.640625 0.187500
vt 0.640625 0.593750
vt 0.640625 0.156250
vt 0.640625 0.562500
vt 0.648438 1.000000
vt 0.640625 0.968750
vt 0.640625 0.125000
vt 0.640625 0.531250
vt 0.640625 0.937500
vt 0.640625 0.093750
vt 0.640625 0.500000
vt 0.640625 0.906250
vt 0.640625 0.062500
vt 0.625000 0.406250
vt 0.625000 0.375000
vt 0.625000 0.812500
vt 0.625000 0.781250
vt 0.625000 0.343750
vt 0.625000 0.750000
vt 0.625000 0.312500
vt 0.625000 0.718750
vt 0.625000 0.281250
vt 0.625000 0.687500
vt 0.625000 0.250000
vt 0.625000 0.656250
vt 0.625000 0.218750
vt 0.625000 0.625000
vt 0.625000 0.187500
vt 0.625000 0.593750
vt 0.625000 0.156250
vt 0.625000 0.562500
vt 0.632812 1.000000
vt 0.625000 0.968750
vt 0.625000 0.125000
vt 0.625000 0.531250
vt 0.625000 0.937500
vt 0.625000 0.093750
vt 0.625000 0.500000
vt 0.625000 0.906250
vt 0.625000 0.062500
vt 0.625000 0.468750
vt 0.625000 0.875000
vt 0.625000 0.031250
vt 0.625000 0.437500
vt 0.625000 0.843750
vt 0.632812 0.000000
vt 0.609375 0.343750
vt 0.609375 0.312500
vt 0.609375 0.750000
vt 0.609375 0.718750
vt 0.609375 0.281250
vt 0.609375 0.687500
vt 0.609375 0.250000
vt 0.609375 0.656250
vt 0.609375 0.218750
vt 0.609375 0.625000
vt 0.609375 0.187500
vt 0.609375 0.593750
vt 0.609375 0.156250
vt 0.609375 0.562500
vt 0.617188 1.000000
vt 0.609375 0.968750
vt 0.609375 0.125000
vt 0.609375 0.531250
vt 0.609375 0.937500
vt 0.609375 0.093750
vt 0.609375 0.500000
vt 0.609375 0.906250
vt 0.609375 0.062500
vt 0.609375 0.468750
vt 0.609375 0.875000
vt 0.609375 0.031250
vt 0.609375 0.437500
vt 0.609375 0.843750
vt 0.617188 0.000000
vt 0.609375 0.406250
vt 0.609375 0.812500
vt 0.609375 0.375000
vt 0.609375 0.781250
vt 0.593750 0.281250
vt 0.593750 0.250000
vt 0.593750 0.687500
vt 0.593750 0.656250
vt 0.593750 0.218750
vt 0.593750 0.625000
vt 0.593750 0.187500
vt 0.593750 0.593750
vt 0.593750 0.156250
vt 0.593750 0.562500
vt 0.601562 1.000000
vt 0.593750 0.968750
vt 0.593750 0.125000
vt 0.593750 0.531250
vt 0.593750 0.937500
vt 0.593750 0.093750
vt 0.593750 0.500000
vt 0.593750 0.906250
vt 0.593750 0.062500
vt 0.593750 0.468750
vt 0.593750 0.875000
vt 0.593750 0.031250
vt 0.593750 0.437500
vt 0.593750 0.843750
vt 0.601562 0.000000
vt 0.593750 0.406250
vt 0.593750 0.812500
vt 0.593750 0.375000
vt 0.593750 0.781250
vt 0.593750 0.343750
vt 0.593750 0.750000
vt 0.593750 0.312500
vt 0.593750 0.718750
vt 0.578125 0.218750
vt 0.578125 0.187500
vt 0.578125 0.625000
vt 0.578125 0.593750
vt 0.578125 0.156250
vt 0.578125 0.562500
vt 0.585938 1.000000
vt 0.578125 0.968750
vt 0.578125 0.125000
vt 0.578125 0.531250
vt 0.578125 0.937500
vt 0.578125 0.093750
vt 0.578125 0.500000
vt 0.578125 0.906250
vt 0.578125 0.062500
vt 0.578125 0.468750
vt 0.578125 0.875000
vt 0.578125 0.031250
vt 0.578125 0.437500
vt 0.578125 0.843750
vt 0.585938 0.000000
vt 0.578125 0.406250
vt 0.578125 0.812500
vt 0.578125 0.375000
vt 0.578125 0.781250
vt 0.578125 0.343750
vt 0.578125 0.750000
vt 0.578125 0.312500
vt 0.578125 0.718750
vt 0.578125 0.281250
vt 0.578125 0.687500
vt 0.578125 0.250000
vt 0.578125 0.656250
vt 0.570312 1.000000
vt 0.562500 0.968750
vt 0.562500 0.156250
vt 0.562500 0.125000
vt 0.562500 0.562500
vt 0.562500 0.531250
vt 0.562500 0.937500
vt 0.562500 0.093750
vt 0.562500 0.500000
vt 0.562500 0.906250
vt 0.562500 0.062500
vt 0.562500 0.468750
vt 0.562500 0.875000
vt 0.562500 0.031250
vt 0.562500 0.437500
vt 0.562500 0.843750
vt 0.570312 0.000000
vt 0.562500 0.406250
vt 0.562500 0.812500
vt 0.562500 0.375000
vt 0.562500 0.781250
vt 0.562500 0.343750
vt 0.562500 0.750000
vt 0.562500 0.312500
vt 0.562500 0.718750
vt 0.562500 0.281250
vt 0.562500 0.687500
vt 0.562500 0.250000
vt 0.562500 0.656250
vt 0.562500 0.218750
vt 0.562500 0.625000
vt 0.562500 0.187500
vt 0.562500 0.593750
vt 0.546875 0.937500
vt 0.546875 0.906250
vt 0.546875 0.093750
vt 0.546875 0.062500
vt 0.546875 0.500000
vt 0.546875 0.468750
vt 0.546875 0.875000
vt 0.546875 0.031250
vt 0.546875 0.437500
vt 0.546875 0.843750
vt 0.554688 0.000000
vt 0.546875 0.406250
vt 0.546875 0.812500
vt 0.546875 0.375000
vt 0.546875 0.781250
vt 0.546875 0.343750
vt 0.546875 0.750000
vt 0.546875 0.312500
vt 0.546875 0.718750
vt 0.546875 0.281250
vt 0.546875 0.687500
vt 0.546875 0.250000
vt 0.546875 0.656250
vt 0.546875 0.218750
vt 0.546875 0.625000
vt 0.546875 0.187500
vt 0.546875 0.593750
vt 0.546875 0.156250
vt 0.546875 0.562500
vt 0.554688 1.000000
vt 0.546875 0.968750
vt 0.546875 0.125000
vt 0.546875 0.531250
vt 0.531250 0.875000
vt 0.531250 0.843750
vt 0.539062 0.000000
vt 0.531250 0.031250
vt 0.531250 0.437500
vt 0.531250 0.406250
vt 0.531250 0.812500
vt 0.531250 0.375000
vt 0.531250 0.781250
vt 0.531250 0.343750
vt 0.531250 0.750000
vt 0.531250 0.312500
vt 0.531250 0.718750
vt 0.531250 0.281250
vt 0.531250 0.687500
vt 0.531250 0.250000
vt 0.531250 0.656250
vt 0.531250 0.218750
vt 0.531250 0.625000
vt 0.531250 0.187500
vt 0.531250 0.593750
vt 0.531250 0.156250
vt 0.531250 0.562500
vt 0.539062 1.000000
vt 0.531250 0.968750
vt 0.531250 0.125000
vt 0.531250 0.531250
vt 0.531250 0.937500
vt 0.531250 0.093750
vt 0.531250 0.500000
vt 0.531250 0.906250
vt 0.531250 0.062500
vt 0.531250 0.468750
vt 0.515625 0.812500
vt 0.515625 0.781250
vt 0.515625 0.375000
vt 0.515625 0.343750
vt 0.515625 0.750000
vt 0.515625 0.312500
vt 0.515625 0.718750
vt 0.515625 0.281250
vt 0.515625 0.687500
vt 0.515625 0.250000
vt 0.515625 0.656250
vt 0.515625 0.218750
vt 0.515625 0.625000
vt 0.515625 0.187500
vt 0.515625 0.593750
vt 0.515625 0.156250
vt 0.515625 0.562500
vt 0.523438 1.000000
vt 0.515625 0.968750
vt 0.515625 0.125000
vt 0.515625 0.531250
vt 0.515625 0.937500
vt 0.515625 0.093750
vt 0.515625 0.500000
vt 0.515625 0.906250
vt 0.515625 0.062500
vt 0.515625 0.468750
vt 0.515625 0.875000
vt 0.515625 0.031250
vt 0.515625 0.437500
vt 0.515625 0.843750
vt 0.523438 0.000000
vt 0.515625 0.406250
vt 0.500000 0.750000
vt 0.500000 0.718750
vt 0.500000 0.312500
vt 0.500000 0.281250
vt 0.500000 0.687500
vt 0.500000 0.250000
vt 0.500000 0.656250
vt 0.500000 0.218750
vt 0.500000 0.625000
vt 0.500000 0.187500
vt 0.500000 0.593750
vt 0.500000 0.156250
vt 0.500000 0.562500
vt 0.507812 1.000000
vt 0.500000 0.968750
vt 0.500000 0.125000
vt 0.500000 0.531250
vt 0.500000 0.937500
vt 0.500000 0.093750
vt 0.500000 0.500000
vt 0.500000 0.906250
vt 0.500000 0.062500
vt 0.500000 0.468750
vt 0.500000 0.875000
vt 0.500000 0.031250
vt 0.500000 0.437500
vt 0.500000 0.843750
vt 0.507812 0.000000
vt 0.500000 0.406250
vt 0.500000 0.812500
vt 0.500000 0.375000
vt 0.500000 0.781250
vt 0.500000 0.343750
vt 0.484375 0.687500
vt 0.484375 0.656250
vt 0.484375 0.250000
vt 0.484375 0.218750
vt 0.484375 0.625000
vt 0.484375 0.187500
vt 0.484375 0.593750
vt 0.484375 0.156250
vt 0.484375 0.562500
vt 0.492188 1.000000
vt 0.484375 0.968750
vt 0.484375 0.125000
vt 0.484375 0.531250
vt 0.484375 0.937500
vt 0.484375 0.093750
vt 0.484375 0.500000
vt 0.484375 0.906250
vt 0.484375 0.062500
vt 0.484375 0.468750
vt 0.484375 0.875000
vt 0.484375 0.031250
vt 0.484375 0.437500
vt 0.484375 0.843750
vt 0.492188 0.000000
vt 0.484375 0.406250
vt 0.484375 0.812500
vt 0.484375 0.375000
vt 0.484375 0.781250
vt 0.484375 0.343750
vt 0.484375 0.750000
vt 0.484375 0.312500
vt 0.484375 0.718750
vt 0.484375 0.281250
vt 0.468750 0.625000
vt 0.468750 0.593750
vt 0.468750 0.187500
vt 0.468750 0.156250
vt 0.468750 0.562500
vt 0.476562 1.000000
vt 0.468750 0.968750
vt 0.468750 0.125000
vt 0.468750 0.531250
vt 0.468750 0.937500
vt 0.468750 0.093750
vt 0.468750 0.500000
vt 0.468750 0.906250
vt 0.468750 0.062500
vt 0.468750 0.468750
vt 0.468750 0.875000
vt 0.468750 0.031250
vt 0.468750 0.437500
vt 0.468750 0.843750
vt 0.476562 0.000000
vt 0.468750 0.406250
vt 0.468750 0.812500
vt 0.468750 0.375000
vt 0.468750 0.781250
vt 0.468750 0.343750
vt 0.468750 0.750000
vt 0.468750 0.312500
vt 0.468750 0.718750
vt 0.468750 0.281250
vt 0.468750 0.687500
vt 0.468750 0.250000
vt 0.468750 0.656250
vt 0.468750 0.218750
vt 0.453125 0.562500
vt 0.453125 0.531250
vt 0.453125 0.968750
vt 0.453125 0.937500
vt 0.453125 0.125000
vt 0.453125 0.093750
vt 0.453125 0.500000
vt 0.453125 0.906250
vt 0.453125 0.062500
vt 0.453125 0.468750
vt 0.453125 0.875000
vt 0.453125 0.031250
vt 0.453125 0.437500
vt 0.453125 0.843750
vt 0.460938 0.000000
vt 0.453125 0.406250
vt 0.453125 0.812500
vt 0.453125 0.375000
vt 0.453125 0.781250
vt 0.453125 0.343750
vt 0.453125 0.750000
vt 0.453125 0.312500
vt 0.453125 0.718750
vt 0.453125 0.281250
vt 0.453125 0.687500
vt 0.453125 0.250000
vt 0.453125 0.656250
vt 0.453125 0.218750
vt 0.453125 0.625000
vt 0.453125 0.187500
vt 0.453125 0.593750
vt 0.453125 0.156250
vt 0.460938 1.000000
vt 0.437500 0.500000
vt 0.437500 0.468750
vt 0.437500 0.906250
vt 0.437500 0.875000
vt 0.437500 0.062500
vt 0.437500 0.031250
vt 0.437500 0.437500
vt 0.437500 0.843750
vt 0.445312 0.000000
vt 0.437500 0.406250
vt 0.437500 0.812500
vt 0.437500 0.375000
vt 0.437500 0.781250
vt 0.437500 0.343750
vt 0.437500 0.750000
vt 0.437500 0.312500
vt 0.437500 0.718750
vt 0.437500 0.281250
vt 0.437500 0.687500
vt 0.437500 0.250000
vt 0.437500 0.656250
vt 0.437500 0.218750
vt 0.437500 0.625000
vt 0.437500 0.187500
vt 0.437500 0.593750
vt 0.437500 0.156250
vt 0.437500 0.562500
vt 0.445312 1.000000
vt 0.437500 0.968750
vt 0.437500 0.125000
vt 0.437500 0.531250
vt 0.437500 0.937500
vt 0.437500 0.093750
vt 0.421875 0.437500
vt 0.421875 0.406250
vt 0.421875 0.843750
vt 0.421875 0.812500
vt 0.421875 0.375000
vt 0.421875 0.781250
vt 0.421875 0.343750
vt 0.421875 0.750000
vt 0.421875 0.312500
vt 0.421875 0.718750
vt 0.421875 0.281250
vt 0.421875 0.687500
vt 0.421875 0.250000
vt 0.421875 0.656250
vt 0.421875 0.218750
vt 0.421875 0.625000
vt 0.421875 0.187500
vt 0.421875 0.593750
vt 0.421875 0.156250
vt 0.421875 0.562500
vt 0.429688 1.000000
vt 0.421875 0.968750
vt 0.421875 0.125000
vt 0.421875 0.531250
vt 0.421875 0.937500
vt 0.421875 0.093750
vt 0.421875 0.500000
vt 0.421875 0.906250
vt 0.421875 0.062500
vt 0.421875 0.468750
vt 0.421875 0.875000
vt 0.421875 0.031250
vt 0.429688 0.000000
vt 0.406250 0.375000
vt 0.406250 0.343750
vt 0.406250 0.781250
vt 0.406250 0.750000
vt 0.406250 0.312500
vt 0.406250 0.718750
vt 0.406250 0.281250
vt 0.406250 0.687500
vt 0.406250 0.250000
vt 0.406250 0.656250
vt 0.406250 0.218750
vt 0.406250 0.625000
vt 0.406250 0.187500
vt 0.406250 0.593750
vt 0.406250 0.156250
vt 0.406250 0.562500
vt 0.414062 1.000000
vt 0.406250 0.968750
vt 0.406250 0.125000
vt 0.406250 0.531250
vt 0.406250 0.937500
vt 0.406250 0.093750
vt 0.406250 0.500000
vt 0.406250 0.906250
vt 0.406250 0.062500
vt 0.406250 0.468750
vt 0.406250 0.875000
vt 0.406250 0.031250
vt 0.406250 0.437500
vt 0.406250 0.843750
vt 0.414062 0.000000
vt 0.406250 0.406250
vt 0.406250 0.812500
vt 0.390625 0.312500
vt 0.390625 0.281250
vt 0.390625 0.718750
vt 0.390625 0.687500
vt 0.390625 0.250000
vt 0.390625 0.656250
vt 0.390625 0.218750
vt 0.390625 0.625000
vt 0.390625 0.187500
vt 0.390625 0.593750
vt 0.390625 0.156250
vt 0.390625 0.562500
vt 0.398438 1.000000
vt 0.390625 0.968750
vt 0.390625 0.125000
vt 0.390625 0.531250
vt 0.390625 0.937500
vt 0.390625 0.093750
vt 0.390625 0.500000
vt 0.390625 0.906250
vt 0.390625 0.062500
vt 0.390625 0.468750
vt 0.390625 0.875000
vt 0.390625 0.031250
vt 0.390625 0.437500
vt 0.390625 0.843750
vt 0.398438 0.000000
vt 0.390625 0.406250
vt 0.390625 0.812500
vt 0.390625 0.375000
vt 0.390625 0.781250
vt 0.390625 0.343750
vt 0.390625 0.750000
vt 0.375000 0.250000
vt 0.375000 0.218750
vt 0.375000 0.656250
vt 0.375000 0.625000
vt 0.375000 0.187500
vt 0.375000 0.593750
vt 0.375000 0.156250
vt 0.375000 0.562500
vt 0.382812 1.000000
vt 0.375000 0.968750
vt 0.375000 0.125000
vt 0.375000 0.531250
vt 0.375000 0.937500
vt 0.375000 0.093750
vt 0.375000 0.500000
vt 0.375000 0.906250
vt 0.375000 0.062500
vt 0.375000 0.468750
vt 0.375000 0.875000
vt 0.375000 0.031250
vt 0.375000 0.437500
vt 0.375000 0.843750
vt 0.382812 0.000000
vt 0.375000 0.406250
vt 0.375000 0.812500
vt 0.375000 0.375000
vt 0.375000 0.781250
vt 0.375000 0.343750
vt 0.375000 0.750000
vt 0.375000 0.312500
vt 0.375000 0.718750
vt 0.375000 0.281250
vt 0.375000 0.687500
vt 0.359375 0.187500
vt 0.359375 0.156250
vt 0.359375 0.593750
vt 0.359375 0.562500
vt 0.367188 1.000000
vt 0.359375 0.968750
vt 0.359375 0.125000
vt 0.359375 0.531250
vt 0.359375 0.937500
vt 0.359375 0.093750
vt 0.359375 0.500000
vt 0.359375 0.906250
vt 0.359375 0.062500
vt 0.359375 0.468750
vt 0.359375 0.875000
vt 0.359375 0.031250
vt 0.359375 0.437500
vt 0.359375 0.843750
vt 0.367188 0.000000
vt 0.359375 0.406250
vt 0.359375 0.812500
vt 0.359375 0.375000
vt 0.359375 0.781250
vt 0.359375 0.343750
vt 0.359375 0.750000
vt 0.359375 0.312500
vt 0.359375 0.718750
vt 0.359375 0.281250
vt 0.359375 0.687500
vt 0.359375 0.250000
vt 0.359375 0.656250
vt 0.359375 0.218750
vt 0.359375 0.625000
vt 0.343750 0.125000
vt 0.343750 0.093750
vt 0.343750 0.531250
vt 0.343750 0.500000
vt 0.343750 0.937500
vt 0.343750 0.906250
vt 0.343750 0.062500
vt 0.343750 0.468750
vt 0.343750 0.875000
vt 0.343750 0.031250
vt 0.343750 0.437500
vt 0.343750 0.843750
vt 0.351562 0.000000
vt 0.343750 0.406250
vt 0.343750 0.812500
vt 0.343750 0.375000
vt 0.343750 0.781250
vt 0.343750 0.343750
vt 0.343750 0.750000
vt 0.343750 0.312500
vt 0.343750 0.718750
vt 0.343750 0.281250
vt 0.343750 0.687500
vt 0.343750 0.250000
vt 0.343750 0.656250
vt 0.343750 0.218750
vt 0.343750 0.625000
vt 0.343750 0.187500
vt 0.343750 0.593750
vt 0.343750 0.156250
vt 0.343750 0.562500
vt 0.351562 1.000000
vt 0.343750 0.968750
vt 0.328125 0.562500
vt 0.328125 0.531250
vt 0.328125 0.968750
vt 0.328125 0.937500
vt 0.328125 0.125000
vt 0.328125 0.093750
vt 0.328125 0.500000
vt 0.328125 0.906250
vt 0.328125 0.062500
vt 0.328125 0.468750
vt 0.328125 0.875000
vt 0.328125 0.031250
vt 0.328125 0.437500
vt 0.328125 0.843750
vt 0.335937 0.000000
vt 0.328125 0.406250
vt 0.328125 0.812500
vt 0.328125 0.375000
vt 0.328125 0.781250
vt 0.328125 0.343750
vt 0.328125 0.750000
vt 0.328125 0.312500
vt 0.328125 0.718750
vt 0.328125 0.281250
vt 0.328125 0.687500
vt 0.328125 0.250000
vt 0.328125 0.656250
vt 0.328125 0.218750
vt 0.328125 0.625000
vt 0.328125 0.187500
vt 0.328125 0.593750
vt 0.328125 0.156250
vt 0.335937 1.000000
vt 0.312500 0.500000
vt 0.312500 0.468750
vt 0.312500 0.906250
vt 0.312500 0.875000
vt 0.312500 0.062500
vt 0.312500 0.031250
vt 0.312500 0.437500
vt 0.312500 0.843750
vt 0.320312 0.000000
vt 0.312500 0.406250
vt 0.312500 0.812500
vt 0.312500 0.375000
vt 0.312500 0.781250
vt 0.312500 0.343750
vt 0.312500 0.750000
vt 0.312500 0.312500
vt 0.312500 0.718750
vt 0.312500 0.281250
vt 0.312500 0.687500
vt 0.312500 0.250000
vt 0.312500 0.656250
vt 0.312500 0.218750
vt 0.312500 0.625000
vt 0.312500 0.187500
vt 0.312500 0.593750
vt 0.312500 0.156250
vt 0.312500 0.562500
vt 0.320312 1.000000
vt 0.312500 0.968750
vt 0.312500 0.125000
vt 0.312500 0.531250
vt 0.312500 0.937500
vt 0.312500 0.093750
vt 0.296875 0.437500
vt 0.296875 0.406250
vt 0.296875 0.843750
vt 0.296875 0.812500
vt 0.296875 0.375000
vt 0.296875 0.781250
vt 0.296875 0.343750
vt 0.296875 0.750000
vt 0.296875 0.312500
vt 0.296875 0.718750
vt 0.296875 0.281250
vt 0.296875 0.687500
vt 0.296875 0.250000
vt 0.296875 0.656250
vt 0.296875 0.218750
vt 0.296875 0.625000
vt 0.296875 0.187500
vt 0.296875 0.593750
vt 0.296875 0.156250
vt 0.296875 0.562500
vt 0.304688 1.000000
vt 0.296875 0.968750
vt 0.296875 0.125000
vt 0.296875 0.531250
vt 0.296875 0.937500
vt 0.296875 0.093750
vt 0.296875 0.500000
vt 0.296875 0.906250
vt 0.296875 0.062500
vt 0.296875 0.468750
vt 0.296875 0.875000
vt 0.296875 0.031250
vt 0.304688 0.000000
vt 0.281250 0.375000
vt 0.281250 0.343750
vt 0.281250 0.781250
vt 0.281250 0.750000
vt 0.281250 0.312500
vt 0.281250 0.718750
vt 0.281250 0.281250
vt 0.281250 0.687500
vt 0.281250 0.250000
vt 0.281250 0.656250
vt 0.281250 0.218750
vt 0.281250 0.625000
vt 0.281250 0.187500
vt 0.281250 0.593750
vt 0.281250 0.156250
vt 0.281250 0.562500
vt 0.289062 1.000000
vt 0.281250 0.968750
vt 0.281250 0.125000
vt 0.281250 0.531250
vt 0.281250 0.937500
vt 0.281250 0.093750
vt 0.281250 0.500000
vt 0.281250 0.906250
vt 0.281250 0.062500
vt 0.281250 0.468750
vt 0.281250 0.875000
vt 0.281250 0.031250
vt 0.281250 0.437500
vt 0.281250 0.843750
vt 0.289062 0.000000
vt 0.281250 0.406250
vt 0.281250 0.812500
vt 0.265625 0.312500
vt 0.265625 0.281250
vt 0.265625 0.718750
vt 0.265625 0.687500
vt 0.265625 0.250000
vt 0.265625 0.656250
vt 0.265625 0.218750
vt 0.265625 0.625000
vt 0.265625 0.187500
vt 0.265625 0.593750
vt 0.265625 0.156250
vt 0.265625 0.562500
vt 0.273438 1.000000
vt 0.265625 0.968750
vt 0.265625 0.125000
vt 0.265625 0.531250
vt 0.265625 0.937500
vt 0.265625 0.093750
vt 0.265625 0.500000
vt 0.265625 0.906250
vt 0.265625 0.062500
vt 0.265625 0.468750
vt 0.265625 0.875000
vt 0.265625 0.031250
vt 0.265625 0.437500
vt 0.265625 0.843750
vt 0.273438 0.000000
vt 0.265625 0.406250
vt 0.265625 0.812500
vt 0.265625 0.375000
vt 0.265625 0.781250
vt 0.265625 0.343750
vt 0.265625 0.750000
vt 0.250000 0.250000
vt 0.250000 0.218750
vt 0.250000 0.656250
vt 0.250000 0.625000
vt 0.250000 0.187500
vt 0.250000 0.593750
vt 0.250000 0.156250
vt 0.250000 0.562500
vt 0.257812 1.000000
vt 0.250000 0.968750
vt 0.250000 0.125000
vt 0.250000 0.531250
vt 0.250000 0.937500
vt 0.250000 0.093750
vt 0.250000 0.500000
vt 0.250000 0.906250
vt 0.250000 0.062500
vt 0.250000 0.468750
vt 0.250000 0.875000
vt 0.250000 0.031250
vt 0.250000 0.437500
vt 0.250000 0.843750
vt 0.257812 0.000000
vt 0.250000 0.406250
vt 0.250000 0.812500
vt 0.250000 0.375000
vt 0.250000 0.781250
vt 0.250000 0.343750
vt 0.250000 0.750000
vt 0.250000 0.312500
vt 0.250000 0.718750
vt 0.250000 0.281250
vt 0.250000 0.687500
vt 0.234375 0.187500
vt 0.234375 0.156250
vt 0.234375 0.593750
vt 0.234375 0.562500
vt 0.242187 1.000000
vt 0.234375 0.968750
vt 0.234375 0.125000
vt 0.234375 0.531250
vt 0.234375 0.937500
vt 0.234375 0.093750
vt 0.234375 0.500000
vt 0.234375 0.906250
vt 0.234375 0.062500
vt 0.234375 0.468750
vt 0.234375 0.875000
vt 0.234375 0.031250
vt 0.234375 0.437500
vt 0.234375 0.843750
vt 0.242187 0.000000
vt 0.234375 0.406250
vt 0.234375 0.812500
vt 0.234375 0.375000
vt 0.234375 0.781250
vt 0.234375 0.343750
vt 0.234375 0.750000
vt 0.234375 0.312500
vt 0.234375 0.718750
vt 0.234375 0.281250
vt 0.234375 0.687500
vt 0.234375 0.250000
vt 0.234375 0.656250
vt 0.234375 0.218750
vt 0.234375 0.625000
vt 0.218750 0.125000
vt 0.218750 0.093750
vt 0.218750 0.531250
vt 0.218750 0.500000
vt 0.218750 0.937500
vt 0.218750 0.906250
vt 0.218750 0.062500
vt 0.218750 0.468750
vt 0.218750 0.875000
vt 0.218750 0.031250
vt 0.218750 0.437500
vt 0.218750 0.843750
vt 0.226562 0.000000
vt 0.218750 0.406250
vt 0.218750 0.812500
vt 0.218750 0.375000
vt 0.218750 0.781250
vt 0.218750 0.343750
vt 0.218750 0.750000
vt 0.218750 0.312500
vt 0.218750 0.718750
vt 0.218750 0.281250
vt 0.218750 0.687500
vt 0.218750 0.250000
vt 0.218750 0.656250
vt 0.218750 0.218750
vt 0.218750 0.625000
vt 0.218750 0.187500
vt 0.218750 0.593750
vt 0.218750 0.156250
vt 0.218750 0.562500
vt 0.226562 1.000000
vt 0.218750 0.968750
vt 0.203125 0.062500
vt 0.203125 0.031250
vt 0.203125 0.468750
vt 0.203125 0.437500
vt 0.203125 0.875000
vt 0.203125 0.843750
vt 0.210938 0.000000
vt 0.203125 0.406250
vt 0.203125 0.812500
vt 0.203125 0.375000
vt 0.203125 0.781250
vt 0.203125 0.343750
vt 0.203125 0.750000
vt 0.203125 0.312500
vt 0.203125 0.718750
vt 0.203125 0.281250
vt 0.203125 0.687500
vt 0.203125 0.250000
vt 0.203125 0.656250
vt 0.203125 0.218750
vt 0.203125 0.625000
vt 0.203125 0.187500
vt 0.203125 0.593750
vt 0.203125 0.156250
vt 0.203125 0.562500
vt 0.210938 1.000000
vt 0.203125 0.968750
vt 0.203125 0.125000
vt 0.203125 0.531250
vt 0.203125 0.937500
vt 0.203125 0.093750
vt 0.203125 0.500000
vt 0.203125 0.906250
vt 0.187500 0.406250
vt 0.187500 0.375000
vt 0.187500 0.812500
vt 0.187500 0.781250
vt 0.187500 0.343750
vt 0.187500 0.750000
vt 0.187500 0.312500
vt 0.187500 0.718750
vt 0.187500 0.281250
vt 0.187500 0.687500
vt 0.187500 0.250000
vt 0.187500 0.656250
vt 0.187500 0.218750
vt 0.187500 0.625000
vt 0.187500 0.187500
vt 0.187500 0.593750
vt 0.187500 0.156250
vt 0.187500 0.562500
vt 0.195312 1.000000
vt 0.187500 0.968750
vt 0.187500 0.125000
vt 0.187500 0.531250
vt 0.187500 0.937500
vt 0.187500 0.093750
vt 0.187500 0.500000
vt 0.187500 0.906250
vt 0.187500 0.062500
vt 0.187500 0.468750
vt 0.187500 0.875000
vt 0.187500 0.031250
vt 0.187500 0.437500
vt 0.187500 0.843750
vt 0.195312 0.000000
vt 0.171875 0.343750
vt 0.171875 0.312500
vt 0.171875 0.750000
vt 0.171875 0.718750
vt 0.171875 0.281250
vt 0.171875 0.687500
vt 0.171875 0.250000
vt 0.171875 0.656250
vt 0.171875 0.218750
vt 0.171875 0.625000
vt 0.171875 0.187500
vt 0.171875 0.593750
vt 0.171875 0.156250
vt 0.171875 0.562500
vt 0.179687 1.000000
vt 0.171875 0.968750
vt 0.171875 0.125000
vt 0.171875 0.531250
vt 0.171875 0.937500
vt 0.171875 0.093750
vt 0.171875 0.500000
vt 0.171875 0.906250
vt 0.171875 0.062500
vt 0.171875 0.468750
vt 0.171875 0.875000
vt 0.171875 0.031250
vt 0.171875 0.437500
vt 0.171875 0.843750
vt 0.179687 0.000000
vt 0.171875 0.406250
vt 0.171875 0.812500
vt 0.171875 0.375000
vt 0.171875 0.781250
vt 0.156250 0.281250
vt 0.156250 0.250000
vt 0.156250 0.687500
vt 0.156250 0.656250
vt 0.156250 0.218750
vt 0.156250 0.625000
vt 0.156250 0.187500
vt 0.156250 0.593750
vt 0.156250 0.156250
vt 0.156250 0.562500
vt 0.164062 1.000000
vt 0.156250 0.968750
vt 0.156250 0.125000
vt 0.156250 0.531250
vt 0.156250 0.937500
vt 0.156250 0.093750
vt 0.156250 0.500000
vt 0.156250 0.906250
vt 0.156250 0.062500
vt 0.156250 0.468750
vt 0.156250 0.875000
vt 0.156250 0.031250
vt 0.156250 0.437500
vt 0.156250 0.843750
vt 0.164062 0.000000
vt 0.156250 0.406250
vt 0.156250 0.812500
vt 0.156250 0.375000
vt 0.156250 0.781250
vt 0.156250 0.343750
vt 0.156250 0.750000
vt 0.156250 0.312500
vt 0.156250 0.718750
vt 0.140625 0.218750
vt 0.140625 0.187500
vt 0.140625 0.625000
vt 0.140625 0.593750
vt 0.140625 0.156250
vt 0.140625 0.562500
vt 0.148438 1.000000
vt 0.140625 0.968750
vt 0.140625 0.125000
vt 0.140625 0.531250
vt 0.140625 0.937500
vt 0.140625 0.093750
vt 0.140625 0.500000
vt 0.140625 0.906250
vt 0.140625 0.062500
vt 0.140625 0.468750
vt 0.140625 0.875000
vt 0.140625 0.031250
vt 0.140625 0.437500
vt 0.140625 0.843750
vt 0.148438 0.000000
vt 0.140625 0.406250
vt 0.140625 0.812500
vt 0.140625 0.375000
vt 0.140625 0.781250
vt 0.140625 0.343750
vt 0.140625 0.750000
vt 0.140625 0.312500
vt 0.140625 0.718750
vt 0.140625 0.281250
vt 0.140625 0.687500
vt 0.140625 0.250000
vt 0.140625 0.656250
vt 0.132812 1.000000
vt 0.125000 0.968750
vt 0.125000 0.156250
vt 0.125000 0.125000
vt 0.125000 0.562500
vt 0.125000 0.531250
vt 0.125000 0.937500
vt 0.125000 0.093750
vt 0.125000 0.500000
vt 0.125000 0.906250
vt 0.125000 0.062500
vt 0.125000 0.468750
vt 0.125000 0.875000
vt 0.125000 0.031250
vt 0.125000 0.437500
vt 0.125000 0.843750
vt 0.132812 0.000000
vt 0.125000 0.406250
vt 0.125000 0.812500
vt 0.125000 0.375000
vt 0.125000 0.781250
vt 0.125000 0.343750
vt 0.125000 0.750000
vt 0.125000 0.312500
vt 0.125000 0.718750
vt 0.125000 0.281250
vt 0.125000 0.687500
vt 0.125000 0.250000
vt 0.125000 0.656250
vt 0.125000 0.218750
vt 0.125000 0.625000
vt 0.125000 0.187500
vt 0.125000 0.593750
vt 0.109375 0.937500
vt 0.109375 0.906250
vt 0.109375 0.093750
vt 0.109375 0.062500
vt 0.109375 0.500000
vt 0.109375 0.468750
vt 0.109375 0.875000
vt 0.109375 0.031250
vt 0.109375 0.437500
vt 0.109375 0.843750
vt 0.117188 0.000000
vt 0.109375 0.406250
vt 0.109375 0.812500
vt 0.109375 0.375000
vt 0.109375 0.781250
vt 0.109375 0.343750
vt 0.109375 0.750000
vt 0.109375 0.312500
vt 0.109375 0.718750
vt 0.109375 0.281250
vt 0.109375 0.687500
vt 0.109375 0.250000
vt 0.109375 0.656250
vt 0.109375 0.218750
vt 0.109375 0.625000
vt 0.109375 0.187500
vt 0.109375 0.593750
vt 0.109375 0.156250
vt 0.109375 0.562500
vt 0.117188 1.000000
vt 0.109375 0.968750
vt 0.109375 0.125000
vt 0.109375 0.531250
vt 0.093750 0.875000
vt 0.093750 0.843750
vt 0.101562 0.000000
vt 0.093750 0.031250
vt 0.093750 0.437500
vt 0.093750 0.406250
vt 0.093750 0.812500
vt 0.093750 0.375000
vt 0.093750 0.781250
vt 0.093750 0.343750
vt 0.093750 0.750000
vt 0.093750 0.312500
vt 0.093750 0.718750
vt 0.093750 0.281250
vt 0.093750 0.687500
vt 0.093750 0.250000
vt 0.093750 0.656250
vt 0.093750 0.218750
vt 0.093750 0.625000
vt 0.093750 0.187500
vt 0.093750 0.593750
vt 0.093750 0.156250
vt 0.093750 0.562500
vt 0.101562 1.000000
vt 0.093750 0.968750
vt 0.093750 0.125000
vt 0.093750 0.531250
vt 0.093750 0.937500
vt 0.093750 0.093750
vt 0.093750 0.500000
vt 0.093750 0.906250
vt 0.093750 0.062500
vt 0.093750 0.468750
vt 0.078125 0.812500
vt 0.078125 0.781250
vt 0.078125 0.375000
vt 0.078125 0.343750
vt 0.078125 0.750000
vt 0.078125 0.312500
vt 0.078125 0.718750
vt 0.078125 0.281250
vt 0.078125 0.687500
vt 0.078125 0.250000
vt 0.078125 0.656250
vt 0.078125 0.218750
vt 0.078125 0.625000
vt 0.078125 0.187500
vt 0.078125 0.593750
vt 0.078125 0.156250
vt 0.078125 0.562500
vt 0.085937 1.000000
vt 0.078125 0.968750
vt 0.078125 0.125000
vt 0.078125 0.531250
vt 0.078125 0.937500
vt 0.078125 0.093750
vt 0.078125 0.500000
vt 0.078125 0.906250
vt 0.078125 0.062500
vt 0.078125 0.468750
vt 0.078125 0.875000
vt 0.078125 0.031250
vt 0.078125 0.437500
vt 0.078125 0.843750
vt 0.085937 0.000000
vt 0.078125 0.406250
vt 0.062500 0.750000
vt 0.062500 0.718750
vt 0.062500 0.312500
vt 0.062500 0.281250
vt 0.062500 0.687500
vt 0.062500 0.250000
vt 0.062500 0.656250
vt 0.062500 0.218750
vt 0.062500 0.625000
vt 0.062500 0.187500
vt 0.062500 0.593750
vt 0.062500 0.156250
vt 0.062500 0.562500
vt 0.070312 1.000000
vt 0.062500 0.968750
vt 0.062500 0.125000
vt 0.062500 0.531250
vt 0.062500 0.937500
vt 0.062500 0.093750
vt 0.062500 0.500000
vt 0.062500 0.906250
vt 0.062500 0.062500
vt 0.062500 0.468750
vt 0.062500 0.875000
vt 0.062500 0.031250
vt 0.062500 0.437500
vt 0.062500 0.843750
vt 0.070312 0.000000
vt 0.062500 0.406250
vt 0.062500 0.812500
vt 0.062500 0.375000
vt 0.062500 0.781250
vt 0.062500 0.343750
vt 0.046875 0.687500
vt 0.046875 0.656250
vt 0.046875 0.250000
vt 0.046875 0.218750
vt 0.046875 0.625000
vt 0.046875 0.187500
vt 0.046875 0.593750
vt 0.046875 0.156250
vt 0.046875 0.562500
vt 0.054688 1.000000
vt 0.046875 0.968750
vt 0.046875 0.125000
vt 0.046875 0.531250
vt 0.046875 0.937500
vt 0.046875 0.093750
vt 0.046875 0.500000
vt 0.046875 0.906250
vt 0.046875 0.062500
vt 0.046875 0.468750
vt 0.046875 0.875000
vt 0.046875 0.031250
vt 0.046875 0.437500
vt 0.046875 0.843750
vt 0.054688 0.000000
vt 0.046875 0.406250
vt 0.046875 0.812500
vt 0.046875 0.375000
vt 0.046875 0.781250
vt 0.046875 0.343750
vt 0.046875 0.750000
vt 0.046875 0.312500
vt 0.046875 0.718750
vt 0.046875 0.281250
vt 0.031250 0.625000
vt 0.031250 0.593750
vt 0.031250 0.187500
vt 0.031250 0.156250
vt 0.031250 0.562500
vt 0.039062 1.000000
vt 0.031250 0.968750
vt 0.031250 0.125000
vt 0.031250 0.531250
vt 0.031250 0.937500
vt 0.031250 0.093750
vt 0.031250 0.500000
vt 0.031250 0.906250
vt 0.031250 0.062500
vt 0.031250 0.468750
vt 0.031250 0.875000
vt 0.031250 0.031250
vt 0.031250 0.437500
vt 0.031250 0.843750
vt 0.039062 0.000000
vt 0.031250 0.406250
vt 0.031250 0.812500
vt 0.031250 0.375000
vt 0.031250 0.781250
vt 0.031250 0.343750
vt 0.031250 0.750000
vt 0.031250 0.312500
vt 0.031250 0.718750
vt 0.031250 0.281250
vt 0.031250 0.687500
vt 0.031250 0.250000
vt 0.031250 0.656250
vt 0.031250 0.218750
vt 0.015625 0.562500
vt 0.015625 0.531250
vt 0.015625 0.968750
vt 0.015625 0.937500
vt 0.015625 0.125000
vt 0.015625 0.093750
vt 0.015625 0.500000
vt 0.015625 0.906250
vt 0.015625 0.062500
vt 0.015625 0.468750
vt 0.015625 0.875000
vt 0.015625 0.031250
vt 0.015625 0.437500
vt 0.015625 0.843750
vt 0.023438 0.000000
vt 0.015625 0.406250
vt 0.015625 0.812500
vt 0.015625 0.375000
vt 0.015625 0.781250
vt 0.015625 0.343750
vt 0.015625 0.750000
vt 0.015625 0.312500
vt 0.015625 0.718750
vt 0.015625 0.281250
vt 0.015625 0.687500
vt 0.015625 0.250000
vt 0.015625 0.656250
vt 0.015625 0.218750
vt 0.015625 0.625000
vt 0.015625 0.187500
vt 0.015625 0.593750
vt 0.015625 0.156250
vt 0.023438 1.000000
vt 0.000000 0.500000
vt 0.000000 0.468750
vt 0.000000 0.906250
vt 0.000000 0.875000
vt 0.000000 0.062500
vt 0.000000 0.031250
vt 0.000000 0.437500
vt 0.000000 0.843750
vt 0.007812 0.000000
vt 0.000000 0.406250
vt 0.000000 0.812500
vt 0.000000 0.375000
vt 0.000000 0.781250
vt 0.000000 0.343750
vt 0.000000 0.750000
vt 0.000000 0.312500
vt 0.000000 0.718750
vt 0.000000 0.281250
vt 0.000000 0.687500
vt 0.000000 0.250000
vt 0.000000 0.656250
vt 0.000000 0.218750
vt 0.000000 0.625000
vt 0.000000 0.187500
vt 0.000000 0.593750
vt 0.000000 0.156250
vt 0.000000 0.562500
vt 0.007812 1.000000
vt 0.000000 0.968750
vt 0.000000 0.125000
vt 0.000000 0.531250
vt 0.000000 0.937500
vt 0.000000 0.093750
vt 1.000000 0.406250
vt 1.000000 0.437500
vt 0.984375 0.437500
vt 0.984375 0.406250
vt 1.000000 0.812500
vt 1.000000 0.843750
vt 0.984375 0.843750
vt 0.984375 0.812500
vt 1.000000 0.375000
vt 0.984375 0.375000
vt 1.000000 0.781250
vt 0.984375 0.781250
vt 1.000000 0.343750
vt 0.984375 0.343750
vt 1.000000 0.750000
vt 0.984375 0.750000
vt 1.000000 0.312500
vt 0.984375 0.312500
vt 1.000000 0.718750
vt 0.984375 0.718750
vt 1.000000 0.281250
vt 0.984375 0.281250
vt 1.000000 0.687500
vt 0.984375 0.687500
vt 1.000000 0.250000
vt 0.984375 0.250000
vt 1.000000 0.656250
vt 0.984375 0.656250
vt 1.000000 0.218750
vt 0.984375 0.218750
vt 1.000000 0.625000
vt 0.984375 0.625000
vt 1.000000 0.187500
vt 0.984375 0.187500
vt 1.000000 0.593750
vt 0.984375 0.593750
vt 1.000000 0.156250
vt 0.984375 0.156250
vt 1.000000 0.562500
vt 0.984375 0.562500
vt 1.000000 0.968750
vt 0.992188 1.000000
vt 0.984375 0.968750
vt 1.000000 0.125000
vt 0.984375 0.125000
vt 1.000000 0.531250
vt 0.984375 0.531250
vt 1.000000 0.937500
vt 0.984375 0.937500
vt 1.000000 0.093750
vt 0.984375 0.093750
vt 1.000000 0.500000
vt 0.984375 0.500000
vt 1.000000 0.906250
vt 0.984375 0.906250
vt 1.000000 0.062500
vt 0.984375 0.062500
vt 1.000000 0.468750
vt 0.984375 0.468750
vt 1.000000 0.875000
vt 0.984375 0.875000
vt 1.000000 0.031250
vt 0.984375 0.031250
vt 0.992188 0.000000
vt 0.968750 0.375000
vt 0.968750 0.343750
vt 0.968750 0.781250
vt 0.968750 0.750000
vt 0.968750 0.312500
vt 0.968750 0.718750
vt 0.968750 0.281250
vt 0.968750 0.687500
vt 0.968750 0.250000
vt 0.968750 0.656250
vt 0.968750 0.218750
vt 0.968750 0.625000
vt 0.968750 0.187500
vt 0.968750 0.593750
vt 0.968750 0.156250
vt 0.968750 0.562500
vt 0.976562 1.000000
vt 0.968750 0.968750
vt 0.968750 0.125000
vt 0.968750 0.531250
vt 0.968750 0.937500
vt 0.968750 0.093750
vt 0.968750 0.500000
vt 0.968750 0.906250
vt 0.968750 0.062500
vt 0.968750 0.468750
vt 0.968750 0.875000
vt 0.968750 0.031250
vt 0.968750 0.437500
vt 0.968750 0.843750
vt 0.976562 0.000000
vt 0.968750 0.406250
vt 0.968750 0.812500
vt 0.953125 0.312500
vt 0.953125 0.281250
vt 0.953125 0.718750
vt 0.953125 0.687500
vt 0.953125 0.250000
vt 0.953125 0.656250
vt 0.953125 0.218750
vt 0.953125 0.625000
vt 0.953125 0.187500
vt 0.953125 0.593750
vt 0.953125 0.156250
vt 0.953125 0.562500
vt 0.960938 1.000000
vt 0.953125 0.968750
vt 0.953125 0.125000
vt 0.953125 0.531250
vt 0.953125 0.937500
vt 0.953125 0.093750
vt 0.953125 0.500000
vt 0.953125 0.906250
vt 0.953125 0.062500
vt 0.953125 0.468750
vt 0.953125 0.875000
vt 0.953125 0.031250
vt 0.953125 0.437500
vt 0.953125 0.843750
vt 0.960938 0.000000
vt 0.953125 0.406250
vt 0.953125 0.812500
vt 0.953125 0.375000
vt 0.953125 0.781250
vt 0.953125 0.343750
vt 0.953125 0.750000
vt 0.937500 0.218750
vt 0.937500 0.187500
vt 0.937500 0.625000
vt 0.937500 0.593750
vt 0.937500 0.156250
vt 0.937500 0.562500
vt 0.945312 1.000000
vt 0.937500 0.968750
vt 0.937500 0.125000
vt 0.937500 0.531250
vt 0.937500 0.937500
vt 0.937500 0.093750
vt 0.937500 0.500000
vt 0.937500 0.906250
vt 0.937500 0.062500
vt 0.937500 0.468750
vt 0.937500 0.875000
vt 0.937500 0.031250
vt 0.937500 0.437500
vt 0.937500 0.843750
vt 0.945312 0.000000
vt 0.937500 0.406250
vt 0.937500 0.812500
vt 0.937500 0.375000
vt 0.937500 0.781250
vt 0.937500 0.343750
vt 0.937500 0.750000
vt 0.937500 0.312500
vt 0.937500 0.718750
vt 0.937500 0.281250
vt 0.937500 0.687500
vt 0.937500 0.250000
vt 0.937500 0.656250
vt 0.929687 1.000000
vt 0.921875 0.968750
vt 0.921875 0.156250
vt 0.921875 0.125000
vt 0.921875 0.562500
vt 0.921875 0.531250
vt 0.921875 0.937500
vt 0.921875 0.093750
vt 0.921875 0.500000
vt 0.921875 0.906250
vt 0.921875 0.062500
vt 0.921875 0.468750
vt 0.921875 0.875000
vt 0.921875 0.031250
vt 0.921875 0.437500
vt 0.921875 0.843750
vt 0.929687 0.000000
vt 0.921875 0.406250
vt 0.921875 0.812500
vt 0.921875 0.375000
vt 0.921875 0.781250
vt 0.921875 0.343750
vt 0.921875 0.750000
vt 0.921875 0.312500
vt 0.921875 0.718750
vt 0.921875 0.281250
vt 0.921875 0.687500
vt 0.921875 0.250000
vt 0.921875 0.656250
vt 0.921875 0.218750
vt 0.921875 0.625000
vt 0.921875 0.187500
vt 0.921875 0.593750
vt 0.906250 0.937500
vt 0.906250 0.906250
vt 0.906250 0.093750
vt 0.906250 0.062500
vt 0.906250 0.500000
vt 0.906250 0.468750
vt 0.906250 0.875000
vt 0.906250 0.031250
vt 0.906250 0.437500
vt 0.906250 0.843750
vt 0.914062 0.000000
vt 0.906250 0.406250
vt 0.906250 0.812500
vt 0.906250 0.375000
vt 0.906250 0.781250
vt 0.906250 0.343750
vt 0.906250 0.750000
vt 0.906250 0.312500
vt 0.906250 0.718750
vt 0.906250 0.281250
vt 0.906250 0.687500
vt 0.906250 0.250000
vt 0.906250 0.656250
vt 0.906250 0.218750
vt 0.906250 0.625000
vt 0.906250 0.187500
vt 0.906250 0.593750
vt 0.906250 0.156250
vt 0.906250 0.562500
vt 0.914062 1.000000
vt 0.906250 0.968750
vt 0.906250 0.125000
vt 0.906250 0.531250
vt 0.890625 0.875000
vt 0.890625 0.843750
vt 0.898438 0.000000
vt 0.890625 0.031250
vt 0.890625 0.437500
vt 0.890625 0.406250
vt 0.890625 0.812500
vt 0.890625 0.375000
vt 0.890625 0.781250
vt 0.890625 0.343750
vt 0.890625 0.750000
vt 0.890625 0.312500
vt 0.890625 0.718750
vt 0.890625 0.281250
vt 0.890625 0.687500
vt 0.890625 0.250000
vt 0.890625 0.656250
vt 0.890625 0.218750
vt 0.890625 0.625000
vt 0.890625 0.187500
vt 0.890625 0.593750
vt 0.890625 0.156250
vt 0.890625 0.562500
vt 0.898438 1.000000
vt 0.890625 0.968750
vt 0.890625 0.125000
vt 0.890625 0.531250
vt 0.890625 0.937500
vt 0.890625 0.093750
vt 0.890625 0.500000
vt 0.890625 0.906250
vt 0.890625 0.062500
vt 0.890625 0.468750
vt 0.875000 0.812500
vt 0.875000 0.781250
vt 0.875000 0.375000
vt 0.875000 0.343750
vt 0.875000 0.750000
vt 0.875000 0.312500
vt 0.875000 0.718750
vt 0.875000 0.281250
vt 0.875000 0.687500
vt 0.875000 0.250000
vt 0.875000 0.656250
vt 0.875000 0.218750
vt 0.875000 0.625000
vt 0.875000 0.187500
vt 0.875000 0.593750
vt 0.875000 0.156250
vt 0.875000 0.562500
vt 0.882812 1.000000
vt 0.875000 0.968750
vt 0.875000 0.125000
vt 0.875000 0.531250
vt 0.875000 0.937500
vt 0.875000 0.093750
vt 0.875000 0.500000
vt 0.875000 0.906250
vt 0.875000 0.062500
vt 0.875000 0.468750
vt 0.875000 0.875000
vt 0.875000 0.031250
vt 0.875000 0.437500
vt 0.875000 0.843750
vt 0.882812 0.000000
vt 0.875000 0.406250
vt 0.859375 0.750000
vt 0.859375 0.718750
vt 0.859375 0.312500
vt 0.859375 0.281250
vt 0.859375 0.687500
vt 0.859375 0.250000
vt 0.859375 0.656250
vt 0.859375 0.218750
vt 0.859375 0.625000
vt 0.859375 0.187500
vt 0.859375 0.593750
vt 0.859375 0.156250
vt 0.859375 0.562500
vt 0.867188 1.000000
vt 0.859375 0.968750
vt 0.859375 0.125000
vt 0.859375 0.531250
vt 0.859375 0.937500
vt 0.859375 0.093750
vt 0.859375 0.500000
vt 0.859375 0.906250
vt 0.859375 0.062500
vt 0.859375 0.468750
vt 0.859375 0.875000
vt 0.859375 0.031250
vt 0.859375 0.437500
vt 0.859375 0.843750
vt 0.867188 0.000000
vt 0.859375 0.406250
vt 0.859375 0.812500
vt 0.859375 0.375000
vt 0.859375 0.781250
vt 0.859375 0.343750
vt 0.843750 0.687500
vt 0.843750 0.656250
vt 0.843750 0.250000
vt 0.843750 0.218750
vt 0.843750 0.625000
vt 0.843750 0.187500
vt 0.843750 0.593750
vt 0.843750 0.156250
vt 0.843750 0.562500
vt 0.851562 1.000000
vt 0.843750 0.968750
vt 0.843750 0.125000
vt 0.843750 0.531250
vt 0.843750 0.937500
vt 0.843750 0.093750
vt 0.843750 0.500000
vt 0.843750 0.906250
vt 0.843750 0.062500
vt 0.843750 0.468750
vt 0.843750 0.875000
vt 0.843750 0.031250
vt 0.843750 0.437500
vt 0.843750 0.843750
vt 0.851562 0.000000
vt 0.843750 0.406250
vt 0.843750 0.812500
vt 0.843750 0.375000
vt 0.843750 0.781250
vt 0.843750 0.343750
vt 0.843750 0.750000
vt 0.843750 0.312500
vt 0.843750 0.718750
vt 0.843750 0.281250
vt 0.828125 0.625000
vt 0.828125 0.593750
vt 0.828125 0.187500
vt 0.828125 0.156250
vt 0.828125 0.562500
vt 0.835938 1.000000
vt 0.828125 0.968750
vt 0.828125 0.125000
vt 0.828125 0.531250
vt 0.828125 0.937500
vt 0.828125 0.093750
vt 0.828125 0.500000
vt 0.828125 0.906250
vt 0.828125 0.062500
vt 0.828125 0.468750
vt 0.828125 0.875000
vt 0.828125 0.031250
vt 0.828125 0.437500
vt 0.828125 0.843750
vt 0.835938 0.000000
vt 0.828125 0.406250
vt 0.828125 0.812500
vt 0.828125 0.375000
vt 0.828125 0.781250
vt 0.828125 0.343750
vt 0.828125 0.750000
vt 0.828125 0.312500
vt 0.828125 0.718750
vt 0.828125 0.281250
vt 0.828125 0.687500
vt 0.828125 0.250000
vt 0.828125 0.656250
vt 0.828125 0.218750
vt 0.812500 0.562500
vt 0.812500 0.531250
vt 0.812500 0.968750
vt 0.812500 0.937500
vt 0.812500 0.125000
vt 0.812500 0.093750
vt 0.812500 0.500000
vt 0.812500 0.906250
vt 0.812500 0.062500
vt 0.812500 0.468750
vt 0.812500 0.875000
vt 0.812500 0.031250
vt 0.812500 0.437500
vt 0.812500 0.843750
vt 0.820312 0.000000
vt 0.812500 0.406250
vt 0.812500 0.812500
vt 0.812500 0.375000
vt 0.812500 0.781250
vt 0.812500 0.343750
vt 0.812500 0.750000
vt 0.812500 0.312500
vt 0.812500 0.718750
vt 0.812500 0.281250
vt 0.812500 0.687500
vt 0.812500 0.250000
vt 0.812500 0.656250
vt 0.812500 0.218750
vt 0.812500 0.625000
vt 0.812500 0.187500
vt 0.812500 0.593750
vt 0.812500 0.156250
vt 0.820312 1.000000
vt 0.796875 0.500000
vt 0.796875 0.468750
vt 0.796875 0.906250
vt 0.796875 0.875000
vt 0.796875 0.062500
vt 0.796875 0.031250
vt 0.796875 0.437500
vt 0.796875 0.843750
vt 0.804688 0.000000
vt 0.796875 0.406250
vt 0.796875 0.812500
vt 0.796875 0.375000
vt 0.796875 0.781250
vt 0.796875 0.343750
vt 0.796875 0.750000
vt 0.796875 0.312500
vt 0.796875 0.718750
vt 0.796875 0.281250
vt 0.796875 0.687500
vt 0.796875 0.250000
vt 0.796875 0.656250
vt 0.796875 0.218750
vt 0.796875 0.625000
vt 0.796875 0.187500
vt 0.796875 0.593750
vt 0.796875 0.156250
vt 0.796875 0.562500
vt 0.804688 1.000000
vt 0.796875 0.968750
vt 0.796875 0.125000
vt 0.796875 0.531250
vt 0.796875 0.937500
vt 0.796875 0.093750
vt 0.781250 0.437500
vt 0.781250 0.406250
vt 0.781250 0.843750
vt 0.781250 0.812500
vt 0.781250 0.375000
vt 0.781250 0.781250
vt 0.781250 0.343750
vt 0.781250 0.750000
vt 0.781250 0.312500
vt 0.781250 0.718750
vt 0.781250 0.281250
vt 0.781250 0.687500
vt 0.781250 0.250000
vt 0.781250 0.656250
vt 0.781250 0.218750
vt 0.781250 0.625000
vt 0.781250 0.187500
vt 0.781250 0.593750
vt 0.781250 0.156250
vt 0.781250 0.562500
vt 0.789062 1.000000
vt 0.781250 0.968750
vt 0.781250 0.125000
vt 0.781250 0.531250
vt 0.781250 0.937500
vt 0.781250 0.093750
vt 0.781250 0.500000
vt 0.781250 0.906250
vt 0.781250 0.062500
vt 0.781250 0.468750
vt 0.781250 0.875000
vt 0.781250 0.031250
vt 0.789062 0.000000
vt 0.765625 0.375000
vt 0.765625 0.343750
vt 0.765625 0.781250
vt 0.765625 0.750000
vt 0.765625 0.312500
vt 0.765625 0.718750
vt 0.765625 0.281250
vt 0.765625 0.687500
vt 0.765625 0.250000
vt 0.765625 0.656250
vt 0.765625 0.218750
vt 0.765625 0.625000
vt 0.765625 0.187500
vt 0.765625 0.593750
vt 0.765625 0.156250
vt 0.765625 0.562500
vt 0.773438 1.000000
vt 0.765625 0.968750
vt 0.765625 0.125000
vt 0.765625 0.531250
vt 0.765625 0.937500
vt 0.765625 0.093750
vt 0.765625 0.500000
vt 0.765625 0.906250
vt 0.765625 0.062500
vt 0.765625 0.468750
vt 0.765625 0.875000
vt 0.765625 0.031250
vt 0.765625 0.437500
vt 0.765625 0.843750
vt 0.773438 0.000000
vt 0.765625 0.406250
vt 0.765625 0.812500
vt 0.757812 1.000000
vt 0.757812 0.000000
s 0
f 7/1/1 6/2/1 27/3/1 28/4/1
f 1984/5/2 1983/6/2 41/7/2 42/8/2
f 1977/9/3 7/1/3 28/4/3 29/10/3
f 1/11/4 1039/12/4 16/13/4
f 1985/14/5 1984/5/5 42/8/5 43/15/5
f 8/16/6 1977/9/6 29/10/6 30/17/6
f 2/18/7 1/11/7 16/13/7 17/19/7
f 14/20/8 1985/14/8 43/15/8 44/21/8
f 9/22/9 8/16/9 30/17/9 31/23/9
f 3/24/10 2/18/10 17/19/10 18/25/10
f 1986/26/11 14/20/11 44/21/11 45/27/11
f 10/28/12 9/22/12 31/23/12 32/29/12
f 1971/30/13 3/24/13 18/25/13 19/31/13
f 15/32/14 1986/26/14 45/27/14 46/33/14
f 1978/34/15 10/28/15 32/29/15 33/35/15
f 4/36/16 1971/30/16 19/31/16 20/37/16
f 1226/38/17 15/32/17 46/33/17
f 11/39/18 1978/34/18 33/35/18 34/40/18
f 1972/41/19 4/36/19 20/37/19 21/42/19
f 12/43/20 11/39/20 34/40/20 35/44/20
f 1973/45/21 1972/41/21 21/42/21 22/46/21
f 13/47/22 12/43/22 35/44/22 36/48/22
f 1974/49/23 1973/45/23 22/46/23 23/50/23
f 1979/51/24 13/47/24 36/48/24 37/52/24
f 1975/53/25 1974/49/25 23/50/25 24/54/25
f 1980/55/26 1979/51/26 37/52/26 38/56/26
f 1976/57/27 1975/53/27 24/54/27 25/58/27
f 1981/59/28 1980/55/28 38/56/28 39/60/28
f 5/61/29 1976/57/29 25/58/29 26/62/29
f 1982/63/30 1981/59/30 39/60/30 40/64/30
f 6/2/31 5/61/31 26/62/31 27/3/31
f 1983/6/32 1982/63/32 40/64/32 41/7/32
f 23/50/33 22/46/33 53/65/33 54/66/33
f 37/52/34 36/48/34 67/67/34 68/68/34
f 24/54/35 23/50/35 54/66/35 55/69/35
f 38/56/36 37/52/36 68/68/36 69/70/36
f 25/58/37 24/54/37 55/69/37 56/71/37
f 39/60/38 38/56/38 69/70/38 70/72/38
f 26/62/39 25/58/39 56/71/39 57/73/39
f 40/64/40 39/60/40 70/72/40 71/74/40
f 27/3/41 26/62/41 57/73/41 58/75/41
f 41/7/42 40/64/42 71/74/42 72/76/42
f 28/4/43 27/3/43 58/75/43 59/77/43
f 42/8/44 41/7/44 72/76/44 73/78/44
f 29/10/45 28/4/45 59/77/45 60/79/45
f 16/13/46 1039/80/46 47/81/46
f 43/15/47 42/8/47 73/78/47 74/82/47
f 30/17/48 29/10/48 60/79/48 61/83/48
f 17/19/49 16/13/49 47/81/49 48/84/49
f 44/21/50 43/15/50 74/82/50 75/85/50
f 31/23/51 30/17/51 61/83/51 62/86/51
f 18/25/52 17/19/52 48/84/52 49/87/52
f 45/27/53 44/21/53 75/85/53 76/88/53
f 32/29/54 31/23/54 62/86/54 63/89/54
f 19/31/55 18/25/55 49/87/55 50/90/55
f 46/33/56 45/27/56 76/88/56 77/91/56
f 33/35/57 32/29/57 63/89/57 64/92/57
f 20/37/58 19/31/58 50/90/58 51/93/58
f 1226/94/59 46/33/59 77/91/59
f 34/40/60 33/35/60 64/92/60 65/95/60
f 21/42/61 20/37/61 51/93/61 52/96/61
f 35/44/62 34/40/62 65/95/62 66/97/62
f 22/46/63 21/42/63 52/96/63 53/65/63
f 36/48/64 35/44/64 66/97/64 67/67/64
f 56/71/65 55/69/65 86/98/65 87/99/65
f 70/72/66 69/70/66 100/100/66 101/101/66
f 57/73/67 56/71/67 87/99/67 88/102/67
f 71/74/68 70/72/68 101/101/68 102/103/68
f 58/75/69 57/73/69 88/102/69 89/104/69
f 72/76/70 71/74/70 102/103/70 103/105/70
f 59/77/71 58/75/71 89/104/71 90/106/71
f 73/78/72 72/76/72 103/105/72 104/107/72
f 60/79/73 59/77/73 90/106/73 91/108/73
f 47/81/74 1039/109/74 78/110/74
f 74/82/75 73/78/75 104/107/75 105/111/75
f 61/83/76 60/79/76 91/108/76 92/112/76
f 48/84/77 47/81/77 78/110/77 79/113/77
f 75/85/78 74/82/78 105/111/78 106/114/78
f 62/86/79 61/83/79 92/112/79 93/115/79
f 49/87/80 48/84/80 79/113/80 80/116/80
f 76/88/81 75/85/81 106/114/81 107/117/81
f 63/89/82 62/86/82 93/115/82 94/118/82
f 50/90/83 49/87/83 80/116/83 81/119/83
f 77/91/84 76/88/84 107/117/84 108/120/84
f 64/92/85 63/89/85 94/118/85 95/121/85
f 51/93/86 50/90/86 81/119/86 82/122/86
f 1226/123/87 77/91/87 108/120/87
f 65/95/88 64/92/88 95/121/88 96/124/88
f 52/96/89 51/93/89 82/122/89 83/125/89
f 66/97/90 65/95/90 96/124/90 97/126/90
f 53/65/91 52/96/91 83/125/91 84/127/91
f 67/67/92 66/97/92 97/126/92 98/128/92
f 54/66/93 53/65/93 84/127/93 85/129/93
f 68/68/94 67/67/94 98/128/94 99/130/94
f 55/69/95 54/66/95 85/129/95 86/98/95
f 69/70/96 68/68/96 99/130/96 100/100/96
f 89/104/97 88/102/97 119/131/97 120/132/97
f 103/105/98 102/103/98 133/133/98 134/134/98
f 90/106/99 89/104/99 120/132/99 121/135/99
f 104/107/100 103/105/100 134/134/100 135/136/100
f 91/108/101 90/106/101 121/135/101 122/137/101
f 78/110/102 1039/138/102 109/139/102
f 105/111/103 104/107/103 135/136/103 136/140/103
f 92/112/104 91/108/104 122/137/104 123/141/104
f 79/113/105 78/110/105 109/139/105 110/142/105
f 106/114/106 105/111/106 136/140/106 137/143/106
f 93/115/107 92/112/107 123/141/107 124/144/107
f 80/116/108 79/113/108 110/142/108 111/145/108
f 107/117/109 106/114/109 137/143/109 138/146/109
f 94/118/110 93/115/110 124/144/110 125/147/110
f 81/119/111 80/116/111 111/145/111 112/148/111
f 108/120/112 107/117/112 138/146/112 139/149/112
f 95/121/113 94/118/113 125/147/113 126/150/113
f 82/122/114 81/119/114 112/148/114 113/151/114
f 1226/152/115 108/120/115 139/149/115
f 96/124/116 95/121/116 126/150/116 127/153/116
f 83/125/117 82/122/117 113/151/117 114/154/117
f 97/126/118 96/124/118 127/153/118 128/155/118
f 84/127/119 83/125/119 114/154/119 115/156/119
f 98/128/120 97/126/120 128/155/120 129/157/120
f 85/129/121 84/127/121 115/156/121 116/158/121
f 99/130/122 98/128/122 129/157/122 130/159/122
f 86/98/123 85/129/123 116/158/123 117/160/123
f 100/100/124 99/130/124 130/159/124 131/161/124
f 87/99/125 86/98/125 117/160/125 118/162/125
f 101/101/126 100/100/126 131/161/126 132/163/126
f 88/102/127 87/99/127 118/162/127 119/131/127
f 102/103/128 101/101/128 132/163/128 133/133/128
f 122/137/129 121/135/129 152/164/129 153/165/129
f 109/139/130 1039/166/130 140/167/130
f 136/140/131 135/136/131 166/168/131 167/169/131
f 123/141/132 122/137/132 153/165/132 154/170/132
f 110/142/133 109/139/133 140/167/133 141/171/133
f 137/143/134 136/140/134 167/169/134 168/172/134
f 124/144/135 123/141/135 154/170/135 155/173/135
f 111/145/136 110/142/136 141/171/136 142/174/136
f 138/146/137 137/143/137 168/172/137 169/175/137
f 125/147/138 124/144/138 155/173/138 156/176/138
f 112/148/139 111/145/139 142/174/139 143/177/139
f 139/149/140 138/146/140 169/175/140 170/178/140
f 126/150/141 125/147/141 156/176/141 157/179/141
f 113/151/142 112/148/142 143/177/142 144/180/142
f 1226/181/143 139/149/143 170/178/143
f 127/153/144 126/150/144 157/179/144 158/182/144
f 114/154/145 113/151/145 144/180/145 145/183/145
f 128/155/146 127/153/146 158/182/146 159/184/146
f 115/156/147 114/154/147 145/183/147 146/185/147
f 129/157/148 128/155/148 159/184/148 160/186/148
f 116/158/149 115/156/149 146/185/149 147/187/149
f 130/159/150 129/157/150 160/186/150 161/188/150
f 117/160/151 116/158/151 147/187/151 148/189/151
f 131/161/152 130/159/152 161/188/152 162/190/152
f 118/162/153 117/160/153 148/189/153 149/191/153
f 132/163/154 131/161/154 162/190/154 163/192/154
f 119/131/155 118/162/155 149/191/155 150/193/155
f 133/133/156 132/163/156 163/192/156 164/194/156
f 120/132/157 119/131/157 150/193/157 151/195/157
f 134/134/158 133/133/158 164/194/158 165/196/158
f 121/135/159 120/132/159 151/195/159 152/164/159
f 135/136/160 134/134/160 165/196/160 166/168/160
f 155/173/161 154/170/161 185/197/161 186/198/161
f 142/174/162 141/171/162 172/199/162 173/200/162
f 169/175/163 168/172/163 199/201/163 200/202/163
f 156/176/164 155/173/164 186/198/164 187/203/164
f 143/177/165 142/174/165 173/200/165 174/204/165
f 170/178/166 169/175/166 200/202/166 201/205/166
f 157/179/167 156/176/167 187/203/167 188/206/167
f 144/180/168 143/177/168 174/204/168 175/207/168
f 1226/208/169 170/178/169 201/205/169
f 158/182/170 157/179/170 188/206/170 189/209/170
f 145/183/171 144/180/171 175/207/171 176/210/171
f 159/184/172 158/182/172 189/209/172 190/211/172
f 146/185/173 145/183/173 176/210/173 177/212/173
f 160/186/174 159/184/174 190/211/174 191/213/174
f 147/187/175 146/185/175 177/212/175 178/214/175
f 161/188/176 160/186/176 191/213/176 192/215/176
f 148/189/177 147/187/177 178/214/177 179/216/177
f 162/190/178 161/188/178 192/215/178 193/217/178
f 149/191/179 148/189/179 179/216/179 180/218/179
f 163/192/180 162/190/180 193/217/180 194/219/180
f 150/193/181 149/191/181 180/218/181 181/220/181
f 164/194/182 163/192/182 194/219/182 195/221/182
f 151/195/183 150/193/183 181/220/183 182/222/183
f 165/196/184 164/194/184 195/221/184 196/223/184
f 152/164/185 151/195/185 182/222/185 183/224/185
f 166/168/186 165/196/186 196/223/186 197/225/186
f 153/165/187 152/164/187 183/224/187 184/226/187
f 140/167/188 1039/227/188 171/228/188
f 167/169/189 166/168/189 197/225/189 198/229/189
f 154/170/190 153/165/190 184/226/190 185/197/190
f 141/171/191 140/167/191 171/228/191 172/199/191
f 168/172/192 167/169/192 198/229/192 199/201/192
f 188/206/193 187/203/193 218/230/193 219/231/193
f 175/207/194 174/204/194 205/232/194 206/233/194
f 1226/234/195 201/205/195 232/235/195
f 189/209/196 188/206/196 219/231/196 220/236/196
f 176/210/197 175/207/197 206/233/197 207/237/197
f 190/211/198 189/209/198 220/236/198 221/238/198
f 177/212/199 176/210/199 207/237/199 208/239/199
f 191/213/200 190/211/200 221/238/200 222/240/200
f 178/214/201 177/212/201 208/239/201 209/241/201
f 192/215/202 191/213/202 222/240/202 223/242/202
f 179/216/203 178/214/203 209/241/203 210/243/203
f 193/217/204 192/215/204 223/242/204 224/244/204
f 180/218/205 179/216/205 210/243/205 211/245/205
f 194/219/206 193/217/206 224/244/206 225/246/206
f 181/220/207 180/218/207 211/245/207 212/247/207
f 195/221/208 194/219/208 225/246/208 226/248/208
f 182/222/209 181/220/209 212/247/209 213/249/209
f 196/223/210 195/221/210 226/248/210 227/250/210
f 183/224/211 182/222/211 213/249/211 214/251/211
f 197/225/212 196/223/212 227/250/212 228/252/212
f 184/226/213 183/224/213 214/251/213 215/253/213
f 171/228/214 1039/254/214 202/255/214
f 198/229/215 197/225/215 228/252/215 229/256/215
f 185/197/216 184/226/216 215/253/216 216/257/216
f 172/199/217 171/228/217 202/255/217 203/258/217
f 199/201/218 198/229/218 229/256/218 230/259/218
f 186/198/219 185/197/219 216/257/219 217/260/219
f 173/200/220 172/199/220 203/258/220 204/261/220
f 200/202/221 199/201/221 230/259/221 231/262/221
f 187/203/222 186/198/222 217/260/222 218/230/222
f 174/204/223 173/200/223 204/261/223 205/232/223
f 201/205/224 200/202/224 231/262/224 232/235/224
f 221/238/225 220/236/225 251/263/225 252/264/225
f 208/239/226 207/237/226 238/265/226 239/266/226
f 222/240/227 221/238/227 252/264/227 253/267/227
f 209/241/228 208/239/228 239/266/228 240/268/228
f 223/242/229 222/240/229 253/267/229 254/269/229
f 210/243/230 209/241/230 240/268/230 241/270/230
f 224/244/231 223/242/231 254/269/231 255/271/231
f 211/245/232 210/243/232 241/270/232 242/272/232
f 225/246/233 224/244/233 255/271/233 256/273/233
f 212/247/234 211/245/234 242/272/234 243/274/234
f 226/248/235 225/246/235 256/273/235 257/275/235
f 213/249/236 212/247/236 243/274/236 244/276/236
f 227/250/237 226/248/237 257/275/237 258/277/237
f 214/251/238 213/249/238 244/276/238 245/278/238
f 228/252/239 227/250/239 258/277/239 259/279/239
f 215/253/240 214/251/240 245/278/240 246/280/240
f 202/255/241 1039/281/241 233/282/241
f 229/256/242 228/252/242 259/279/242 260/283/242
f 216/257/243 215/253/243 246/280/243 247/284/243
f 203/258/244 202/255/244 233/282/244 234/285/244
f 230/259/245 229/256/245 260/283/245 261/286/245
f 217/260/246 216/257/246 247/284/246 248/287/246
f 204/261/247 203/258/247 234/285/247 235/288/247
f 231/262/248 230/259/248 261/286/248 262/289/248
f 218/230/249 217/260/249 248/287/249 249/290/249
f 205/232/250 204/261/250 235/288/250 236/291/250
f 232/235/251 231/262/251 262/289/251 263/292/251
f 219/231/252 218/230/252 249/290/252 250/293/252
f 206/233/253 205/232/253 236/291/253 237/294/253
f 1226/295/254 232/235/254 263/292/254
f 220/236/255 219/231/255 250/293/255 251/263/255
f 207/237/256 206/233/256 237/294/256 238/265/256
f 254/269/257 253/267/257 284/296/257 285/297/257
f 241/270/258 240/268/258 271/298/258 272/299/258
f 255/271/259 254/269/259 285/297/259 286/300/259
f 242/272/260 241/270/260 272/299/260 273/301/260
f 256/273/261 255/271/261 286/300/261 287/302/261
f 243/274/262 242/272/262 273/301/262 274/303/262
f 257/275/263 256/273/263 287/302/263 288/304/263
f 244/276/264 243/274/264 274/303/264 275/305/264
f 258/277/265 257/275/265 288/304/265 289/306/265
f 245/278/266 244/276/266 275/305/266 276/307/266
f 259/279/267 258/277/267 289/306/267 290/308/267
f 246/280/268 245/278/268 276/307/268 277/309/268
f 233/282/269 1039/310/269 264/311/269
f 260/283/270 259/279/270 290/308/270 291/312/270
f 247/284/271 246/280/271 277/309/271 278/313/271
f 234/285/272 233/282/272 264/311/272 265/314/272
f 261/286/273 260/283/273 291/312/273 292/315/273
f 248/287/274 247/284/274 278/313/274 279/316/274
f 235/288/275 234/285/275 265/314/275 266/317/275
f 262/289/276 261/286/276 292/315/276 293/318/276
f 249/290/277 248/287/277 279/316/277 280/319/277
f 236/291/278 235/288/278 266/317/278 267/320/278
f 263/292/279 262/289/279 293/318/279 294/321/279
f 250/293/280 249/290/280 280/319/280 281/322/280
f 237/294/281 236/291/281 267/320/281 268/323/281
f 1226/324/282 263/292/282 294/321/282
f 251/263/283 250/293/283 281/322/283 282/325/283
f 238/265/284 237/294/284 268/323/284 269/326/284
f 252/264/285 251/263/285 282/325/285 283/327/285
f 239/266/286 238/265/286 269/326/286 270/328/286
f 253/267/287 252/264/287 283/327/287 284/296/287
f 240/268/288 239/266/288 270/328/288 271/298/288
f 287/302/289 286/300/289 317/329/289 318/330/289
f 274/303/290 273/301/290 304/331/290 305/332/290
f 288/304/291 287/302/291 318/330/291 319/333/291
f 275/305/292 274/303/292 305/332/292 306/334/292
f 289/306/293 288/304/293 319/333/293 320/335/293
f 276/307/294 275/305/294 306/334/294 307/336/294
f 290/308/295 289/306/295 320/335/295 321/337/295
f 277/309/296 276/307/296 307/336/296 308/338/296
f 264/311/297 1039/339/297 295/340/297
f 291/312/298 290/308/298 321/337/298 322/341/298
f 278/313/299 277/309/299 308/338/299 309/342/299
f 265/314/300 264/311/300 295/340/300 296/343/300
f 292/315/301 291/312/301 322/341/301 323/344/301
f 279/316/302 278/313/302 309/342/302 310/345/302
f 266/317/303 265/314/303 296/343/303 297/346/303
f 293/318/304 292/315/304 323/344/304 324/347/304
f 280/319/305 279/316/305 310/345/305 311/348/305
f 267/320/306 266/317/306 297/346/306 298/349/306
f 294/321/307 293/318/307 324/347/307 325/350/307
f 281/322/308 280/319/308 311/348/308 312/351/308
f 268/323/309 267/320/309 298/349/309 299/352/309
f 1226/353/310 294/321/310 325/350/310
f 282/325/311 281/322/311 312/351/311 313/354/311
f 269/326/312 268/323/312 299/352/312 300/355/312
f 283/327/313 282/325/313 313/354/313 314/356/313
f 270/328/314 269/326/314 300/355/314 301/357/314
f 284/296/315 283/327/315 314/356/315 315/358/315
f 271/298/316 270/328/316 301/357/316 302/359/316
f 285/297/317 284/296/317 315/358/317 316/360/317
f 272/299/318 271/298/318 302/359/318 303/361/318
f 286/300/319 285/297/319 316/360/319 317/329/319
f 273/301/320 272/299/320 303/361/320 304/331/320
f 320/335/321 319/333/321 350/362/321 351/363/321
f 307/336/322 306/334/322 337/364/322 338/365/322
f 321/337/323 320/335/323 351/363/323 352/366/323
f 308/338/324 307/336/324 338/365/324 339/367/324
f 295/340/325 1039/368/325 326/369/325
f 322/341/326 321/337/326 352/366/326 353/370/326
f 309/342/327 308/338/327 339/367/327 340/371/327
f 296/343/328 295/340/328 326/369/328 327/372/328
f 323/344/329 322/341/329 353/370/329 354/373/329
f 310/345/330 309/342/330 340/371/330 341/374/330
f 297/346/331 296/343/331 327/372/331 328/375/331
f 324/347/332 323/344/332 354/373/332 355/376/332
f 311/348/333 310/345/333 341/374/333 342/377/333
f 298/349/334 297/346/334 328/375/334 329/378/334
f 325/350/335 324/347/335 355/376/335 356/379/335
f 312/351/336 311/348/336 342/377/336 343/380/336
f 299/352/337 298/349/337 329/378/337 330/381/337
f 1226/382/338 325/350/338 356/379/338
f 313/354/339 312/351/339 343/380/339 344/383/339
f 300/355/340 299/352/340 330/381/340 331/384/340
f 314/356/341 313/354/341 344/383/341 345/385/341
f 301/357/342 300/355/342 331/384/342 332/386/342
f 315/358/343 314/356/343 345/385/343 346/387/343
f 302/359/344 301/357/344 332/386/344 333/388/344
f 316/360/345 315/358/345 346/387/345 347/389/345
f 303/361/346 302/359/346 333/388/346 334/390/346
f 317/329/347 316/360/347 347/389/347 348/391/347
f 304/331/348 303/361/348 334/390/348 335/392/348
f 318/330/349 317/329/349 348/391/349 349/393/349
f 305/332/350 304/331/350 335/392/350 336/394/350
f 319/333/351 318/330/351 349/393/351 350/362/351
f 306/334/352 305/332/352 336/394/352 337/364/352
f 326/369/353 1039/395/353 357/396/353
f 353/370/354 352/366/354 383/397/354 384/398/354
f 340/371/355 339/367/355 370/399/355 371/400/355
f 327/372/356 326/369/356 357/396/356 358/401/356
f 354/373/357 353/370/357 384/398/357 385/402/357
f 341/374/358 340/371/358 371/400/358 372/403/358
f 328/375/359 327/372/359 358/401/359 359/404/359
f 355/376/360 354/373/360 385/402/360 386/405/360
f 342/377/361 341/374/361 372/403/361 373/406/361
f 329/378/362 328/375/362 359/404/362 360/407/362
f 356/379/363 355/376/363 386/405/363 387/408/363
f 343/380/364 342/377/364 373/406/364 374/409/364
f 330/381/365 329/378/365 360/407/365 361/410/365
f 1226/411/366 356/379/366 387/408/366
f 344/383/367 343/380/367 374/409/367 375/412/367
f 331/384/368 330/381/368 361/410/368 362/413/368
f 345/385/369 344/383/369 375/412/369 376/414/369
f 332/386/370 331/384/370 362/413/370 363/415/370
f 346/387/371 345/385/371 376/414/371 377/416/371
f 333/388/372 332/386/372 363/415/372 364/417/372
f 347/389/373 346/387/373 377/416/373 378/418/373
f 334/390/374 333/388/374 364/417/374 365/419/374
f 348/391/375 347/389/375 378/418/375 379/420/375
f 335/392/376 334/390/376 365/419/376 366/421/376
f 349/393/377 348/391/377 379/420/377 380/422/377
f 336/394/378 335/392/378 366/421/378 367/423/378
f 350/362/379 349/393/379 380/422/379 381/424/379
f 337/364/380 336/394/380 367/423/380 368/425/380
f 351/363/381 350/362/381 381/424/381 382/426/381
f 338/365/382 337/364/382 368/425/382 369/427/382
f 352/366/383 351/363/383 382/426/383 383/397/383
f 339/367/384 338/365/384 369/427/384 370/399/384
f 359/404/385 358/401/385 389/428/385 390/429/385
f 386/405/386 385/402/386 416/430/386 417/431/386
f 373/406/387 372/403/387 403/432/387 404/433/387
f 360/407/388 359/404/388 390/429/388 391/434/388
f 387/408/389 386/405/389 417/431/389 418/435/389
f 374/409/390 373/406/390 404/433/390 405/436/390
f 361/410/391 360/407/391 391/434/391 392/437/391
f 1226/438/392 387/408/392 418/435/392
f 375/412/393 374/409/393 405/436/393 406/439/393
f 362/413/394 361/410/394 392/437/394 393/440/394
f 376/414/395 375/412/395 406/439/395 407/441/395
f 363/415/396 362/413/396 393/440/396 394/442/396
f 377/416/397 376/414/397 407/441/397 408/443/397
f 364/417/398 363/415/398 394/442/398 395/444/398
f 378/418/399 377/416/399 408/443/399 409/445/399
f 365/419/400 364/417/400 395/444/400 396/446/400
f 379/420/401 378/418/401 409/445/401 410/447/401
f 366/421/402 365/419/402 396/446/402 397/448/402
f 380/422/403 379/420/403 410/447/403 411/449/403
f 367/423/404 366/421/404 397/448/404 398/450/404
f 381/424/405 380/422/405 411/449/405 412/451/405
f 368/425/406 367/423/406 398/450/406 399/452/406
f 382/426/407 381/424/407 412/451/407 413/453/407
f 369/427/408 368/425/408 399/452/408 400/454/408
f 383/397/409 382/426/409 413/453/409 414/455/409
f 370/399/410 369/427/410 400/454/410 401/456/410
f 357/396/411 1039/457/411 388/458/411
f 384/398/412 383/397/412 414/455/412 415/459/412
f 371/400/413 370/399/413 401/456/413 402/460/413
f 358/401/414 357/396/414 388/458/414 389/428/414
f 385/402/415 384/398/415 415/459/415 416/430/415
f 372/403/416 371/400/416 402/460/416 403/432/416
f 392/437/417 391/434/417 422/461/417 423/462/417
f 1226/463/418 418/435/418 449/464/418
f 406/439/419 405/436/419 436/465/419 437/466/419
f 393/440/420 392/437/420 423/462/420 424/467/420
f 407/441/421 406/439/421 437/466/421 438/468/421
f 394/442/422 393/440/422 424/467/422 425/469/422
f 408/443/423 407/441/423 438/468/423 439/470/423
f 395/444/424 394/442/424 425/469/424 426/471/424
f 409/445/425 408/443/425 439/470/425 440/472/425
f 396/446/426 395/444/426 426/471/426 427/473/426
f 410/447/427 409/445/427 440/472/427 441/474/427
f 397/448/428 396/446/428 427/473/428 428/475/428
f 411/449/429 410/447/429 441/474/429 442/476/429
f 398/450/430 397/448/430 428/475/430 429/477/430
f 412/451/431 411/449/431 442/476/431 443/478/431
f 399/452/432 398/450/432 429/477/432 430/479/432
f 413/453/433 412/451/433 443/478/433 444/480/433
f 400/454/434 399/452/434 430/479/434 431/481/434
f 414/455/435 413/453/435 444/480/435 445/482/435
f 401/456/436 400/454/436 431/481/436 432/483/436
f 388/458/437 1039/484/437 419/485/437
f 415/459/438 414/455/438 445/482/438 446/486/438
f 402/460/439 401/456/439 432/483/439 433/487/439
f 389/428/440 388/458/440 419/485/440 420/488/440
f 416/430/441 415/459/441 446/486/441 447/489/441
f 403/432/442 402/460/442 433/487/442 434/490/442
f 390/429/443 389/428/443 420/488/443 421/491/443
f 417/431/444 416/430/444 447/489/444 448/492/444
f 404/433/445 403/432/445 434/490/445 435/493/445
f 391/434/446 390/429/446 421/491/446 422/461/446
f 418/435/447 417/431/447 448/492/447 449/464/447
f 405/436/448 404/433/448 435/493/448 436/465/448
f 425/469/449 424/467/449 455/494/449 456/495/449
f 439/470/450 438/468/450 469/496/450 470/497/450
f 426/471/451 425/469/451 456/495/451 457/498/451
f 440/472/452 439/470/452 470/497/452 471/499/452
f 427/473/453 426/471/453 457/498/453 458/500/453
f 441/474/454 440/472/454 471/499/454 472/501/454
f 428/475/455 427/473/455 458/500/455 459/502/455
f 442/476/456 441/474/456 472/501/456 473/503/456
f 429/477/457 428/475/457 459/502/457 460/504/457
f 443/478/458 442/476/458 473/503/458 474/505/458
f 430/479/459 429/477/459 460/504/459 461/506/459
f 444/480/460 443/478/460 474/505/460 475/507/460
f 431/481/461 430/479/461 461/506/461 462/508/461
f 445/482/462 444/480/462 475/507/462 476/509/462
f 432/483/463 431/481/463 462/508/463 463/510/463
f 419/485/464 1039/511/464 450/512/464
f 446/486/465 445/482/465 476/509/465 477/513/465
f 433/487/466 432/483/466 463/510/466 464/514/466
f 420/488/467 419/485/467 450/512/467 451/515/467
f 447/489/468 446/486/468 477/513/468 478/516/468
f 434/490/469 433/487/469 464/514/469 465/517/469
f 421/491/470 420/488/470 451/515/470 452/518/470
f 448/492/471 447/489/471 478/516/471 479/519/471
f 435/493/472 434/490/472 465/517/472 466/520/472
f 422/461/473 421/491/473 452/518/473 453/521/473
f 449/464/474 448/492/474 479/519/474 480/522/474
f 436/465/475 435/493/475 466/520/475 467/523/475
f 423/462/476 422/461/476 453/521/476 454/524/476
f 1226/525/477 449/464/477 480/522/477
f 437/466/478 436/465/478 467/523/478 468/526/478
f 424/467/479 423/462/479 454/524/479 455/494/479
f 438/468/480 437/466/480 468/526/480 469/496/480
f 458/500/481 457/498/481 488/527/481 489/528/481
f 472/501/482 471/499/482 502/529/482 503/530/482
f 459/502/483 458/500/483 489/528/483 490/531/483
f 473/503/484 472/501/484 503/530/484 504/532/484
f 460/504/485 459/502/485 490/531/485 491/533/485
f 474/505/486 473/503/486 504/532/486 505/534/486
f 461/506/487 460/504/487 491/533/487 492/535/487
f 475/507/488 474/505/488 505/534/488 506/536/488
f 462/508/489 461/506/489 492/535/489 493/537/489
f 476/509/490 475/507/490 506/536/490 507/538/490
f 463/510/491 462/508/491 493/537/491 494/539/491
f 450/512/492 1039/540/492 481/541/492
f 477/513/493 476/509/493 507/538/493 508/542/493
f 464/514/494 463/510/494 494/539/494 495/543/494
f 451/515/495 450/512/495 481/541/495 482/544/495
f 478/516/496 477/513/496 508/542/496 509/545/496
f 465/517/497 464/514/497 495/543/497 496/546/497
f 452/518/498 451/515/498 482/544/498 483/547/498
f 479/519/499 478/516/499 509/545/499 510/548/499
f 466/520/500 465/517/500 496/546/500 497/549/500
f 453/521/501 452/518/501 483/547/501 484/550/501
f 480/522/502 479/519/502 510/548/502 511/551/502
f 467/523/503 466/520/503 497/549/503 498/552/503
f 454/524/504 453/521/504 484/550/504 485/553/504
f 1226/554/505 480/522/505 511/551/505
f 468/526/506 467/523/506 498/552/506 499/555/506
f 455/494/507 454/524/507 485/553/507 486/556/507
f 469/496/508 468/526/508 499/555/508 500/557/508
f 456/495/509 455/494/509 486/556/509 487/558/509
f 470/497/510 469/496/510 500/557/510 501/559/510
f 457/498/511 456/495/511 487/558/511 488/527/511
f 471/499/512 470/497/512 501/559/512 502/529/512
f 491/533/513 490/531/513 521/560/513 522/561/513
f 505/534/514 504/532/514 535/562/514 536/563/514
f 492/535/515 491/533/515 522/561/515 523/564/515
f 506/536/516 505/534/516 536/563/516 537/565/516
f 493/537/517 492/535/517 523/564/517 524/566/517
f 507/538/518 506/536/518 537/565/518 538/567/518
f 494/539/519 493/537/519 524/566/519 525/568/519
f 481/541/520 1039/569/520 512/570/520
f 508/542/521 507/538/521 538/567/521 539/571/521
f 495/543/522 494/539/522 525/568/522 526/572/522
f 482/544/523 481/541/523 512/570/523 513/573/523
f 509/545/524 508/542/524 539/571/524 540/574/524
f 496/546/525 495/543/525 526/572/525 527/575/525
f 483/547/526 482/544/526 513/573/526 514/576/526
f 510/548/527 509/545/527 540/574/527 541/577/527
f 497/549/528 496/546/528 527/575/528 528/578/528
f 484/550/529 483/547/529 514/576/529 515/579/529
f 511/551/530 510/548/530 541/577/530 542/580/530
f 498/552/531 497/549/531 528/578/531 529/581/531
f 485/553/532 484/550/532 515/579/532 516/582/532
f 1226/583/533 511/551/533 542/580/533
f 499/555/534 498/552/534 529/581/534 530/584/534
f 486/556/535 485/553/535 516/582/535 517/585/535
f 500/557/536 499/555/536 530/584/536 531/586/536
f 487/558/537 486/556/537 517/585/537 518/587/537
f 501/559/538 500/557/538 531/586/538 532/588/538
f 488/527/539 487/558/539 518/587/539 519/589/539
f 502/529/540 501/559/540 532/588/540 533/590/540
f 489/528/541 488/527/541 519/589/541 520/591/541
f 503/530/542 502/529/542 533/590/542 534/592/542
f 490/531/543 489/528/543 520/591/543 521/560/543
f 504/532/544 503/530/544 534/592/544 535/562/544
f 524/566/545 523/564/545 554/593/545 555/594/545
f 538/567/546 537/565/546 568/595/546 569/596/546
f 525/568/547 524/566/547 555/594/547 556/597/547
f 512/570/548 1039/598/548 543/599/548
f 539/571/549 538/567/549 569/596/549 570/600/549
f 526/572/550 525/568/550 556/597/550 557/601/550
f 513/573/551 512/570/551 543/599/551 544/602/551
f 540/574/552 539/571/552 570/600/552 571/603/552
f 527/575/553 526/572/553 557/601/553 558/604/553
f 514/576/554 513/573/554 544/602/554 545/605/554
f 541/577/555 540/574/555 571/603/555 572/606/555
f 528/578/556 527/575/556 558/604/556 559/607/556
f 515/579/557 514/576/557 545/605/557 546/608/557
f 542/580/558 541/577/558 572/606/558 573/609/558
f 529/581/559 528/578/559 559/607/559 560/610/559
f 516/582/560 515/579/560 546/608/560 547/611/560
f 1226/612/561 542/580/561 573/609/561
f 530/584/562 529/581/562 560/610/562 561/613/562
f 517/585/563 516/582/563 547/611/563 548/614/563
f 531/586/564 530/584/564 561/613/564 562/615/564
f 518/587/565 517/585/565 548/614/565 549/616/565
f 532/588/566 531/586/566 562/615/566 563/617/566
f 519/589/567 518/587/567 549/616/567 550/618/567
f 533/590/568 532/588/568 563/617/568 564/619/568
f 520/591/569 519/589/569 550/618/569 551/620/569
f 534/592/570 533/590/570 564/619/570 565/621/570
f 521/560/571 520/591/571 551/620/571 552/622/571
f 535/562/572 534/592/572 565/621/572 566/623/572
f 522/561/573 521/560/573 552/622/573 553/624/573
f 536/563/574 535/562/574 566/623/574 567/625/574
f 523/564/575 522/561/575 553/624/575 554/593/575
f 537/565/576 536/563/576 567/625/576 568/595/576
f 557/601/577 556/597/577 587/626/577 588/627/577
f 544/602/578 543/599/578 574/628/578 575/629/578
f 571/603/579 570/600/579 601/630/579 602/631/579
f 558/604/580 557/601/580 588/627/580 589/632/580
f 545/605/581 544/602/581 575/629/581 576/633/581
f 572/606/582 571/603/582 602/631/582 603/634/582
f 559/607/583 558/604/583 589/632/583 590/635/583
f 546/608/584 545/605/584 576/633/584 577/636/584
f 573/609/585 572/606/585 603/634/585 604/637/585
f 560/610/586 559/607/586 590/635/586 591/638/586
f 547/611/587 546/608/587 577/636/587 578/639/587
f 1226/640/588 573/609/588 604/637/588
f 561/613/589 560/610/589 591/638/589 592/641/589
f 548/614/590 547/611/590 578/639/590 579/642/590
f 562/615/591 561/613/591 592/641/591 593/643/591
f 549/616/592 548/614/592 579/642/592 580/644/592
f 563/617/593 562/615/593 593/643/593 594/645/593
f 550/618/594 549/616/594 580/644/594 581/646/594
f 564/619/595 563/617/595 594/645/595 595/647/595
f 551/620/596 550/618/596 581/646/596 582/648/596
f 565/621/597 564/619/597 595/647/597 596/649/597
f 552/622/598 551/620/598 582/648/598 583/650/598
f 566/623/599 565/621/599 596/649/599 597/651/599
f 553/624/600 552/622/600 583/650/600 584/652/600
f 567/625/601 566/623/601 597/651/601 598/653/601
f 554/593/602 553/624/602 584/652/602 585/654/602
f 568/595/603 567/625/603 598/653/603 599/655/603
f 555/594/604 554/593/604 585/654/604 586/656/604
f 569/596/605 568/595/605 599/655/605 600/657/605
f 556/597/606 555/594/606 586/656/606 587/626/606
f 543/599/607 1039/658/607 574/628/607
f 570/600/608 569/596/608 600/657/608 601/630/608
f 590/635/609 589/632/609 620/659/609 621/660/609
f 577/636/610 576/633/610 607/661/610 608/662/610
f 604/637/611 603/634/611 634/663/611 635/664/611
f 591/638/612 590/635/612 621/660/612 622/665/612
f 578/639/613 577/636/613 608/662/613 609/666/613
f 1226/667/614 604/637/614 635/664/614
f 592/641/615 591/638/615 622/665/615 623/668/615
f 579/642/616 578/639/616 609/666/616 610/669/616
f 593/643/617 592/641/617 623/668/617 624/670/617
f 580/644/618 579/642/618 610/669/618 611/671/618
f 594/645/619 593/643/619 624/670/619 625/672/619
f 581/646/620 580/644/620 611/671/620 612/673/620
f 595/647/621 594/645/621 625/672/621 626/674/621
f 582/648/622 581/646/622 612/673/622 613/675/622
f 596/649/623 595/647/623 626/674/623 627/676/623
f 583/650/624 582/648/624 613/675/624 614/677/624
f 597/651/625 596/649/625 627/676/625 628/678/625
f 584/652/626 583/650/626 614/677/626 615/679/626
f 598/653/627 597/651/627 628/678/627 629/680/627
f 585/654/628 584/652/628 615/679/628 616/681/628
f 599/655/629 598/653/629 629/680/629 630/682/629
f 586/656/630 585/654/630 616/681/630 617/683/630
f 600/657/631 599/655/631 630/682/631 631/684/631
f 587/626/632 586/656/632 617/683/632 618/685/632
f 574/628/633 1039/686/633 605/687/633
f 601/630/634 600/657/634 631/684/634 632/688/634
f 588/627/635 587/626/635 618/685/635 619/689/635
f 575/629/636 574/628/636 605/687/636 606/690/636
f 602/631/637 601/630/637 632/688/637 633/691/637
f 589/632/638 588/627/638 619/689/638 620/659/638
f 576/633/639 575/629/639 606/690/639 607/661/639
f 603/634/640 602/631/640 633/691/640 634/663/640
f 623/668/641 622/665/641 653/692/641 654/693/641
f 610/669/642 609/666/642 640/694/642 641/695/642
f 624/670/643 623/668/643 654/693/643 655/696/643
f 611/671/644 610/669/644 641/695/644 642/697/644
f 625/672/645 624/670/645 655/696/645 656/698/645
f 612/673/646 611/671/646 642/697/646 643/699/646
f 626/674/647 625/672/647 656/698/647 657/700/647
f 613/675/648 612/673/648 643/699/648 644/701/648
f 627/676/649 626/674/649 657/700/649 658/702/649
f 614/677/650 613/675/650 644/701/650 645/703/650
f 628/678/651 627/676/651 658/702/651 659/704/651
f 615/679/652 614/677/652 645/703/652 646/705/652
f 629/680/653 628/678/653 659/704/653 660/706/653
f 616/681/654 615/679/654 646/705/654 647/707/654
f 630/682/655 629/680/655 660/706/655 661/708/655
f 617/683/656 616/681/656 647/707/656 648/709/656
f 631/684/657 630/682/657 661/708/657 662/710/657
f 618/685/658 617/683/658 648/709/658 649/711/658
f 605/687/659 1039/712/659 636/713/659
f 632/688/660 631/684/660 662/710/660 663/714/660
f 619/689/661 618/685/661 649/711/661 650/715/661
f 606/690/662 605/687/662 636/713/662 637/716/662
f 633/691/663 632/688/663 663/714/663 664/717/663
f 620/659/664 619/689/664 650/715/664 651/718/664
f 607/661/665 606/690/665 637/716/665 638/719/665
f 634/663/666 633/691/666 664/717/666 665/720/666
f 621/660/667 620/659/667 651/718/667 652/721/667
f 608/662/668 607/661/668 638/719/668 639/722/668
f 635/664/669 634/663/669 665/720/669 666/723/669
f 622/665/670 621/660/670 652/721/670 653/692/670
f 609/666/671 608/662/671 639/722/671 640/694/671
f 1226/724/672 635/664/672 666/723/672
f 656/698/673 655/696/673 686/725/673 687/726/673
f 643/699/674 642/697/674 673/727/674 674/728/674
f 657/700/675 656/698/675 687/726/675 688/729/675
f 644/701/676 643/699/676 674/728/676 675/730/676
f 658/702/677 657/700/677 688/729/677 689/731/677
f 645/703/678 644/701/678 675/730/678 676/732/678
f 659/704/679 658/702/679 689/731/679 690/733/679
f 646/705/680 645/703/680 676/732/680 677/734/680
f 660/706/681 659/704/681 690/733/681 691/735/681
f 647/707/682 646/705/682 677/734/682 678/736/682
f 661/708/683 660/706/683 691/735/683 692/737/683
f 648/709/684 647/707/684 678/736/684 679/738/684
f 662/710/685 661/708/685 692/737/685 693/739/685
f 649/711/686 648/709/686 679/738/686 680/740/686
f 636/713/687 1039/741/687 667/742/687
f 663/714/688 662/710/688 693/739/688 694/743/688
f 650/715/689 649/711/689 680/740/689 681/744/689
f 637/716/690 636/713/690 667/742/690 668/745/690
f 664/717/691 663/714/691 694/743/691 695/746/691
f 651/718/692 650/715/692 681/744/692 682/747/692
f 638/719/693 637/716/693 668/745/693 669/748/693
f 665/720/694 664/717/694 695/746/694 696/749/694
f 652/721/695 651/718/695 682/747/695 683/750/695
f 639/722/696 638/719/696 669/748/696 670/751/696
f 666/723/697 665/720/697 696/749/697 697/752/697
f 653/692/698 652/721/698 683/750/698 684/753/698
f 640/694/699 639/722/699 670/751/699 671/754/699
f 1226/755/700 666/723/700 697/752/700
f 654/693/701 653/692/701 684/753/701 685/756/701
f 641/695/702 640/694/702 671/754/702 672/757/702
f 655/696/703 654/693/703 685/756/703 686/725/703
f 642/697/704 641/695/704 672/757/704 673/727/704
f 689/731/705 688/729/705 719/758/705 720/759/705
f 676/732/706 675/730/706 706/760/706 707/761/706
f 690/733/707 689/731/707 720/759/707 721/762/707
f 677/734/708 676/732/708 707/761/708 708/763/708
f 691/735/709 690/733/709 721/762/709 722/764/709
f 678/736/710 677/734/710 708/763/710 709/765/710
f 692/737/711 691/735/711 722/764/711 723/766/711
f 679/738/712 678/736/712 709/765/712 710/767/712
f 693/739/713 692/737/713 723/766/713 724/768/713
f 680/740/714 679/738/714 710/767/714 711/769/714
f 667/742/715 1039/770/715 698/771/715
f 694/743/716 693/739/716 724/768/716 725/772/716
f 681/744/717 680/740/717 711/769/717 712/773/717
f 668/745/718 667/742/718 698/771/718 699/774/718
f 695/746/719 694/743/719 725/772/719 726/775/719
f 682/747/720 681/744/720 712/773/720 713/776/720
f 669/748/721 668/745/721 699/774/721 700/777/721
f 696/749/722 695/746/722 726/775/722 727/778/722
f 683/750/723 682/747/723 713/776/723 714/779/723
f 670/751/724 669/748/724 700/777/724 701/780/724
f 697/752/725 696/749/725 727/778/725 728/781/725
f 684/753/726 683/750/726 714/779/726 715/782/726
f 671/754/727 670/751/727 701/780/727 702/783/727
f 1226/784/728 697/752/728 728/781/728
f 685/756/729 684/753/729 715/782/729 716/785/729
f 672/757/730 671/754/730 702/783/730 703/786/730
f 686/725/731 685/756/731 716/785/731 717/787/731
f 673/727/732 672/757/732 703/786/732 704/788/732
f 687/726/733 686/725/733 717/787/733 718/789/733
f 674/728/734 673/727/734 704/788/734 705/790/734
f 688/729/735 687/726/735 718/789/735 719/758/735
f 675/730/736 674/728/736 705/790/736 706/760/736
f 722/764/737 721/762/737 752/791/737 753/792/737
f 709/765/738 708/763/738 739/793/738 740/794/738
f 723/766/739 722/764/739 753/792/739 754/795/739
f 710/767/740 709/765/740 740/794/740 741/796/740
f 724/768/741 723/766/741 754/795/741 755/797/741
f 711/769/742 710/767/742 741/796/742 742/798/742
f 698/771/743 1039/799/743 729/800/743
f 725/772/744 724/768/744 755/797/744 756/801/744
f 712/773/745 711/769/745 742/798/745 743/802/745
f 699/774/746 698/771/746 729/800/746 730/803/746
f 726/775/747 725/772/747 756/801/747 757/804/747
f 713/776/748 712/773/748 743/802/748 744/805/748
f 700/777/749 699/774/749 730/803/749 731/806/749
f 727/778/750 726/775/750 757/804/750 758/807/750
f 714/779/751 713/776/751 744/805/751 745/808/751
f 701/780/752 700/777/752 731/806/752 732/809/752
f 728/781/753 727/778/753 758/807/753 759/810/753
f 715/782/754 714/779/754 745/808/754 746/811/754
f 702/783/755 701/780/755 732/809/755 733/812/755
f 1226/813/756 728/781/756 759/810/756
f 716/785/757 715/782/757 746/811/757 747/814/757
f 703/786/758 702/783/758 733/812/758 734/815/758
f 717/787/759 716/785/759 747/814/759 748/816/759
f 704/788/760 703/786/760 734/815/760 735/817/760
f 718/789/761 717/787/761 748/816/761 749/818/761
f 705/790/762 704/788/762 735/817/762 736/819/762
f 719/758/763 718/789/763 749/818/763 750/820/763
f 706/760/764 705/790/764 736/819/764 737/821/764
f 720/759/765 719/758/765 750/820/765 751/822/765
f 707/761/766 706/760/766 737/821/766 738/823/766
f 721/762/767 720/759/767 751/822/767 752/791/767
f 708/763/768 707/761/768 738/823/768 739/793/768
f 755/797/769 754/795/769 785/824/769 786/825/769
f 742/798/770 741/796/770 772/826/770 773/827/770
f 729/800/771 1039/828/771 760/829/771
f 756/801/772 755/797/772 786/825/772 787/830/772
f 743/802/773 742/798/773 773/827/773 774/831/773
f 730/803/774 729/800/774 760/829/774 761/832/774
f 757/804/775 756/801/775 787/830/775 788/833/775
f 744/805/776 743/802/776 774/831/776 775/834/776
f 731/806/777 730/803/777 761/832/777 762/835/777
f 758/807/778 757/804/778 788/833/778 789/836/778
f 745/808/779 744/805/779 775/834/779 776/837/779
f 732/809/780 731/806/780 762/835/780 763/838/780
f 759/810/781 758/807/781 789/836/781 790/839/781
f 746/811/782 745/808/782 776/837/782 777/840/782
f 733/812/783 732/809/783 763/838/783 764/841/783
f 1226/842/784 759/810/784 790/839/784
f 747/814/785 746/811/785 777/840/785 778/843/785
f 734/815/786 733/812/786 764/841/786 765/844/786
f 748/816/787 747/814/787 778/843/787 779/845/787
f 735/817/788 734/815/788 765/844/788 766/846/788
f 749/818/789 748/816/789 779/845/789 780/847/789
f 736/819/790 735/817/790 766/846/790 767/848/790
f 750/820/791 749/818/791 780/847/791 781/849/791
f 737/821/792 736/819/792 767/848/792 768/850/792
f 751/822/793 750/820/793 781/849/793 782/851/793
f 738/823/794 737/821/794 768/850/794 769/852/794
f 752/791/795 751/822/795 782/851/795 783/853/795
f 739/793/796 738/823/796 769/852/796 770/854/796
f 753/792/797 752/791/797 783/853/797 784/855/797
f 740/794/798 739/793/798 770/854/798 771/856/798
f 754/795/799 753/792/799 784/855/799 785/824/799
f 741/796/800 740/794/800 771/856/800 772/826/800
f 788/833/801 787/830/801 818/857/801 819/858/801
f 775/834/802 774/831/802 805/859/802 806/860/802
f 762/835/803 761/832/803 792/861/803 793/862/803
f 789/836/804 788/833/804 819/858/804 820/863/804
f 776/837/805 775/834/805 806/860/805 807/864/805
f 763/838/806 762/835/806 793/862/806 794/865/806
f 790/839/807 789/836/807 820/863/807 821/866/807
f 777/840/808 776/837/808 807/864/808 808/867/808
f 764/841/809 763/838/809 794/865/809 795/868/809
f 1226/869/810 790/839/810 821/866/810
f 778/843/811 777/840/811 808/867/811 809/870/811
f 765/844/812 764/841/812 795/868/812 796/871/812
f 779/845/813 778/843/813 809/870/813 810/872/813
f 766/846/814 765/844/814 796/871/814 797/873/814
f 780/847/815 779/845/815 810/872/815 811/874/815
f 767/848/816 766/846/816 797/873/816 798/875/816
f 781/849/817 780/847/817 811/874/817 812/876/817
f 768/850/818 767/848/818 798/875/818 799/877/818
f 782/851/819 781/849/819 812/876/819 813/878/819
f 769/852/820 768/850/820 799/877/820 800/879/820
f 783/853/821 782/851/821 813/878/821 814/880/821
f 770/854/822 769/852/822 800/879/822 801/881/822
f 784/855/823 783/853/823 814/880/823 815/882/823
f 771/856/824 770/854/824 801/881/824 802/883/824
f 785/824/825 784/855/825 815/882/825 816/884/825
f 772/826/826 771/856/826 802/883/826 803/885/826
f 786/825/827 785/824/827 816/884/827 817/886/827
f 773/827/828 772/826/828 803/885/828 804/887/828
f 760/829/829 1039/888/829 791/889/829
f 787/830/830 786/825/830 817/886/830 818/857/830
f 774/831/831 773/827/831 804/887/831 805/859/831
f 761/832/832 760/829/832 791/889/832 792/861/832
f 805/859/833 804/887/833 835/890/833 836/891/833
f 792/861/834 791/889/834 822/892/834 823/893/834
f 819/858/835 818/857/835 849/894/835 850/895/835
f 806/860/836 805/859/836 836/891/836 837/896/836
f 793/862/837 792/861/837 823/893/837 824/897/837
f 820/863/838 819/858/838 850/895/838 851/898/838
f 807/864/839 806/860/839 837/896/839 838/899/839
f 794/865/840 793/862/840 824/897/840 825/900/840
f 821/866/841 820/863/841 851/898/841 852/901/841
f 808/867/842 807/864/842 838/899/842 839/902/842
f 795/868/843 794/865/843 825/900/843 826/903/843
f 1226/904/844 821/866/844 852/901/844
f 809/870/845 808/867/845 839/902/845 840/905/845
f 796/871/846 795/868/846 826/903/846 827/906/846
f 810/872/847 809/870/847 840/905/847 841/907/847
f 797/873/848 796/871/848 827/906/848 828/908/848
f 811/874/849 810/872/849 841/907/849 842/909/849
f 798/875/850 797/873/850 828/908/850 829/910/850
f 812/876/851 811/874/851 842/909/851 843/911/851
f 799/877/852 798/875/852 829/910/852 830/912/852
f 813/878/853 812/876/853 843/911/853 844/913/853
f 800/879/854 799/877/854 830/912/854 831/914/854
f 814/880/855 813/878/855 844/913/855 845/915/855
f 801/881/856 800/879/856 831/914/856 832/916/856
f 815/882/857 814/880/857 845/915/857 846/917/857
f 802/883/858 801/881/858 832/916/858 833/918/858
f 816/884/859 815/882/859 846/917/859 847/919/859
f 803/885/860 802/883/860 833/918/860 834/920/860
f 817/886/861 816/884/861 847/919/861 848/921/861
f 804/887/862 803/885/862 834/920/862 835/890/862
f 791/889/863 1039/922/863 822/892/863
f 818/857/864 817/886/864 848/921/864 849/894/864
f 838/899/865 837/896/865 868/923/865 869/924/865
f 825/900/866 824/897/866 855/925/866 856/926/866
f 852/901/867 851/898/867 882/927/867 883/928/867
f 839/902/868 838/899/868 869/924/868 870/929/868
f 826/903/869 825/900/869 856/926/869 857/930/869
f 1226/931/870 852/901/870 883/928/870
f 840/905/871 839/902/871 870/929/871 871/932/871
f 827/906/872 826/903/872 857/930/872 858/933/872
f 841/907/873 840/905/873 871/932/873 872/934/873
f 828/908/874 827/906/874 858/933/874 859/935/874
f 842/909/875 841/907/875 872/934/875 873/936/875
f 829/910/876 828/908/876 859/935/876 860/937/876
f 843/911/877 842/909/877 873/936/877 874/938/877
f 830/912/878 829/910/878 860/937/878 861/939/878
f 844/913/879 843/911/879 874/938/879 875/940/879
f 831/914/880 830/912/880 861/939/880 862/941/880
f 845/915/881 844/913/881 875/940/881 876/942/881
f 832/916/882 831/914/882 862/941/882 863/943/882
f 846/917/883 845/915/883 876/942/883 877/944/883
f 833/918/884 832/916/884 863/943/884 864/945/884
f 847/919/885 846/917/885 877/944/885 878/946/885
f 834/920/886 833/918/886 864/945/886 865/947/886
f 848/921/887 847/919/887 878/946/887 879/948/887
f 835/890/888 834/920/888 865/947/888 866/949/888
f 822/892/889 1039/950/889 853/951/889
f 849/894/890 848/921/890 879/948/890 880/952/890
f 836/891/891 835/890/891 866/949/891 867/953/891
f 823/893/892 822/892/892 853/951/892 854/954/892
f 850/895/893 849/894/893 880/952/893 881/955/893
f 837/896/894 836/891/894 867/953/894 868/923/894
f 824/897/895 823/893/895 854/954/895 855/925/895
f 851/898/896 850/895/896 881/955/896 882/927/896
f 871/932/897 870/929/897 901/956/897 902/957/897
f 858/933/898 857/930/898 888/958/898 889/959/898
f 872/934/899 871/932/899 902/957/899 903/960/899
f 859/935/900 858/933/900 889/959/900 890/961/900
f 873/936/901 872/934/901 903/960/901 904/962/901
f 860/937/902 859/935/902 890/961/902 891/963/902
f 874/938/903 873/936/903 904/962/903 905/964/903
f 861/939/904 860/937/904 891/963/904 892/965/904
f 875/940/905 874/938/905 905/964/905 906/966/905
f 862/941/906 861/939/906 892/965/906 893/967/906
f 876/942/907 875/940/907 906/966/907 907/968/907
f 863/943/908 862/941/908 893/967/908 894/969/908
f 877/944/909 876/942/909 907/968/909 908/970/909
f 864/945/910 863/943/910 894/969/910 895/971/910
f 878/946/911 877/944/911 908/970/911 909/972/911
f 865/947/912 864/945/912 895/971/912 896/973/912
f 879/948/913 878/946/913 909/972/913 910/974/913
f 866/949/914 865/947/914 896/973/914 897/975/914
f 853/951/915 1039/976/915 884/977/915
f 880/952/916 879/948/916 910/974/916 911/978/916
f 867/953/917 866/949/917 897/975/917 898/979/917
f 854/954/918 853/951/918 884/977/918 885/980/918
f 881/955/919 880/952/919 911/978/919 912/981/919
f 868/923/920 867/953/920 898/979/920 899/982/920
f 855/925/921 854/954/921 885/980/921 886/983/921
f 882/927/922 881/955/922 912/981/922 913/984/922
f 869/924/923 868/923/923 899/982/923 900/985/923
f 856/926/924 855/925/924 886/983/924 887/986/924
f 883/928/925 882/927/925 913/984/925 914/987/925
f 870/929/926 869/924/926 900/985/926 901/956/926
f 857/930/927 856/926/927 887/986/927 888/958/927
f 1226/988/928 883/928/928 914/987/928
f 904/962/929 903/960/929 934/989/929 935/990/929
f 891/963/930 890/961/930 921/991/930 922/992/930
f 905/964/931 904/962/931 935/990/931 936/993/931
f 892/965/932 891/963/932 922/992/932 923/994/932
f 906/966/933 905/964/933 936/993/933 937/995/933
f 893/967/934 892/965/934 923/994/934 924/996/934
f 907/968/935 906/966/935 937/995/935 938/997/935
f 894/969/936 893/967/936 924/996/936 925/998/936
f 908/970/937 907/968/937 938/997/937 939/999/937
f 895/971/938 894/969/938 925/998/938 926/1000/938
f 909/972/939 908/970/939 939/999/939 940/1001/939
f 896/973/940 895/971/940 926/1000/940 927/1002/940
f 910/974/941 909/972/941 940/1001/941 941/1003/941
f 897/975/942 896/973/942 927/1002/942 928/1004/942
f 884/977/943 1039/1005/943 915/1006/943
f 911/978/944 910/974/944 941/1003/944 942/1007/944
f 898/979/945 897/975/945 928/1004/945 929/1008/945
f 885/980/946 884/977/946 915/1006/946 916/1009/946
f 912/981/947 911/978/947 942/1007/947 943/1010/947
f 899/982/948 898/979/948 929/1008/948 930/1011/948
f 886/983/949 885/980/949 916/1009/949 917/1012/949
f 913/984/950 912/981/950 943/1010/950 944/1013/950
f 900/985/951 899/982/951 930/1011/951 931/1014/951
f 887/986/952 886/983/952 917/1012/952 918/1015/952
f 914/987/953 913/984/953 944/1013/953 945/1016/953
f 901/956/954 900/985/954 931/1014/954 932/1017/954
f 888/958/955 887/986/955 918/1015/955 919/1018/955
f 1226/1019/956 914/987/956 945/1016/956
f 902/957/957 901/956/957 932/1017/957 933/1020/957
f 889/959/958 888/958/958 919/1018/958 920/1021/958
f 903/960/959 902/957/959 933/1020/959 934/989/959
f 890/961/960 889/959/960 920/1021/960 921/991/960
f 937/995/961 936/993/961 967/1022/961 968/1023/961
f 924/996/962 923/994/962 954/1024/962 955/1025/962
f 938/997/963 937/995/963 968/1023/963 969/1026/963
f 925/998/964 924/996/964 955/1025/964 956/1027/964
f 939/999/965 938/997/965 969/1026/965 970/1028/965
f 926/1000/966 925/998/966 956/1027/966 957/1029/966
f 940/1001/967 939/999/967 970/1028/967 971/1030/967
f 927/1002/968 926/1000/968 957/1029/968 958/1031/968
f 941/1003/969 940/1001/969 971/1030/969 972/1032/969
f 928/1004/970 927/1002/970 958/1031/970 959/1033/970
f 915/1006/971 1039/1034/971 946/1035/971
f 942/1007/972 941/1003/972 972/1032/972 973/1036/972
f 929/1008/973 928/1004/973 959/1033/973 960/1037/973
f 916/1009/974 915/1006/974 946/1035/974 947/1038/974
f 943/1010/975 942/1007/975 973/1036/975 974/1039/975
f 930/1011/976 929/1008/976 960/1037/976 961/1040/976
f 917/1012/977 916/1009/977 947/1038/977 948/1041/977
f 944/1013/978 943/1010/978 974/1039/978 975/1042/978
f 931/1014/979 930/1011/979 961/1040/979 962/1043/979
f 918/1015/980 917/1012/980 948/1041/980 949/1044/980
f 945/1016/981 944/1013/981 975/1042/981 976/1045/981
f 932/1017/982 931/1014/982 962/1043/982 963/1046/982
f 919/1018/983 918/1015/983 949/1044/983 950/1047/983
f 1226/1048/984 945/1016/984 976/1045/984
f 933/1020/985 932/1017/985 963/1046/985 964/1049/985
f 920/1021/986 919/1018/986 950/1047/986 951/1050/986
f 934/989/987 933/1020/987 964/1049/987 965/1051/987
f 921/991/988 920/1021/988 951/1050/988 952/1052/988
f 935/990/989 934/989/989 965/1051/989 966/1053/989
f 922/992/990 921/991/990 952/1052/990 953/1054/990
f 936/993/991 935/990/991 966/1053/991 967/1022/991
f 923/994/992 922/992/992 953/1054/992 954/1024/992
f 970/1028/993 969/1026/993 1000/1055/993 1001/1056/993
f 957/1029/994 956/1027/994 987/1057/994 988/1058/994
f 971/1030/995 970/1028/995 1001/1056/995 1002/1059/995
f 958/1031/996 957/1029/996 988/1058/996 989/1060/996
f 972/1032/997 971/1030/997 1002/1059/997 1003/1061/997
f 959/1033/998 958/1031/998 989/1060/998 990/1062/998
f 946/1035/999 1039/1063/999 977/1064/999
f 973/1036/1000 972/1032/1000 1003/1061/1000 1004/1065/1000
f 960/1037/1001 959/1033/1001 990/1062/1001 991/1066/1001
f 947/1038/1002 946/1035/1002 977/1064/1002 978/1067/1002
f 974/1039/1003 973/1036/1003 1004/1065/1003 1005/1068/1003
f 961/1040/1004 960/1037/1004 991/1066/1004 992/1069/1004
f 948/1041/1005 947/1038/1005 978/1067/1005 979/1070/1005
f 975/1042/1006 974/1039/1006 1005/1068/1006 1006/1071/1006
f 962/1043/1007 961/1040/1007 992/1069/1007 993/1072/1007
f 949/1044/1008 948/1041/1008 979/1070/1008 980/1073/1008
f 976/1045/1009 975/1042/1009 1006/1071/1009 1007/1074/1009
f 963/1046/1010 962/1043/1010 993/1072/1010 994/1075/1010
f 950/1047/1011 949/1044/1011 980/1073/1011 981/1076/1011
f 1226/1077/1012 976/1045/1012 1007/1074/1012
f 964/1049/1013 963/1046/1013 994/1075/1013 995/1078/1013
f 951/1050/1014 950/1047/1014 981/1076/1014 982/1079/1014
f 965/1051/1015 964/1049/1015 995/1078/1015 996/1080/1015
f 952/1052/1016 951/1050/1016 982/1079/1016 983/1081/1016
f 966/1053/1017 965/1051/1017 996/1080/1017 997/1082/1017
f 953/1054/1018 952/1052/1018 983/1081/1018 984/1083/1018
f 967/1022/1019 966/1053/1019 997/1082/1019 998/1084/1019
f 954/1024/1020 953/1054/1020 984/1083/1020 985/1085/1020
f 968/1023/1021 967/1022/1021 998/1084/1021 999/1086/1021
f 955/1025/1022 954/1024/1022 985/1085/1022 986/1087/1022
f 969/1026/1023 968/1023/1023 999/1086/1023 1000/1055/1023
f 956/1027/1024 955/1025/1024 986/1087/1024 987/1057/1024
f 1003/1061/1025 1002/1059/1025 1033/1088/1025 1034/1089/1025
f 990/1062/1026 989/1060/1026 1020/1090/1026 1021/1091/1026
f 977/1064/1027 1039/1092/1027 1008/1093/1027
f 1004/1065/1028 1003/1061/1028 1034/1089/1028 1035/1094/1028
f 991/1066/1029 990/1062/1029 1021/1091/1029 1022/1095/1029
f 978/1067/1030 977/1064/1030 1008/1093/1030 1009/1096/1030
f 1005/1068/1031 1004/1065/1031 1035/1094/1031 1036/1097/1031
f 992/1069/1032 991/1066/1032 1022/1095/1032 1023/1098/1032
f 979/1070/1033 978/1067/1033 1009/1096/1033 1010/1099/1033
f 1006/1071/1034 1005/1068/1034 1036/1097/1034 1037/1100/1034
f 993/1072/1035 992/1069/1035 1023/1098/1035 1024/1101/1035
f 980/1073/1036 979/1070/1036 1010/1099/1036 1011/1102/1036
f 1007/1074/1037 1006/1071/1037 1037/1100/1037 1038/1103/1037
f 994/1075/1038 993/1072/1038 1024/1101/1038 1025/1104/1038
f 981/1076/1039 980/1073/1039 1011/1102/1039 1012/1105/1039
f 1226/1106/1040 1007/1074/1040 1038/1103/1040
f 995/1078/1041 994/1075/1041 1025/1104/1041 1026/1107/1041
f 982/1079/1042 981/1076/1042 1012/1105/1042 1013/1108/1042
f 996/1080/1043 995/1078/1043 1026/1107/1043 1027/1109/1043
f 983/1081/1044 982/1079/1044 1013/1108/1044 1014/1110/1044
f 997/1082/1045 996/1080/1045 1027/1109/1045 1028/1111/1045
f 984/1083/1046 983/1081/1046 1014/1110/1046 1015/1112/1046
f 998/1084/1047 997/1082/1047 1028/1111/1047 1029/1113/1047
f 985/1085/1048 984/1083/1048 1015/1112/1048 1016/1114/1048
f 999/1086/1049 998/1084/1049 1029/1113/1049 1030/1115/1049
f 986/1087/1050 985/1085/1050 1016/1114/1050 1017/1116/1050
f 1000/1055/1051 999/1086/1051 1030/1115/1051 1031/1117/1051
f 987/1057/1052 986/1087/1052 1017/1116/1052 1018/1118/1052
f 1001/1056/1053 1000/1055/1053 1031/1117/1053 1032/1119/1053
f 988/1058/1054 987/1057/1054 1018/1118/1054 1019/1120/1054
f 1002/1059/1055 1001/1056/1055 1032/1119/1055 1033/1088/1055
f 989/1060/1056 988/1058/1056 1019/1120/1056 1020/1090/1056
f 1036/1097/1057 1035/1094/1057 1067/1121/1057 1068/1122/1057
f 1023/1098/1058 1022/1095/1058 1054/1123/1058 1055/1124/1058
f 1010/1099/1059 1009/1096/1059 1041/1125/1059 1042/1126/1059
f 1037/1100/1060 1036/1097/1060 1068/1122/1060 1069/1127/1060
f 1024/1101/1061 1023/1098/1061 1055/1124/1061 1056/1128/1061
f 1011/1102/1062 1010/1099/1062 1042/1126/1062 1043/1129/1062
f 1038/1103/1063 1037/1100/1063 1069/1127/1063 1070/1130/1063
f 1025/1104/1064 1024/1101/1064 1056/1128/1064 1057/1131/1064
f 1012/1105/1065 1011/1102/1065 1043/1129/1065 1044/1132/1065
f 1226/1133/1066 1038/1103/1066 1070/1130/1066
f 1026/1107/1067 1025/1104/1067 1057/1131/1067 1058/1134/1067
f 1013/1108/1068 1012/1105/1068 1044/1132/1068 1045/1135/1068
f 1027/1109/1069 1026/1107/1069 1058/1134/1069 1059/1136/1069
f 1014/1110/1070 1013/1108/1070 1045/1135/1070 1046/1137/1070
f 1028/1111/1071 1027/1109/1071 1059/1136/1071 1060/1138/1071
f 1015/1112/1072 1014/1110/1072 1046/1137/1072 1047/1139/1072
f 1029/1113/1073 1028/1111/1073 1060/1138/1073 1061/1140/1073
f 1016/1114/1074 1015/1112/1074 1047/1139/1074 1048/1141/1074
f 1030/1115/1075 1029/1113/1075 1061/1140/1075 1062/1142/1075
f 1017/1116/1076 1016/1114/1076 1048/1141/1076 1049/1143/1076
f 1031/1117/1077 1030/1115/1077 1062/1142/1077 1063/1144/1077
f 1018/1118/1078 1017/1116/1078 1049/1143/1078 1050/1145/1078
f 1032/1119/1079 1031/1117/1079 1063/1144/1079 1064/1146/1079
f 1019/1120/1080 1018/1118/1080 1050/1145/1080 1051/1147/1080
f 1033/1088/1081 1032/1119/1081 1064/1146/1081 1065/1148/1081
f 1020/1090/1082 1019/1120/1082 1051/1147/1082 1052/1149/1082
f 1034/1089/1083 1033/1088/1083 1065/1148/1083 1066/1150/1083
f 1021/1091/1084 1020/1090/1084 1052/1149/1084 1053/1151/1084
f 1008/1093/1085 1039/1152/1085 1040/1153/1085
f 1035/1094/1086 1034/1089/1086 1066/1150/1086 1067/1121/1086
f 1022/1095/1087 1021/1091/1087 1053/1151/1087 1054/1123/1087
f 1009/1096/1088 1008/1093/1088 1040/1153/1088 1041/1125/1088
f 1070/1130/1089 1069/1127/1089 1100/1154/1089 1101/1155/1089
f 1057/1131/1090 1056/1128/1090 1087/1156/1090 1088/1157/1090
f 1044/1132/1091 1043/1129/1091 1074/1158/1091 1075/1159/1091
f 1226/1160/1092 1070/1130/1092 1101/1155/1092
f 1058/1134/1093 1057/1131/1093 1088/1157/1093 1089/1161/1093
f 1045/1135/1094 1044/1132/1094 1075/1159/1094 1076/1162/1094
f 1059/1136/1095 1058/1134/1095 1089/1161/1095 1090/1163/1095
f 1046/1137/1096 1045/1135/1096 1076/1162/1096 1077/1164/1096
f 1060/1138/1097 1059/1136/1097 1090/1163/1097 1091/1165/1097
f 1047/1139/1098 1046/1137/1098 1077/1164/1098 1078/1166/1098
f 1061/1140/1099 1060/1138/1099 1091/1165/1099 1092/1167/1099
f 1048/1141/1100 1047/1139/1100 1078/1166/1100 1079/1168/1100
f 1062/1142/1101 1061/1140/1101 1092/1167/1101 1093/1169/1101
f 1049/1143/1102 1048/1141/1102 1079/1168/1102 1080/1170/1102
f 1063/1144/1103 1062/1142/1103 1093/1169/1103 1094/1171/1103
f 1050/1145/1104 1049/1143/1104 1080/1170/1104 1081/1172/1104
f 1064/1146/1105 1063/1144/1105 1094/1171/1105 1095/1173/1105
f 1051/1147/1106 1050/1145/1106 1081/1172/1106 1082/1174/1106
f 1065/1148/1107 1064/1146/1107 1095/1173/1107 1096/1175/1107
f 1052/1149/1108 1051/1147/1108 1082/1174/1108 1083/1176/1108
f 1066/1150/1109 1065/1148/1109 1096/1175/1109 1097/1177/1109
f 1053/1151/1110 1052/1149/1110 1083/1176/1110 1084/1178/1110
f 1040/1153/1111 1039/1179/1111 1071/1180/1111
f 1067/1121/1112 1066/1150/1112 1097/1177/1112 1098/1181/1112
f 1054/1123/1113 1053/1151/1113 1084/1178/1113 1085/1182/1113
f 1041/1125/1114 1040/1153/1114 1071/1180/1114 1072/1183/1114
f 1068/1122/1115 1067/1121/1115 1098/1181/1115 1099/1184/1115
f 1055/1124/1116 1054/1123/1116 1085/1182/1116 1086/1185/1116
f 1042/1126/1117 1041/1125/1117 1072/1183/1117 1073/1186/1117
f 1069/1127/1118 1068/1122/1118 1099/1184/1118 1100/1154/1118
f 1056/1128/1119 1055/1124/1119 1086/1185/1119 1087/1156/1119
f 1043/1129/1120 1042/1126/1120 1073/1186/1120 1074/1158/1120
f 1090/1163/1121 1089/1161/1121 1120/1187/1121 1121/1188/1121
f 1077/1164/1122 1076/1162/1122 1107/1189/1122 1108/1190/1122
f 1091/1165/1123 1090/1163/1123 1121/1188/1123 1122/1191/1123
f 1078/1166/1124 1077/1164/1124 1108/1190/1124 1109/1192/1124
f 1092/1167/1125 1091/1165/1125 1122/1191/1125 1123/1193/1125
f 1079/1168/1126 1078/1166/1126 1109/1192/1126 1110/1194/1126
f 1093/1169/1127 1092/1167/1127 1123/1193/1127 1124/1195/1127
f 1080/1170/1128 1079/1168/1128 1110/1194/1128 1111/1196/1128
f 1094/1171/1129 1093/1169/1129 1124/1195/1129 1125/1197/1129
f 1081/1172/1130 1080/1170/1130 1111/1196/1130 1112/1198/1130
f 1095/1173/1131 1094/1171/1131 1125/1197/1131 1126/1199/1131
f 1082/1174/1132 1081/1172/1132 1112/1198/1132 1113/1200/1132
f 1096/1175/1133 1095/1173/1133 1126/1199/1133 1127/1201/1133
f 1083/1176/1134 1082/1174/1134 1113/1200/1134 1114/1202/1134
f 1097/1177/1135 1096/1175/1135 1127/1201/1135 1128/1203/1135
f 1084/1178/1136 1083/1176/1136 1114/1202/1136 1115/1204/1136
f 1071/1180/1137 1039/1205/1137 1102/1206/1137
f 1098/1181/1138 1097/1177/1138 1128/1203/1138 1129/1207/1138
f 1085/1182/1139 1084/1178/1139 1115/1204/1139 1116/1208/1139
f 1072/1183/1140 1071/1180/1140 1102/1206/1140 1103/1209/1140
f 1099/1184/1141 1098/1181/1141 1129/1207/1141 1130/1210/1141
f 1086/1185/1142 1085/1182/1142 1116/1208/1142 1117/1211/1142
f 1073/1186/1143 1072/1183/1143 1103/1209/1143 1104/1212/1143
f 1100/1154/1144 1099/1184/1144 1130/1210/1144 1131/1213/1144
f 1087/1156/1145 1086/1185/1145 1117/1211/1145 1118/1214/1145
f 1074/1158/1146 1073/1186/1146 1104/1212/1146 1105/1215/1146
f 1101/1155/1147 1100/1154/1147 1131/1213/1147 1132/1216/1147
f 1088/1157/1148 1087/1156/1148 1118/1214/1148 1119/1217/1148
f 1075/1159/1149 1074/1158/1149 1105/1215/1149 1106/1218/1149
f 1226/1219/1150 1101/1155/1150 1132/1216/1150
f 1089/1161/1151 1088/1157/1151 1119/1217/1151 1120/1187/1151
f 1076/1162/1152 1075/1159/1152 1106/1218/1152 1107/1189/1152
f 1123/1193/1153 1122/1191/1153 1153/1220/1153 1154/1221/1153
f 1110/1194/1154 1109/1192/1154 1140/1222/1154 1141/1223/1154
f 1124/1195/1155 1123/1193/1155 1154/1221/1155 1155/1224/1155
f 1111/1196/1156 1110/1194/1156 1141/1223/1156 1142/1225/1156
f 1125/1197/1157 1124/1195/1157 1155/1224/1157 1156/1226/1157
f 1112/1198/1158 1111/1196/1158 1142/1225/1158 1143/1227/1158
f 1126/1199/1159 1125/1197/1159 1156/1226/1159 1157/1228/1159
f 1113/1200/1160 1112/1198/1160 1143/1227/1160 1144/1229/1160
f 1127/1201/1161 1126/1199/1161 1157/1228/1161 1158/1230/1161
f 1114/1202/1162 1113/1200/1162 1144/1229/1162 1145/1231/1162
f 1128/1203/1163 1127/1201/1163 1158/1230/1163 1159/1232/1163
f 1115/1204/1164 1114/1202/1164 1145/1231/1164 1146/1233/1164
f 1102/1206/1165 1039/1234/1165 1133/1235/1165
f 1129/1207/1166 1128/1203/1166 1159/1232/1166 1160/1236/1166
f 1116/1208/1167 1115/1204/1167 1146/1233/1167 1147/1237/1167
f 1103/1209/1168 1102/1206/1168 1133/1235/1168 1134/1238/1168
f 1130/1210/1169 1129/1207/1169 1160/1236/1169 1161/1239/1169
f 1117/1211/1170 1116/1208/1170 1147/1237/1170 1148/1240/1170
f 1104/1212/1171 1103/1209/1171 1134/1238/1171 1135/1241/1171
f 1131/1213/1172 1130/1210/1172 1161/1239/1172 1162/1242/1172
f 1118/1214/1173 1117/1211/1173 1148/1240/1173 1149/1243/1173
f 1105/1215/1174 1104/1212/1174 1135/1241/1174 1136/1244/1174
f 1132/1216/1175 1131/1213/1175 1162/1242/1175 1163/1245/1175
f 1119/1217/1176 1118/1214/1176 1149/1243/1176 1150/1246/1176
f 1106/1218/1177 1105/1215/1177 1136/1244/1177 1137/1247/1177
f 1226/1248/1178 1132/1216/1178 1163/1245/1178
f 1120/1187/1179 1119/1217/1179 1150/1246/1179 1151/1249/1179
f 1107/1189/1180 1106/1218/1180 1137/1247/1180 1138/1250/1180
f 1121/1188/1181 1120/1187/1181 1151/1249/1181 1152/1251/1181
f 1108/1190/1182 1107/1189/1182 1138/1250/1182 1139/1252/1182
f 1122/1191/1183 1121/1188/1183 1152/1251/1183 1153/1220/1183
f 1109/1192/1184 1108/1190/1184 1139/1252/1184 1140/1222/1184
f 1156/1226/1185 1155/1224/1185 1186/1253/1185 1187/1254/1185
f 1143/1227/1186 1142/1225/1186 1173/1255/1186 1174/1256/1186
f 1157/1228/1187 1156/1226/1187 1187/1254/1187 1188/1257/1187
f 1144/1229/1188 1143/1227/1188 1174/1256/1188 1175/1258/1188
f 1158/1230/1189 1157/1228/1189 1188/1257/1189 1189/1259/1189
f 1145/1231/1190 1144/1229/1190 1175/1258/1190 1176/1260/1190
f 1159/1232/1191 1158/1230/1191 1189/1259/1191 1190/1261/1191
f 1146/1233/1192 1145/1231/1192 1176/1260/1192 1177/1262/1192
f 1133/1235/1193 1039/1263/1193 1164/1264/1193
f 1160/1236/1194 1159/1232/1194 1190/1261/1194 1191/1265/1194
f 1147/1237/1195 1146/1233/1195 1177/1262/1195 1178/1266/1195
f 1134/1238/1196 1133/1235/1196 1164/1264/1196 1165/1267/1196
f 1161/1239/1197 1160/1236/1197 1191/1265/1197 1192/1268/1197
f 1148/1240/1198 1147/1237/1198 1178/1266/1198 1179/1269/1198
f 1135/1241/1199 1134/1238/1199 1165/1267/1199 1166/1270/1199
f 1162/1242/1200 1161/1239/1200 1192/1268/1200 1193/1271/1200
f 1149/1243/1201 1148/1240/1201 1179/1269/1201 1180/1272/1201
f 1136/1244/1202 1135/1241/1202 1166/1270/1202 1167/1273/1202
f 1163/1245/1203 1162/1242/1203 1193/1271/1203 1194/1274/1203
f 1150/1246/1204 1149/1243/1204 1180/1272/1204 1181/1275/1204
f 1137/1247/1205 1136/1244/1205 1167/1273/1205 1168/1276/1205
f 1226/1277/1206 1163/1245/1206 1194/1274/1206
f 1151/1249/1207 1150/1246/1207 1181/1275/1207 1182/1278/1207
f 1138/1250/1208 1137/1247/1208 1168/1276/1208 1169/1279/1208
f 1152/1251/1209 1151/1249/1209 1182/1278/1209 1183/1280/1209
f 1139/1252/1210 1138/1250/1210 1169/1279/1210 1170/1281/1210
f 1153/1220/1211 1152/1251/1211 1183/1280/1211 1184/1282/1211
f 1140/1222/1212 1139/1252/1212 1170/1281/1212 1171/1283/1212
f 1154/1221/1213 1153/1220/1213 1184/1282/1213 1185/1284/1213
f 1141/1223/1214 1140/1222/1214 1171/1283/1214 1172/1285/1214
f 1155/1224/1215 1154/1221/1215 1185/1284/1215 1186/1253/1215
f 1142/1225/1216 1141/1223/1216 1172/1285/1216 1173/1255/1216
f 1189/1259/1217 1188/1257/1217 1219/1286/1217 1220/1287/1217
f 1176/1260/1218 1175/1258/1218 1206/1288/1218 1207/1289/1218
f 1190/1261/1219 1189/1259/1219 1220/1287/1219 1221/1290/1219
f 1177/1262/1220 1176/1260/1220 1207/1289/1220 1208/1291/1220
f 1164/1264/1221 1039/1292/1221 1195/1293/1221
f 1191/1265/1222 1190/1261/1222 1221/1290/1222 1222/1294/1222
f 1178/1266/1223 1177/1262/1223 1208/1291/1223 1209/1295/1223
f 1165/1267/1224 1164/1264/1224 1195/1293/1224 1196/1296/1224
f 1192/1268/1225 1191/1265/1225 1222/1294/1225 1223/1297/1225
f 1179/1269/1226 1178/1266/1226 1209/1295/1226 1210/1298/1226
f 1166/1270/1227 1165/1267/1227 1196/1296/1227 1197/1299/1227
f 1193/1271/1228 1192/1268/1228 1223/1297/1228 1224/1300/1228
f 1180/1272/1229 1179/1269/1229 1210/1298/1229 1211/1301/1229
f 1167/1273/1230 1166/1270/1230 1197/1299/1230 1198/1302/1230
f 1194/1274/1231 1193/1271/1231 1224/1300/1231 1225/1303/1231
f 1181/1275/1232 1180/1272/1232 1211/1301/1232 1212/1304/1232
f 1168/1276/1233 1167/1273/1233 1198/1302/1233 1199/1305/1233
f 1226/1306/1234 1194/1274/1234 1225/1303/1234
f 1182/1278/1235 1181/1275/1235 1212/1304/1235 1213/1307/1235
f 1169/1279/1236 1168/1276/1236 1199/1305/1236 1200/1308/1236
f 1183/1280/1237 1182/1278/1237 1213/1307/1237 1214/1309/1237
f 1170/1281/1238 1169/1279/1238 1200/1308/1238 1201/1310/1238
f 1184/1282/1239 1183/1280/1239 1214/1309/1239 1215/1311/1239
f 1171/1283/1240 1170/1281/1240 1201/1310/1240 1202/1312/1240
f 1185/1284/1241 1184/1282/1241 1215/1311/1241 1216/1313/1241
f 1172/1285/1242 1171/1283/1242 1202/1312/1242 1203/1314/1242
f 1186/1253/1243 1185/1284/1243 1216/1313/1243 1217/1315/1243
f 1173/1255/1244 1172/1285/1244 1203/1314/1244 1204/1316/1244
f 1187/1254/1245 1186/1253/1245 1217/1315/1245 1218/1317/1245
f 1174/1256/1246 1173/1255/1246 1204/1316/1246 1205/1318/1246
f 1188/1257/1247 1187/1254/1247 1218/1317/1247 1219/1286/1247
f 1175/1258/1248 1174/1256/1248 1205/1318/1248 1206/1288/1248
f 1195/1293/1249 1039/1319/1249 1227/1320/1249
f 1222/1294/1250 1221/1290/1250 1253/1321/1250 1254/1322/1250
f 1209/1295/1251 1208/1291/1251 1240/1323/1251 1241/1324/1251
f 1196/1296/1252 1195/1293/1252 1227/1320/1252 1228/1325/1252
f 1223/1297/1253 1222/1294/1253 1254/1322/1253 1255/1326/1253
f 1210/1298/1254 1209/1295/1254 1241/1324/1254 1242/1327/1254
f 1197/1299/1255 1196/1296/1255 1228/1325/1255 1229/1328/1255
f 1224/1300/1256 1223/1297/1256 1255/1326/1256 1256/1329/1256
f 1211/1301/1257 1210/1298/1257 1242/1327/1257 1243/1330/1257
f 1198/1302/1258 1197/1299/1258 1229/1328/1258 1230/1331/1258
f 1225/1303/1259 1224/1300/1259 1256/1329/1259 1257/1332/1259
f 1212/1304/1260 1211/1301/1260 1243/1330/1260 1244/1333/1260
f 1199/1305/1261 1198/1302/1261 1230/1331/1261 1231/1334/1261
f 1226/1335/1262 1225/1303/1262 1257/1332/1262
f 1213/1307/1263 1212/1304/1263 1244/1333/1263 1245/1336/1263
f 1200/1308/1264 1199/1305/1264 1231/1334/1264 1232/1337/1264
f 1214/1309/1265 1213/1307/1265 1245/1336/1265 1246/1338/1265
f 1201/1310/1266 1200/1308/1266 1232/1337/1266 1233/1339/1266
f 1215/1311/1267 1214/1309/1267 1246/1338/1267 1247/1340/1267
f 1202/1312/1268 1201/1310/1268 1233/1339/1268 1234/1341/1268
f 1216/1313/1269 1215/1311/1269 1247/1340/1269 1248/1342/1269
f 1203/1314/1270 1202/1312/1270 1234/1341/1270 1235/1343/1270
f 1217/1315/1271 1216/1313/1271 1248/1342/1271 1249/1344/1271
f 1204/1316/1272 1203/1314/1272 1235/1343/1272 1236/1345/1272
f 1218/1317/1273 1217/1315/1273 1249/1344/1273 1250/1346/1273
f 1205/1318/1274 1204/1316/1274 1236/1345/1274 1237/1347/1274
f 1219/1286/1275 1218/1317/1275 1250/1346/1275 1251/1348/1275
f 1206/1288/1276 1205/1318/1276 1237/1347/1276 1238/1349/1276
f 1220/1287/1277 1219/1286/1277 1251/1348/1277 1252/1350/1277
f 1207/1289/1278 1206/1288/1278 1238/1349/1278 1239/1351/1278
f 1221/1290/1279 1220/1287/1279 1252/1350/1279 1253/1321/1279
f 1208/1291/1280 1207/1289/1280 1239/1351/1280 1240/1323/1280
f 1229/1328/1281 1228/1325/1281 1259/1352/1281 1260/1353/1281
f 1256/1329/1282 1255/1326/1282 1286/1354/1282 1287/1355/1282
f 1243/1330/1283 1242/1327/1283 1273/1356/1283 1274/1357/1283
f 1230/1331/1284 1229/1328/1284 1260/1353/1284 1261/1358/1284
f 1257/1332/1285 1256/1329/1285 1287/1355/1285 1288/1359/1285
f 1244/1333/1286 1243/1330/1286 1274/1357/1286 1275/1360/1286
f 1231/1334/1287 1230/1331/1287 1261/1358/1287 1262/1361/1287
f 1226/1362/1288 1257/1332/1288 1288/1359/1288
f 1245/1336/1289 1244/1333/1289 1275/1360/1289 1276/1363/1289
f 1232/1337/1290 1231/1334/1290 1262/1361/1290 1263/1364/1290
f 1246/1338/1291 1245/1336/1291 1276/1363/1291 1277/1365/1291
f 1233/1339/1292 1232/1337/1292 1263/1364/1292 1264/1366/1292
f 1247/1340/1293 1246/1338/1293 1277/1365/1293 1278/1367/1293
f 1234/1341/1294 1233/1339/1294 1264/1366/1294 1265/1368/1294
f 1248/1342/1295 1247/1340/1295 1278/1367/1295 1279/1369/1295
f 1235/1343/1296 1234/1341/1296 1265/1368/1296 1266/1370/1296
f 1249/1344/1297 1248/1342/1297 1279/1369/1297 1280/1371/1297
f 1236/1345/1298 1235/1343/1298 1266/1370/1298 1267/1372/1298
f 1250/1346/1299 1249/1344/1299 1280/1371/1299 1281/1373/1299
f 1237/1347/1300 1236/1345/1300 1267/1372/1300 1268/1374/1300
f 1251/1348/1301 1250/1346/1301 1281/1373/1301 1282/1375/1301
f 1238/1349/1302 1237/1347/1302 1268/1374/1302 1269/1376/1302
f 1252/1350/1303 1251/1348/1303 1282/1375/1303 1283/1377/1303
f 1239/1351/1304 1238/1349/1304 1269/1376/1304 1270/1378/1304
f 1253/1321/1305 1252/1350/1305 1283/1377/1305 1284/1379/1305
f 1240/1323/1306 1239/1351/1306 1270/1378/1306 1271/1380/1306
f 1227/1320/1307 1039/1381/1307 1258/1382/1307
f 1254/1322/1308 1253/1321/1308 1284/1379/1308 1285/1383/1308
f 1241/1324/1309 1240/1323/1309 1271/1380/1309 1272/1384/1309
f 1228/1325/1310 1227/1320/1310 1258/1382/1310 1259/1352/1310
f 1255/1326/1311 1254/1322/1311 1285/1383/1311 1286/1354/1311
f 1242/1327/1312 1241/1324/1312 1272/1384/1312 1273/1356/1312
f 1262/1361/1313 1261/1358/1313 1292/1385/1313 1293/1386/1313
f 1226/1387/1314 1288/1359/1314 1319/1388/1314
f 1276/1363/1315 1275/1360/1315 1306/1389/1315 1307/1390/1315
f 1263/1364/1316 1262/1361/1316 1293/1386/1316 1294/1391/1316
f 1277/1365/1317 1276/1363/1317 1307/1390/1317 1308/1392/1317
f 1264/1366/1318 1263/1364/1318 1294/1391/1318 1295/1393/1318
f 1278/1367/1319 1277/1365/1319 1308/1392/1319 1309/1394/1319
f 1265/1368/1320 1264/1366/1320 1295/1393/1320 1296/1395/1320
f 1279/1369/1321 1278/1367/1321 1309/1394/1321 1310/1396/1321
f 1266/1370/1322 1265/1368/1322 1296/1395/1322 1297/1397/1322
f 1280/1371/1323 1279/1369/1323 1310/1396/1323 1311/1398/1323
f 1267/1372/1324 1266/1370/1324 1297/1397/1324 1298/1399/1324
f 1281/1373/1325 1280/1371/1325 1311/1398/1325 1312/1400/1325
f 1268/1374/1326 1267/1372/1326 1298/1399/1326 1299/1401/1326
f 1282/1375/1327 1281/1373/1327 1312/1400/1327 1313/1402/1327
f 1269/1376/1328 1268/1374/1328 1299/1401/1328 1300/1403/1328
f 1283/1377/1329 1282/1375/1329 1313/1402/1329 1314/1404/1329
f 1270/1378/1330 1269/1376/1330 1300/1403/1330 1301/1405/1330
f 1284/1379/1331 1283/1377/1331 1314/1404/1331 1315/1406/1331
f 1271/1380/1332 1270/1378/1332 1301/1405/1332 1302/1407/1332
f 1258/1382/1333 1039/1408/1333 1289/1409/1333
f 1285/1383/1334 1284/1379/1334 1315/1406/1334 1316/1410/1334
f 1272/1384/1335 1271/1380/1335 1302/1407/1335 1303/1411/1335
f 1259/1352/1336 1258/1382/1336 1289/1409/1336 1290/1412/1336
f 1286/1354/1337 1285/1383/1337 1316/1410/1337 1317/1413/1337
f 1273/1356/1338 1272/1384/1338 1303/1411/1338 1304/1414/1338
f 1260/1353/1339 1259/1352/1339 1290/1412/1339 1291/1415/1339
f 1287/1355/1340 1286/1354/1340 1317/1413/1340 1318/1416/1340
f 1274/1357/1341 1273/1356/1341 1304/1414/1341 1305/1417/1341
f 1261/1358/1342 1260/1353/1342 1291/1415/1342 1292/1385/1342
f 1288/1359/1343 1287/1355/1343 1318/1416/1343 1319/1388/1343
f 1275/1360/1344 1274/1357/1344 1305/1417/1344 1306/1389/1344
f 1295/1393/1345 1294/1391/1345 1325/1418/1345 1326/1419/1345
f 1309/1394/1346 1308/1392/1346 1339/1420/1346 1340/1421/1346
f 1296/1395/1347 1295/1393/1347 1326/1419/1347 1327/1422/1347
f 1310/1396/1348 1309/1394/1348 1340/1421/1348 1341/1423/1348
f 1297/1397/1349 1296/1395/1349 1327/1422/1349 1328/1424/1349
f 1311/1398/1350 1310/1396/1350 1341/1423/1350 1342/1425/1350
f 1298/1399/1351 1297/1397/1351 1328/1424/1351 1329/1426/1351
f 1312/1400/1352 1311/1398/1352 1342/1425/1352 1343/1427/1352
f 1299/1401/1353 1298/1399/1353 1329/1426/1353 1330/1428/1353
f 1313/1402/1354 1312/1400/1354 1343/1427/1354 1344/1429/1354
f 1300/1403/1355 1299/1401/1355 1330/1428/1355 1331/1430/1355
f 1314/1404/1356 1313/1402/1356 1344/1429/1356 1345/1431/1356
f 1301/1405/1357 1300/1403/1357 1331/1430/1357 1332/1432/1357
f 1315/1406/1358 1314/1404/1358 1345/1431/1358 1346/1433/1358
f 1302/1407/1359 1301/1405/1359 1332/1432/1359 1333/1434/1359
f 1289/1409/1360 1039/1435/1360 1320/1436/1360
f 1316/1410/1361 1315/1406/1361 1346/1433/1361 1347/1437/1361
f 1303/1411/1362 1302/1407/1362 1333/1434/1362 1334/1438/1362
f 1290/1412/1363 1289/1409/1363 1320/1436/1363 1321/1439/1363
f 1317/1413/1364 1316/1410/1364 1347/1437/1364 1348/1440/1364
f 1304/1414/1365 1303/1411/1365 1334/1438/1365 1335/1441/1365
f 1291/1415/1366 1290/1412/1366 1321/1439/1366 1322/1442/1366
f 1318/1416/1367 1317/1413/1367 1348/1440/1367 1349/1443/1367
f 1305/1417/1368 1304/1414/1368 1335/1441/1368 1336/1444/1368
f 1292/1385/1369 1291/1415/1369 1322/1442/1369 1323/1445/1369
f 1319/1388/1370 1318/1416/1370 1349/1443/1370 1350/1446/1370
f 1306/1389/1371 1305/1417/1371 1336/1444/1371 1337/1447/1371
f 1293/1386/1372 1292/1385/1372 1323/1445/1372 1324/1448/1372
f 1226/1449/1373 1319/1388/1373 1350/1446/1373
f 1307/1390/1374 1306/1389/1374 1337/1447/1374 1338/1450/1374
f 1294/1391/1375 1293/1386/1375 1324/1448/1375 1325/1418/1375
f 1308/1392/1376 1307/1390/1376 1338/1450/1376 1339/1420/1376
f 1328/1424/1377 1327/1422/1377 1358/1451/1377 1359/1452/1377
f 1342/1425/1378 1341/1423/1378 1372/1453/1378 1373/1454/1378
f 1329/1426/1379 1328/1424/1379 1359/1452/1379 1360/1455/1379
f 1343/1427/1380 1342/1425/1380 1373/1454/1380 1374/1456/1380
f 1330/1428/1381 1329/1426/1381 1360/1455/1381 1361/1457/1381
f 1344/1429/1382 1343/1427/1382 1374/1456/1382 1375/1458/1382
f 1331/1430/1383 1330/1428/1383 1361/1457/1383 1362/1459/1383
f 1345/1431/1384 1344/1429/1384 1375/1458/1384 1376/1460/1384
f 1332/1432/1385 1331/1430/1385 1362/1459/1385 1363/1461/1385
f 1346/1433/1386 1345/1431/1386 1376/1460/1386 1377/1462/1386
f 1333/1434/1387 1332/1432/1387 1363/1461/1387 1364/1463/1387
f 1320/1436/1388 1039/1464/1388 1351/1465/1388
f 1347/1437/1389 1346/1433/1389 1377/1462/1389 1378/1466/1389
f 1334/1438/1390 1333/1434/1390 1364/1463/1390 1365/1467/1390
f 1321/1439/1391 1320/1436/1391 1351/1465/1391 1352/1468/1391
f 1348/1440/1392 1347/1437/1392 1378/1466/1392 1379/1469/1392
f 1335/1441/1393 1334/1438/1393 1365/1467/1393 1366/1470/1393
f 1322/1442/1394 1321/1439/1394 1352/1468/1394 1353/1471/1394
f 1349/1443/1395 1348/1440/1395 1379/1469/1395 1380/1472/1395
f 1336/1444/1396 1335/1441/1396 1366/1470/1396 1367/1473/1396
f 1323/1445/1397 1322/1442/1397 1353/1471/1397 1354/1474/1397
f 1350/1446/1398 1349/1443/1398 1380/1472/1398 1381/1475/1398
f 1337/1447/1399 1336/1444/1399 1367/1473/1399 1368/1476/1399
f 1324/1448/1400 1323/1445/1400 1354/1474/1400 1355/1477/1400
f 1226/1478/1401 1350/1446/1401 1381/1475/1401
f 1338/1450/1402 1337/1447/1402 1368/1476/1402 1369/1479/1402
f 1325/1418/1403 1324/1448/1403 1355/1477/1403 1356/1480/1403
f 1339/1420/1404 1338/1450/1404 1369/1479/1404 1370/1481/1404
f 1326/1419/1405 1325/1418/1405 1356/1480/1405 1357/1482/1405
f 1340/1421/1406 1339/1420/1406 1370/1481/1406 1371/1483/1406
f 1327/1422/1407 1326/1419/1407 1357/1482/1407 1358/1451/1407
f 1341/1423/1408 1340/1421/1408 1371/1483/1408 1372/1453/1408
f 1361/1457/1409 1360/1455/1409 1391/1484/1409 1392/1485/1409
f 1375/1458/1410 1374/1456/1410 1405/1486/1410 1406/1487/1410
f 1362/1459/1411 1361/1457/1411 1392/1485/1411 1393/1488/1411
f 1376/1460/1412 1375/1458/1412 1406/1487/1412 1407/1489/1412
f 1363/1461/1413 1362/1459/1413 1393/1488/1413 1394/1490/1413
f 1377/1462/1414 1376/1460/1414 1407/1489/1414 1408/1491/1414
f 1364/1463/1415 1363/1461/1415 1394/1490/1415 1395/1492/1415
f 1351/1465/1416 1039/1493/1416 1382/1494/1416
f 1378/1466/1417 1377/1462/1417 1408/1491/1417 1409/1495/1417
f 1365/1467/1418 1364/1463/1418 1395/1492/1418 1396/1496/1418
f 1352/1468/1419 1351/1465/1419 1382/1494/1419 1383/1497/1419
f 1379/1469/1420 1378/1466/1420 1409/1495/1420 1410/1498/1420
f 1366/1470/1421 1365/1467/1421 1396/1496/1421 1397/1499/1421
f 1353/1471/1422 1352/1468/1422 1383/1497/1422 1384/1500/1422
f 1380/1472/1423 1379/1469/1423 1410/1498/1423 1411/1501/1423
f 1367/1473/1424 1366/1470/1424 1397/1499/1424 1398/1502/1424
f 1354/1474/1425 1353/1471/1425 1384/1500/1425 1385/1503/1425
f 1381/1475/1426 1380/1472/1426 1411/1501/1426 1412/1504/1426
f 1368/1476/1427 1367/1473/1427 1398/1502/1427 1399/1505/1427
f 1355/1477/1428 1354/1474/1428 1385/1503/1428 1386/1506/1428
f 1226/1507/1429 1381/1475/1429 1412/1504/1429
f 1369/1479/1430 1368/1476/1430 1399/1505/1430 1400/1508/1430
f 1356/1480/1431 1355/1477/1431 1386/1506/1431 1387/1509/1431
f 1370/1481/1432 1369/1479/1432 1400/1508/1432 1401/1510/1432
f 1357/1482/1433 1356/1480/1433 1387/1509/1433 1388/1511/1433
f 1371/1483/1434 1370/1481/1434 1401/1510/1434 1402/1512/1434
f 1358/1451/1435 1357/1482/1435 1388/1511/1435 1389/1513/1435
f 1372/1453/1436 1371/1483/1436 1402/1512/1436 1403/1514/1436
f 1359/1452/1437 1358/1451/1437 1389/1513/1437 1390/1515/1437
f 1373/1454/1438 1372/1453/1438 1403/1514/1438 1404/1516/1438
f 1360/1455/1439 1359/1452/1439 1390/1515/1439 1391/1484/1439
f 1374/1456/1440 1373/1454/1440 1404/1516/1440 1405/1486/1440
f 1394/1490/1441 1393/1488/1441 1424/1517/1441 1425/1518/1441
f 1408/1491/1442 1407/1489/1442 1438/1519/1442 1439/1520/1442
f 1395/1492/1443 1394/1490/1443 1425/1518/1443 1426/1521/1443
f 1382/1494/1444 1039/1522/1444 1413/1523/1444
f 1409/1495/1445 1408/1491/1445 1439/1520/1445 1440/1524/1445
f 1396/1496/1446 1395/1492/1446 1426/1521/1446 1427/1525/1446
f 1383/1497/1447 1382/1494/1447 1413/1523/1447 1414/1526/1447
f 1410/1498/1448 1409/1495/1448 1440/1524/1448 1441/1527/1448
f 1397/1499/1449 1396/1496/1449 1427/1525/1449 1428/1528/1449
f 1384/1500/1450 1383/1497/1450 1414/1526/1450 1415/1529/1450
f 1411/1501/1451 1410/1498/1451 1441/1527/1451 1442/1530/1451
f 1398/1502/1452 1397/1499/1452 1428/1528/1452 1429/1531/1452
f 1385/1503/1453 1384/1500/1453 1415/1529/1453 1416/1532/1453
f 1412/1504/1454 1411/1501/1454 1442/1530/1454 1443/1533/1454
f 1399/1505/1455 1398/1502/1455 1429/1531/1455 1430/1534/1455
f 1386/1506/1456 1385/1503/1456 1416/1532/1456 1417/1535/1456
f 1226/1536/1457 1412/1504/1457 1443/1533/1457
f 1400/1508/1458 1399/1505/1458 1430/1534/1458 1431/1537/1458
f 1387/1509/1459 1386/1506/1459 1417/1535/1459 1418/1538/1459
f 1401/1510/1460 1400/1508/1460 1431/1537/1460 1432/1539/1460
f 1388/1511/1461 1387/1509/1461 1418/1538/1461 1419/1540/1461
f 1402/1512/1462 1401/1510/1462 1432/1539/1462 1433/1541/1462
f 1389/1513/1463 1388/1511/1463 1419/1540/1463 1420/1542/1463
f 1403/1514/1464 1402/1512/1464 1433/1541/1464 1434/1543/1464
f 1390/1515/1465 1389/1513/1465 1420/1542/1465 1421/1544/1465
f 1404/1516/1466 1403/1514/1466 1434/1543/1466 1435/1545/1466
f 1391/1484/1467 1390/1515/1467 1421/1544/1467 1422/1546/1467
f 1405/1486/1468 1404/1516/1468 1435/1545/1468 1436/1547/1468
f 1392/1485/1469 1391/1484/1469 1422/1546/1469 1423/1548/1469
f 1406/1487/1470 1405/1486/1470 1436/1547/1470 1437/1549/1470
f 1393/1488/1471 1392/1485/1471 1423/1548/1471 1424/1517/1471
f 1407/1489/1472 1406/1487/1472 1437/1549/1472 1438/1519/1472
f 1427/1525/1473 1426/1521/1473 1457/1550/1473 1458/1551/1473
f 1414/1526/1474 1413/1523/1474 1444/1552/1474 1445/1553/1474
f 1441/1527/1475 1440/1524/1475 1471/1554/1475 1472/1555/1475
f 1428/1528/1476 1427/1525/1476 1458/1551/1476 1459/1556/1476
f 1415/1529/1477 1414/1526/1477 1445/1553/1477 1446/1557/1477
f 1442/1530/1478 1441/1527/1478 1472/1555/1478 1473/1558/1478
f 1429/1531/1479 1428/1528/1479 1459/1556/1479 1460/1559/1479
f 1416/1532/1480 1415/1529/1480 1446/1557/1480 1447/1560/1480
f 1443/1533/1481 1442/1530/1481 1473/1558/1481 1474/1561/1481
f 1430/1534/1482 1429/1531/1482 1460/1559/1482 1461/1562/1482
f 1417/1535/1483 1416/1532/1483 1447/1560/1483 1448/1563/1483
f 1226/1564/1484 1443/1533/1484 1474/1561/1484
f 1431/1537/1485 1430/1534/1485 1461/1562/1485 1462/1565/1485
f 1418/1538/1486 1417/1535/1486 1448/1563/1486 1449/1566/1486
f 1432/1539/1487 1431/1537/1487 1462/1565/1487 1463/1567/1487
f 1419/1540/1488 1418/1538/1488 1449/1566/1488 1450/1568/1488
f 1433/1541/1489 1432/1539/1489 1463/1567/1489 1464/1569/1489
f 1420/1542/1490 1419/1540/1490 1450/1568/1490 1451/1570/1490
f 1434/1543/1491 1433/1541/1491 1464/1569/1491 1465/1571/1491
f 1421/1544/1492 1420/1542/1492 1451/1570/1492 1452/1572/1492
f 1435/1545/1493 1434/1543/1493 1465/1571/1493 1466/1573/1493
f 1422/1546/1494 1421/1544/1494 1452/1572/1494 1453/1574/1494
f 1436/1547/1495 1435/1545/1495 1466/1573/1495 1467/1575/1495
f 1423/1548/1496 1422/1546/1496 1453/1574/1496 1454/1576/1496
f 1437/1549/1497 1436/1547/1497 1467/1575/1497 1468/1577/1497
f 1424/1517/1498 1423/1548/1498 1454/1576/1498 1455/1578/1498
f 1438/1519/1499 1437/1549/1499 1468/1577/1499 1469/1579/1499
f 1425/1518/1500 1424/1517/1500 1455/1578/1500 1456/1580/1500
f 1439/1520/1501 1438/1519/1501 1469/1579/1501 1470/1581/1501
f 1426/1521/1502 1425/1518/1502 1456/1580/1502 1457/1550/1502
f 1413/1523/1503 1039/1582/1503 1444/1552/1503
f 1440/1524/1504 1439/1520/1504 1470/1581/1504 1471/1554/1504
f 1460/1559/1505 1459/1556/1505 1490/1583/1505 1491/1584/1505
f 1447/1560/1506 1446/1557/1506 1477/1585/1506 1478/1586/1506
f 1474/1561/1507 1473/1558/1507 1504/1587/1507 1505/1588/1507
f 1461/1562/1508 1460/1559/1508 1491/1584/1508 1492/1589/1508
f 1448/1563/1509 1447/1560/1509 1478/1586/1509 1479/1590/1509
f 1226/1591/1510 1474/1561/1510 1505/1588/1510
f 1462/1565/1511 1461/1562/1511 1492/1589/1511 1493/1592/1511
f 1449/1566/1512 1448/1563/1512 1479/1590/1512 1480/1593/1512
f 1463/1567/1513 1462/1565/1513 1493/1592/1513 1494/1594/1513
f 1450/1568/1514 1449/1566/1514 1480/1593/1514 1481/1595/1514
f 1464/1569/1515 1463/1567/1515 1494/1594/1515 1495/1596/1515
f 1451/1570/1516 1450/1568/1516 1481/1595/1516 1482/1597/1516
f 1465/1571/1517 1464/1569/1517 1495/1596/1517 1496/1598/1517
f 1452/1572/1518 1451/1570/1518 1482/1597/1518 1483/1599/1518
f 1466/1573/1519 1465/1571/1519 1496/1598/1519 1497/1600/1519
f 1453/1574/1520 1452/1572/1520 1483/1599/1520 1484/1601/1520
f 1467/1575/1521 1466/1573/1521 1497/1600/1521 1498/1602/1521
f 1454/1576/1522 1453/1574/1522 1484/1601/1522 1485/1603/1522
f 1468/1577/1523 1467/1575/1523 1498/1602/1523 1499/1604/1523
f 1455/1578/1524 1454/1576/1524 1485/1603/1524 1486/1605/1524
f 1469/1579/1525 1468/1577/1525 1499/1604/1525 1500/1606/1525
f 1456/1580/1526 1455/1578/1526 1486/1605/1526 1487/1607/1526
f 1470/1581/1527 1469/1579/1527 1500/1606/1527 1501/1608/1527
f 1457/1550/1528 1456/1580/1528 1487/1607/1528 1488/1609/1528
f 1444/1552/1529 1039/1610/1529 1475/1611/1529
f 1471/1554/1530 1470/1581/1530 1501/1608/1530 1502/1612/1530
f 1458/1551/1531 1457/1550/1531 1488/1609/1531 1489/1613/1531
f 1445/1553/1532 1444/1552/1532 1475/1611/1532 1476/1614/1532
f 1472/1555/1533 1471/1554/1533 1502/1612/1533 1503/1615/1533
f 1459/1556/1534 1458/1551/1534 1489/1613/1534 1490/1583/1534
f 1446/1557/1535 1445/1553/1535 1476/1614/1535 1477/1585/1535
f 1473/1558/1536 1472/1555/1536 1503/1615/1536 1504/1587/1536
f 1493/1616/1537 1492/1617/1537 1523/1618/1537 1524/1619/1537
f 1480/1620/1538 1479/1621/1538 1510/1622/1538 1511/1623/1538
f 1494/1624/1539 1493/1616/1539 1524/1619/1539 1525/1625/1539
f 1481/1626/1540 1480/1620/1540 1511/1623/1540 1512/1627/1540
f 1495/1628/1541 1494/1624/1541 1525/1625/1541 1526/1629/1541
f 1482/1630/1542 1481/1626/1542 1512/1627/1542 1513/1631/1542
f 1496/1632/1543 1495/1628/1543 1526/1629/1543 1527/1633/1543
f 1483/1634/1544 1482/1630/1544 1513/1631/1544 1514/1635/1544
f 1497/1636/1545 1496/1632/1545 1527/1633/1545 1528/1637/1545
f 1484/1638/1546 1483/1634/1546 1514/1635/1546 1515/1639/1546
f 1498/1640/1547 1497/1636/1547 1528/1637/1547 1529/1641/1547
f 1485/1642/1548 1484/1638/1548 1515/1639/1548 1516/1643/1548
f 1499/1644/1549 1498/1640/1549 1529/1641/1549 1530/1645/1549
f 1486/1646/1550 1485/1642/1550 1516/1643/1550 1517/1647/1550
f 1500/1648/1551 1499/1644/1551 1530/1645/1551 1531/1649/1551
f 1487/1650/1552 1486/1646/1552 1517/1647/1552 1518/1651/1552
f 1501/1652/1553 1500/1648/1553 1531/1649/1553 1532/1653/1553
f 1488/1654/1554 1487/1650/1554 1518/1651/1554 1519/1655/1554
f 1475/1656/1555 1039/1657/1555 1506/1658/1555
f 1502/1659/1556 1501/1652/1556 1532/1653/1556 1533/1660/1556
f 1489/1661/1557 1488/1654/1557 1519/1655/1557 1520/1662/1557
f 1476/1663/1558 1475/1656/1558 1506/1658/1558 1507/1664/1558
f 1503/1665/1559 1502/1659/1559 1533/1660/1559 1534/1666/1559
f 1490/1667/1560 1489/1661/1560 1520/1662/1560 1521/1668/1560
f 1477/1669/1561 1476/1663/1561 1507/1664/1561 1508/1670/1561
f 1504/1671/1562 1503/1665/1562 1534/1666/1562 1535/1672/1562
f 1491/1673/1563 1490/1667/1563 1521/1668/1563 1522/1674/1563
f 1478/1675/1564 1477/1669/1564 1508/1670/1564 1509/1676/1564
f 1505/1677/1565 1504/1671/1565 1535/1672/1565 1536/1678/1565
f 1492/1617/1566 1491/1673/1566 1522/1674/1566 1523/1618/1566
f 1479/1621/1567 1478/1675/1567 1509/1676/1567 1510/1622/1567
f 1226/1679/1568 1505/1677/1568 1536/1678/1568
f 1526/1629/1569 1525/1625/1569 1556/1680/1569 1557/1681/1569
f 1513/1631/1570 1512/1627/1570 1543/1682/1570 1544/1683/1570
f 1527/1633/1571 1526/1629/1571 1557/1681/1571 1558/1684/1571
f 1514/1635/1572 1513/1631/1572 1544/1683/1572 1545/1685/1572
f 1528/1637/1573 1527/1633/1573 1558/1684/1573 1559/1686/1573
f 1515/1639/1574 1514/1635/1574 1545/1685/1574 1546/1687/1574
f 1529/1641/1575 1528/1637/1575 1559/1686/1575 1560/1688/1575
f 1516/1643/1576 1515/1639/1576 1546/1687/1576 1547/1689/1576
f 1530/1645/1577 1529/1641/1577 1560/1688/1577 1561/1690/1577
f 1517/1647/1578 1516/1643/1578 1547/1689/1578 1548/1691/1578
f 1531/1649/1579 1530/1645/1579 1561/1690/1579 1562/1692/1579
f 1518/1651/1580 1517/1647/1580 1548/1691/1580 1549/1693/1580
f 1532/1653/1581 1531/1649/1581 1562/1692/1581 1563/1694/1581
f 1519/1655/1582 1518/1651/1582 1549/1693/1582 1550/1695/1582
f 1506/1658/1583 1039/1696/1583 1537/1697/1583
f 1533/1660/1584 1532/1653/1584 1563/1694/1584 1564/1698/1584
f 1520/1662/1585 1519/1655/1585 1550/1695/1585 1551/1699/1585
f 1507/1664/1586 1506/1658/1586 1537/1697/1586 1538/1700/1586
f 1534/1666/1587 1533/1660/1587 1564/1698/1587 1565/1701/1587
f 1521/1668/1588 1520/1662/1588 1551/1699/1588 1552/1702/1588
f 1508/1670/1589 1507/1664/1589 1538/1700/1589 1539/1703/1589
f 1535/1672/1590 1534/1666/1590 1565/1701/1590 1566/1704/1590
f 1522/1674/1591 1521/1668/1591 1552/1702/1591 1553/1705/1591
f 1509/1676/1592 1508/1670/1592 1539/1703/1592 1540/1706/1592
f 1536/1678/1593 1535/1672/1593 1566/1704/1593 1567/1707/1593
f 1523/1618/1594 1522/1674/1594 1553/1705/1594 1554/1708/1594
f 1510/1622/1595 1509/1676/1595 1540/1706/1595 1541/1709/1595
f 1226/1710/1596 1536/1678/1596 1567/1707/1596
f 1524/1619/1597 1523/1618/1597 1554/1708/1597 1555/1711/1597
f 1511/1623/1598 1510/1622/1598 1541/1709/1598 1542/1712/1598
f 1525/1625/1599 1524/1619/1599 1555/1711/1599 1556/1680/1599
f 1512/1627/1600 1511/1623/1600 1542/1712/1600 1543/1682/1600
f 1559/1686/1601 1558/1684/1601 1589/1713/1601 1590/1714/1601
f 1546/1687/1602 1545/1685/1602 1576/1715/1602 1577/1716/1602
f 1560/1688/1603 1559/1686/1603 1590/1714/1603 1591/1717/1603
f 1547/1689/1604 1546/1687/1604 1577/1716/1604 1578/1718/1604
f 1561/1690/1605 1560/1688/1605 1591/1717/1605 1592/1719/1605
f 1548/1691/1606 1547/1689/1606 1578/1718/1606 1579/1720/1606
f 1562/1692/1607 1561/1690/1607 1592/1719/1607 1593/1721/1607
f 1549/1693/1608 1548/1691/1608 1579/1720/1608 1580/1722/1608
f 1563/1694/1609 1562/1692/1609 1593/1721/1609 1594/1723/1609
f 1550/1695/1610 1549/1693/1610 1580/1722/1610 1581/1724/1610
f 1537/1697/1611 1039/1725/1611 1568/1726/1611
f 1564/1698/1612 1563/1694/1612 1594/1723/1612 1595/1727/1612
f 1551/1699/1613 1550/1695/1613 1581/1724/1613 1582/1728/1613
f 1538/1700/1614 1537/1697/1614 1568/1726/1614 1569/1729/1614
f 1565/1701/1615 1564/1698/1615 1595/1727/1615 1596/1730/1615
f 1552/1702/1616 1551/1699/1616 1582/1728/1616 1583/1731/1616
f 1539/1703/1617 1538/1700/1617 1569/1729/1617 1570/1732/1617
f 1566/1704/1618 1565/1701/1618 1596/1730/1618 1597/1733/1618
f 1553/1705/1619 1552/1702/1619 1583/1731/1619 1584/1734/1619
f 1540/1706/1620 1539/1703/1620 1570/1732/1620 1571/1735/1620
f 1567/1707/1621 1566/1704/1621 1597/1733/1621 1598/1736/1621
f 1554/1708/1622 1553/1705/1622 1584/1734/1622 1585/1737/1622
f 1541/1709/1623 1540/1706/1623 1571/1735/1623 1572/1738/1623
f 1226/1739/1624 1567/1707/1624 1598/1736/1624
f 1555/1711/1625 1554/1708/1625 1585/1737/1625 1586/1740/1625
f 1542/1712/1626 1541/1709/1626 1572/1738/1626 1573/1741/1626
f 1556/1680/1627 1555/1711/1627 1586/1740/1627 1587/1742/1627
f 1543/1682/1628 1542/1712/1628 1573/1741/1628 1574/1743/1628
f 1557/1681/1629 1556/1680/1629 1587/1742/1629 1588/1744/1629
f 1544/1683/1630 1543/1682/1630 1574/1743/1630 1575/1745/1630
f 1558/1684/1631 1557/1681/1631 1588/1744/1631 1589/1713/1631
f 1545/1685/1632 1544/1683/1632 1575/1745/1632 1576/1715/1632
f 1593/1721/1633 1592/1719/1633 1623/1746/1633 1624/1747/1633
f 1580/1722/1634 1579/1720/1634 1610/1748/1634 1611/1749/1634
f 1594/1723/1635 1593/1721/1635 1624/1747/1635 1625/1750/1635
f 1581/1724/1636 1580/1722/1636 1611/1749/1636 1612/1751/1636
f 1568/1726/1637 1039/1752/1637 1599/1753/1637
f 1595/1727/1638 1594/1723/1638 1625/1750/1638 1626/1754/1638
f 1582/1728/1639 1581/1724/1639 1612/1751/1639 1613/1755/1639
f 1569/1729/1640 1568/1726/1640 1599/1753/1640 1600/1756/1640
f 1596/1730/1641 1595/1727/1641 1626/1754/1641 1627/1757/1641
f 1583/1731/1642 1582/1728/1642 1613/1755/1642 1614/1758/1642
f 1570/1732/1643 1569/1729/1643 1600/1756/1643 1601/1759/1643
f 1597/1733/1644 1596/1730/1644 1627/1757/1644 1628/1760/1644
f 1584/1734/1645 1583/1731/1645 1614/1758/1645 1615/1761/1645
f 1571/1735/1646 1570/1732/1646 1601/1759/1646 1602/1762/1646
f 1598/1736/1647 1597/1733/1647 1628/1760/1647 1629/1763/1647
f 1585/1737/1648 1584/1734/1648 1615/1761/1648 1616/1764/1648
f 1572/1738/1649 1571/1735/1649 1602/1762/1649 1603/1765/1649
f 1226/1766/1650 1598/1736/1650 1629/1763/1650
f 1586/1740/1651 1585/1737/1651 1616/1764/1651 1617/1767/1651
f 1573/1741/1652 1572/1738/1652 1603/1765/1652 1604/1768/1652
f 1587/1742/1653 1586/1740/1653 1617/1767/1653 1618/1769/1653
f 1574/1743/1654 1573/1741/1654 1604/1768/1654 1605/1770/1654
f 1588/1744/1655 1587/1742/1655 1618/1769/1655 1619/1771/1655
f 1575/1745/1656 1574/1743/1656 1605/1770/1656 1606/1772/1656
f 1589/1713/1657 1588/1744/1657 1619/1771/1657 1620/1773/1657
f 1576/1715/1658 1575/1745/1658 1606/1772/1658 1607/1774/1658
f 1590/1714/1659 1589/1713/1659 1620/1773/1659 1621/1775/1659
f 1577/1716/1660 1576/1715/1660 1607/1774/1660 1608/1776/1660
f 1591/1717/1661 1590/1714/1661 1621/1775/1661 1622/1777/1661
f 1578/1718/1662 1577/1716/1662 1608/1776/1662 1609/1778/1662
f 1592/1719/1663 1591/1717/1663 1622/1777/1663 1623/1746/1663
f 1579/1720/1664 1578/1718/1664 1609/1778/1664 1610/1748/1664
f 1599/1753/1665 1039/1779/1665 1630/1780/1665
f 1626/1754/1666 1625/1750/1666 1656/1781/1666 1657/1782/1666
f 1613/1755/1667 1612/1751/1667 1643/1783/1667 1644/1784/1667
f 1600/1756/1668 1599/1753/1668 1630/1780/1668 1631/1785/1668
f 1627/1757/1669 1626/1754/1669 1657/1782/1669 1658/1786/1669
f 1614/1758/1670 1613/1755/1670 1644/1784/1670 1645/1787/1670
f 1601/1759/1671 1600/1756/1671 1631/1785/1671 1632/1788/1671
f 1628/1760/1672 1627/1757/1672 1658/1786/1672 1659/1789/1672
f 1615/1761/1673 1614/1758/1673 1645/1787/1673 1646/1790/1673
f 1602/1762/1674 1601/1759/1674 1632/1788/1674 1633/1791/1674
f 1629/1763/1675 1628/1760/1675 1659/1789/1675 1660/1792/1675
f 1616/1764/1676 1615/1761/1676 1646/1790/1676 1647/1793/1676
f 1603/1765/1677 1602/1762/1677 1633/1791/1677 1634/1794/1677
f 1226/1795/1678 1629/1763/1678 1660/1792/1678
f 1617/1767/1679 1616/1764/1679 1647/1793/1679 1648/1796/1679
f 1604/1768/1680 1603/1765/1680 1634/1794/1680 1635/1797/1680
f 1618/1769/1681 1617/1767/1681 1648/1796/1681 1649/1798/1681
f 1605/1770/1682 1604/1768/1682 1635/1797/1682 1636/1799/1682
f 1619/1771/1683 1618/1769/1683 1649/1798/1683 1650/1800/1683
f 1606/1772/1684 1605/1770/1684 1636/1799/1684 1637/1801/1684
f 1620/1773/1685 1619/1771/1685 1650/1800/1685 1651/1802/1685
f 1607/1774/1686 1606/1772/1686 1637/1801/1686 1638/1803/1686
f 1621/1775/1687 1620/1773/1687 1651/1802/1687 1652/1804/1687
f 1608/1776/1688 1607/1774/1688 1638/1803/1688 1639/1805/1688
f 1622/1777/1689 1621/1775/1689 1652/1804/1689 1653/1806/1689
f 1609/1778/1690 1608/1776/1690 1639/1805/1690 1640/1807/1690
f 1623/1746/1691 1622/1777/1691 1653/1806/1691 1654/1808/1691
f 1610/1748/1692 1609/1778/1692 1640/1807/1692 1641/1809/1692
f 1624/1747/1693 1623/1746/1693 1654/1808/1693 1655/1810/1693
f 1611/1749/1694 1610/1748/1694 1641/1809/1694 1642/1811/1694
f 1625/1750/1695 1624/1747/1695 1655/1810/1695 1656/1781/1695
f 1612/1751/1696 1611/1749/1696 1642/1811/1696 1643/1783/1696
f 1632/1788/1697 1631/1785/1697 1662/1812/1697 1663/1813/1697
f 1659/1789/1698 1658/1786/1698 1689/1814/1698 1690/1815/1698
f 1646/1790/1699 1645/1787/1699 1676/1816/1699 1677/1817/1699
f 1633/1791/1700 1632/1788/1700 1663/1813/1700 1664/1818/1700
f 1660/1792/1701 1659/1789/1701 1690/1815/1701 1691/1819/1701
f 1647/1793/1702 1646/1790/1702 1677/1817/1702 1678/1820/1702
f 1634/1794/1703 1633/1791/1703 1664/1818/1703 1665/1821/1703
f 1226/1822/1704 1660/1792/1704 1691/1819/1704
f 1648/1796/1705 1647/1793/1705 1678/1820/1705 1679/1823/1705
f 1635/1797/1706 1634/1794/1706 1665/1821/1706 1666/1824/1706
f 1649/1798/1707 1648/1796/1707 1679/1823/1707 1680/1825/1707
f 1636/1799/1708 1635/1797/1708 1666/1824/1708 1667/1826/1708
f 1650/1800/1709 1649/1798/1709 1680/1825/1709 1681/1827/1709
f 1637/1801/1710 1636/1799/1710 1667/1826/1710 1668/1828/1710
f 1651/1802/1711 1650/1800/1711 1681/1827/1711 1682/1829/1711
f 1638/1803/1712 1637/1801/1712 1668/1828/1712 1669/1830/1712
f 1652/1804/1713 1651/1802/1713 1682/1829/1713 1683/1831/1713
f 1639/1805/1714 1638/1803/1714 1669/1830/1714 1670/1832/1714
f 1653/1806/1715 1652/1804/1715 1683/1831/1715 1684/1833/1715
f 1640/1807/1716 1639/1805/1716 1670/1832/1716 1671/1834/1716
f 1654/1808/1717 1653/1806/1717 1684/1833/1717 1685/1835/1717
f 1641/1809/1718 1640/1807/1718 1671/1834/1718 1672/1836/1718
f 1655/1810/1719 1654/1808/1719 1685/1835/1719 1686/1837/1719
f 1642/1811/1720 1641/1809/1720 1672/1836/1720 1673/1838/1720
f 1656/1781/1721 1655/1810/1721 1686/1837/1721 1687/1839/1721
f 1643/1783/1722 1642/1811/1722 1673/1838/1722 1674/1840/1722
f 1630/1780/1723 1039/1841/1723 1661/1842/1723
f 1657/1782/1724 1656/1781/1724 1687/1839/1724 1688/1843/1724
f 1644/1784/1725 1643/1783/1725 1674/1840/1725 1675/1844/1725
f 1631/1785/1726 1630/1780/1726 1661/1842/1726 1662/1812/1726
f 1658/1786/1727 1657/1782/1727 1688/1843/1727 1689/1814/1727
f 1645/1787/1728 1644/1784/1728 1675/1844/1728 1676/1816/1728
f 1665/1821/1729 1664/1818/1729 1695/1845/1729 1696/1846/1729
f 1226/1847/1730 1691/1819/1730 1722/1848/1730
f 1679/1823/1731 1678/1820/1731 1709/1849/1731 1710/1850/1731
f 1666/1824/1732 1665/1821/1732 1696/1846/1732 1697/1851/1732
f 1680/1825/1733 1679/1823/1733 1710/1850/1733 1711/1852/1733
f 1667/1826/1734 1666/1824/1734 1697/1851/1734 1698/1853/1734
f 1681/1827/1735 1680/1825/1735 1711/1852/1735 1712/1854/1735
f 1668/1828/1736 1667/1826/1736 1698/1853/1736 1699/1855/1736
f 1682/1829/1737 1681/1827/1737 1712/1854/1737 1713/1856/1737
f 1669/1830/1738 1668/1828/1738 1699/1855/1738 1700/1857/1738
f 1683/1831/1739 1682/1829/1739 1713/1856/1739 1714/1858/1739
f 1670/1832/1740 1669/1830/1740 1700/1857/1740 1701/1859/1740
f 1684/1833/1741 1683/1831/1741 1714/1858/1741 1715/1860/1741
f 1671/1834/1742 1670/1832/1742 1701/1859/1742 1702/1861/1742
f 1685/1835/1743 1684/1833/1743 1715/1860/1743 1716/1862/1743
f 1672/1836/1744 1671/1834/1744 1702/1861/1744 1703/1863/1744
f 1686/1837/1745 1685/1835/1745 1716/1862/1745 1717/1864/1745
f 1673/1838/1746 1672/1836/1746 1703/1863/1746 1704/1865/1746
f 1687/1839/1747 1686/1837/1747 1717/1864/1747 1718/1866/1747
f 1674/1840/1748 1673/1838/1748 1704/1865/1748 1705/1867/1748
f 1661/1842/1749 1039/1868/1749 1692/1869/1749
f 1688/1843/1750 1687/1839/1750 1718/1866/1750 1719/1870/1750
f 1675/1844/1751 1674/1840/1751 1705/1867/1751 1706/1871/1751
f 1662/1812/1752 1661/1842/1752 1692/1869/1752 1693/1872/1752
f 1689/1814/1753 1688/1843/1753 1719/1870/1753 1720/1873/1753
f 1676/1816/1754 1675/1844/1754 1706/1871/1754 1707/1874/1754
f 1663/1813/1755 1662/1812/1755 1693/1872/1755 1694/1875/1755
f 1690/1815/1756 1689/1814/1756 1720/1873/1756 1721/1876/1756
f 1677/1817/1757 1676/1816/1757 1707/1874/1757 1708/1877/1757
f 1664/1818/1758 1663/1813/1758 1694/1875/1758 1695/1845/1758
f 1691/1819/1759 1690/1815/1759 1721/1876/1759 1722/1848/1759
f 1678/1820/1760 1677/1817/1760 1708/1877/1760 1709/1849/1760
f 1698/1853/1761 1697/1851/1761 1728/1878/1761 1729/1879/1761
f 1712/1854/1762 1711/1852/1762 1742/1880/1762 1743/1881/1762
f 1699/1855/1763 1698/1853/1763 1729/1879/1763 1730/1882/1763
f 1713/1856/1764 1712/1854/1764 1743/1881/1764 1744/1883/1764
f 1700/1857/1765 1699/1855/1765 1730/1882/1765 1731/1884/1765
f 1714/1858/1766 1713/1856/1766 1744/1883/1766 1745/1885/1766
f 1701/1859/1767 1700/1857/1767 1731/1884/1767 1732/1886/1767
f 1715/1860/1768 1714/1858/1768 1745/1885/1768 1746/1887/1768
f 1702/1861/1769 1701/1859/1769 1732/1886/1769 1733/1888/1769
f 1716/1862/1770 1715/1860/1770 1746/1887/1770 1747/1889/1770
f 1703/1863/1771 1702/1861/1771 1733/1888/1771 1734/1890/1771
f 1717/1864/1772 1716/1862/1772 1747/1889/1772 1748/1891/1772
f 1704/1865/1773 1703/1863/1773 1734/1890/1773 1735/1892/1773
f 1718/1866/1774 1717/1864/1774 1748/1891/1774 1749/1893/1774
f 1705/1867/1775 1704/1865/1775 1735/1892/1775 1736/1894/1775
f 1692/1869/1776 1039/1895/1776 1723/1896/1776
f 1719/1870/1777 1718/1866/1777 1749/1893/1777 1750/1897/1777
f 1706/1871/1778 1705/1867/1778 1736/1894/1778 1737/1898/1778
f 1693/1872/1779 1692/1869/1779 1723/1896/1779 1724/1899/1779
f 1720/1873/1780 1719/1870/1780 1750/1897/1780 1751/1900/1780
f 1707/1874/1781 1706/1871/1781 1737/1898/1781 1738/1901/1781
f 1694/1875/1782 1693/1872/1782 1724/1899/1782 1725/1902/1782
f 1721/1876/1783 1720/1873/1783 1751/1900/1783 1752/1903/1783
f 1708/1877/1784 1707/1874/1784 1738/1901/1784 1739/1904/1784
f 1695/1845/1785 1694/1875/1785 1725/1902/1785 1726/1905/1785
f 1722/1848/1786 1721/1876/1786 1752/1903/1786 1753/1906/1786
f 1709/1849/1787 1708/1877/1787 1739/1904/1787 1740/1907/1787
f 1696/1846/1788 1695/1845/1788 1726/1905/1788 1727/1908/1788
f 1226/1909/1789 1722/1848/1789 1753/1906/1789
f 1710/1850/1790 1709/1849/1790 1740/1907/1790 1741/1910/1790
f 1697/1851/1791 1696/1846/1791 1727/1908/1791 1728/1878/1791
f 1711/1852/1792 1710/1850/1792 1741/1910/1792 1742/1880/1792
f 1731/1884/1793 1730/1882/1793 1761/1911/1793 1762/1912/1793
f 1745/1885/1794 1744/1883/1794 1775/1913/1794 1776/1914/1794
f 1732/1886/1795 1731/1884/1795 1762/1912/1795 1763/1915/1795
f 1746/1887/1796 1745/1885/1796 1776/1914/1796 1777/1916/1796
f 1733/1888/1797 1732/1886/1797 1763/1915/1797 1764/1917/1797
f 1747/1889/1798 1746/1887/1798 1777/1916/1798 1778/1918/1798
f 1734/1890/1799 1733/1888/1799 1764/1917/1799 1765/1919/1799
f 1748/1891/1800 1747/1889/1800 1778/1918/1800 1779/1920/1800
f 1735/1892/1801 1734/1890/1801 1765/1919/1801 1766/1921/1801
f 1749/1893/1802 1748/1891/1802 1779/1920/1802 1780/1922/1802
f 1736/1894/1803 1735/1892/1803 1766/1921/1803 1767/1923/1803
f 1723/1896/1804 1039/1924/1804 1754/1925/1804
f 1750/1897/1805 1749/1893/1805 1780/1922/1805 1781/1926/1805
f 1737/1898/1806 1736/1894/1806 1767/1923/1806 1768/1927/1806
f 1724/1899/1807 1723/1896/1807 1754/1925/1807 1755/1928/1807
f 1751/1900/1808 1750/1897/1808 1781/1926/1808 1782/1929/1808
f 1738/1901/1809 1737/1898/1809 1768/1927/1809 1769/1930/1809
f 1725/1902/1810 1724/1899/1810 1755/1928/1810 1756/1931/1810
f 1752/1903/1811 1751/1900/1811 1782/1929/1811 1783/1932/1811
f 1739/1904/1812 1738/1901/1812 1769/1930/1812 1770/1933/1812
f 1726/1905/1813 1725/1902/1813 1756/1931/1813 1757/1934/1813
f 1753/1906/1814 1752/1903/1814 1783/1932/1814 1784/1935/1814
f 1740/1907/1815 1739/1904/1815 1770/1933/1815 1771/1936/1815
f 1727/1908/1816 1726/1905/1816 1757/1934/1816 1758/1937/1816
f 1226/1938/1817 1753/1906/1817 1784/1935/1817
f 1741/1910/1818 1740/1907/1818 1771/1936/1818 1772/1939/1818
f 1728/1878/1819 1727/1908/1819 1758/1937/1819 1759/1940/1819
f 1742/1880/1820 1741/1910/1820 1772/1939/1820 1773/1941/1820
f 1729/1879/1821 1728/1878/1821 1759/1940/1821 1760/1942/1821
f 1743/1881/1822 1742/1880/1822 1773/1941/1822 1774/1943/1822
f 1730/1882/1823 1729/1879/1823 1760/1942/1823 1761/1911/1823
f 1744/1883/1824 1743/1881/1824 1774/1943/1824 1775/1913/1824
f 1764/1917/1825 1763/1915/1825 1794/1944/1825 1795/1945/1825
f 1778/1918/1826 1777/1916/1826 1808/1946/1826 1809/1947/1826
f 1765/1919/1827 1764/1917/1827 1795/1945/1827 1796/1948/1827
f 1779/1920/1828 1778/1918/1828 1809/1947/1828 1810/1949/1828
f 1766/1921/1829 1765/1919/1829 1796/1948/1829 1797/1950/1829
f 1780/1922/1830 1779/1920/1830 1810/1949/1830 1811/1951/1830
f 1767/1923/1831 1766/1921/1831 1797/1950/1831 1798/1952/1831
f 1754/1925/1832 1039/1953/1832 1785/1954/1832
f 1781/1926/1833 1780/1922/1833 1811/1951/1833 1812/1955/1833
f 1768/1927/1834 1767/1923/1834 1798/1952/1834 1799/1956/1834
f 1755/1928/1835 1754/1925/1835 1785/1954/1835 1786/1957/1835
f 1782/1929/1836 1781/1926/1836 1812/1955/1836 1813/1958/1836
f 1769/1930/1837 1768/1927/1837 1799/1956/1837 1800/1959/1837
f 1756/1931/1838 1755/1928/1838 1786/1957/1838 1787/1960/1838
f 1783/1932/1839 1782/1929/1839 1813/1958/1839 1814/1961/1839
f 1770/1933/1840 1769/1930/1840 1800/1959/1840 1801/1962/1840
f 1757/1934/1841 1756/1931/1841 1787/1960/1841 1788/1963/1841
f 1784/1935/1842 1783/1932/1842 1814/1961/1842 1815/1964/1842
f 1771/1936/1843 1770/1933/1843 1801/1962/1843 1802/1965/1843
f 1758/1937/1844 1757/1934/1844 1788/1963/1844 1789/1966/1844
f 1226/1967/1845 1784/1935/1845 1815/1964/1845
f 1772/1939/1846 1771/1936/1846 1802/1965/1846 1803/1968/1846
f 1759/1940/1847 1758/1937/1847 1789/1966/1847 1790/1969/1847
f 1773/1941/1848 1772/1939/1848 1803/1968/1848 1804/1970/1848
f 1760/1942/1849 1759/1940/1849 1790/1969/1849 1791/1971/1849
f 1774/1943/1850 1773/1941/1850 1804/1970/1850 1805/1972/1850
f 1761/1911/1851 1760/1942/1851 1791/1971/1851 1792/1973/1851
f 1775/1913/1852 1774/1943/1852 1805/1972/1852 1806/1974/1852
f 1762/1912/1853 1761/1911/1853 1792/1973/1853 1793/1975/1853
f 1776/1914/1854 1775/1913/1854 1806/1974/1854 1807/1976/1854
f 1763/1915/1855 1762/1912/1855 1793/1975/1855 1794/1944/1855
f 1777/1916/1856 1776/1914/1856 1807/1976/1856 1808/1946/1856
f 1797/1950/1857 1796/1948/1857 1827/1977/1857 1828/1978/1857
f 1811/1951/1858 1810/1949/1858 1841/1979/1858 1842/1980/1858
f 1798/1952/1859 1797/1950/1859 1828/1978/1859 1829/1981/1859
f 1785/1954/1860 1039/1982/1860 1816/1983/1860
f 1812/1955/1861 1811/1951/1861 1842/1980/1861 1843/1984/1861
f 1799/1956/1862 1798/1952/1862 1829/1981/1862 1830/1985/1862
f 1786/1957/1863 1785/1954/1863 1816/1983/1863 1817/1986/1863
f 1813/1958/1864 1812/1955/1864 1843/1984/1864 1844/1987/1864
f 1800/1959/1865 1799/1956/1865 1830/1985/1865 1831/1988/1865
f 1787/1960/1866 1786/1957/1866 1817/1986/1866 1818/1989/1866
f 1814/1961/1867 1813/1958/1867 1844/1987/1867 1845/1990/1867
f 1801/1962/1868 1800/1959/1868 1831/1988/1868 1832/1991/1868
f 1788/1963/1869 1787/1960/1869 1818/1989/1869 1819/1992/1869
f 1815/1964/1870 1814/1961/1870 1845/1990/1870 1846/1993/1870
f 1802/1965/1871 1801/1962/1871 1832/1991/1871 1833/1994/1871
f 1789/1966/1872 1788/1963/1872 1819/1992/1872 1820/1995/1872
f 1226/1996/1873 1815/1964/1873 1846/1993/1873
f 1803/1968/1874 1802/1965/1874 1833/1994/1874 1834/1997/1874
f 1790/1969/1875 1789/1966/1875 1820/1995/1875 1821/1998/1875
f 1804/1970/1876 1803/1968/1876 1834/1997/1876 1835/1999/1876
f 1791/1971/1877 1790/1969/1877 1821/1998/1877 1822/2000/1877
f 1805/1972/1878 1804/1970/1878 1835/1999/1878 1836/2001/1878
f 1792/1973/1879 1791/1971/1879 1822/2000/1879 1823/2002/1879
f 1806/1974/1880 1805/1972/1880 1836/2001/1880 1837/2003/1880
f 1793/1975/1881 1792/1973/1881 1823/2002/1881 1824/2004/1881
f 1807/1976/1882 1806/1974/1882 1837/2003/1882 1838/2005/1882
f 1794/1944/1883 1793/1975/1883 1824/2004/1883 1825/2006/1883
f 1808/1946/1884 1807/1976/1884 1838/2005/1884 1839/2007/1884
f 1795/1945/1885 1794/1944/1885 1825/2006/1885 1826/2008/1885
f 1809/1947/1886 1808/1946/1886 1839/2007/1886 1840/2009/1886
f 1796/1948/1887 1795/1945/1887 1826/2008/1887 1827/1977/1887
f 1810/1949/1888 1809/1947/1888 1840/2009/1888 1841/1979/1888
f 1830/1985/1889 1829/1981/1889 1860/2010/1889 1861/2011/1889
f 1817/1986/1890 1816/1983/1890 1847/2012/1890 1848/2013/1890
f 1844/1987/1891 1843/1984/1891 1874/2014/1891 1875/2015/1891
f 1831/1988/1892 1830/1985/1892 1861/2011/1892 1862/2016/1892
f 1818/1989/1893 1817/1986/1893 1848/2013/1893 1849/2017/1893
f 1845/1990/1894 1844/1987/1894 1875/2015/1894 1876/2018/1894
f 1832/1991/1895 1831/1988/1895 1862/2016/1895 1863/2019/1895
f 1819/1992/1896 1818/1989/1896 1849/2017/1896 1850/2020/1896
f 1846/1993/1897 1845/1990/1897 1876/2018/1897 1877/2021/1897
f 1833/1994/1898 1832/1991/1898 1863/2019/1898 1864/2022/1898
f 1820/1995/1899 1819/1992/1899 1850/2020/1899 1851/2023/1899
f 1226/2024/1900 1846/1993/1900 1877/2021/1900
f 1834/1997/1901 1833/1994/1901 1864/2022/1901 1865/2025/1901
f 1821/1998/1902 1820/1995/1902 1851/2023/1902 1852/2026/1902
f 1835/1999/1903 1834/1997/1903 1865/2025/1903 1866/2027/1903
f 1822/2000/1904 1821/1998/1904 1852/2026/1904 1853/2028/1904
f 1836/2001/1905 1835/1999/1905 1866/2027/1905 1867/2029/1905
f 1823/2002/1906 1822/2000/1906 1853/2028/1906 1854/2030/1906
f 1837/2003/1907 1836/2001/1907 1867/2029/1907 1868/2031/1907
f 1824/2004/1908 1823/2002/1908 1854/2030/1908 1855/2032/1908
f 1838/2005/1909 1837/2003/1909 1868/2031/1909 1869/2033/1909
f 1825/2006/1910 1824/2004/1910 1855/2032/1910 1856/2034/1910
f 1839/2007/1911 1838/2005/1911 1869/2033/1911 1870/2035/1911
f 1826/2008/1912 1825/2006/1912 1856/2034/1912 1857/2036/1912
f 1840/2009/1913 1839/2007/1913 1870/2035/1913 1871/2037/1913
f 1827/1977/1914 1826/2008/1914 1857/2036/1914 1858/2038/1914
f 1841/1979/1915 1840/2009/1915 1871/2037/1915 1872/2039/1915
f 1828/1978/1916 1827/1977/1916 1858/2038/1916 1859/2040/1916
f 1842/1980/1917 1841/1979/1917 1872/2039/1917 1873/2041/1917
f 1829/1981/1918 1828/1978/1918 1859/2040/1918 1860/2010/1918
f 1816/1983/1919 1039/2042/1919 1847/2012/1919
f 1843/1984/1920 1842/1980/1920 1873/2041/1920 1874/2014/1920
f 1863/2019/1921 1862/2016/1921 1893/2043/1921 1894/2044/1921
f 1850/2020/1922 1849/2017/1922 1880/2045/1922 1881/2046/1922
f 1877/2021/1923 1876/2018/1923 1907/2047/1923 1908/2048/1923
f 1864/2022/1924 1863/2019/1924 1894/2044/1924 1895/2049/1924
f 1851/2023/1925 1850/2020/1925 1881/2046/1925 1882/2050/1925
f 1226/2051/1926 1877/2021/1926 1908/2048/1926
f 1865/2025/1927 1864/2022/1927 1895/2049/1927 1896/2052/1927
f 1852/2026/1928 1851/2023/1928 1882/2050/1928 1883/2053/1928
f 1866/2027/1929 1865/2025/1929 1896/2052/1929 1897/2054/1929
f 1853/2028/1930 1852/2026/1930 1883/2053/1930 1884/2055/1930
f 1867/2029/1931 1866/2027/1931 1897/2054/1931 1898/2056/1931
f 1854/2030/1932 1853/2028/1932 1884/2055/1932 1885/2057/1932
f 1868/2031/1933 1867/2029/1933 1898/2056/1933 1899/2058/1933
f 1855/2032/1934 1854/2030/1934 1885/2057/1934 1886/2059/1934
f 1869/2033/1935 1868/2031/1935 1899/2058/1935 1900/2060/1935
f 1856/2034/1936 1855/2032/1936 1886/2059/1936 1887/2061/1936
f 1870/2035/1937 1869/2033/1937 1900/2060/1937 1901/2062/1937
f 1857/2036/1938 1856/2034/1938 1887/2061/1938 1888/2063/1938
f 1871/2037/1939 1870/2035/1939 1901/2062/1939 1902/2064/1939
f 1858/2038/1940 1857/2036/1940 1888/2063/1940 1889/2065/1940
f 1872/2039/1941 1871/2037/1941 1902/2064/1941 1903/2066/1941
f 1859/2040/1942 1858/2038/1942 1889/2065/1942 1890/2067/1942
f 1873/2041/1943 1872/2039/1943 1903/2066/1943 1904/2068/1943
f 1860/2010/1944 1859/2040/1944 1890/2067/1944 1891/2069/1944
f 1847/2012/1945 1039/2070/1945 1878/2071/1945
f 1874/2014/1946 1873/2041/1946 1904/2068/1946 1905/2072/1946
f 1861/2011/1947 1860/2010/1947 1891/2069/1947 1892/2073/1947
f 1848/2013/1948 1847/2012/1948 1878/2071/1948 1879/2074/1948
f 1875/2015/1949 1874/2014/1949 1905/2072/1949 1906/2075/1949
f 1862/2016/1950 1861/2011/1950 1892/2073/1950 1893/2043/1950
f 1849/2017/1951 1848/2013/1951 1879/2074/1951 1880/2045/1951
f 1876/2018/1952 1875/2015/1952 1906/2075/1952 1907/2047/1952
f 1896/2052/1953 1895/2049/1953 1926/2076/1953 1927/2077/1953
f 1883/2053/1954 1882/2050/1954 1913/2078/1954 1914/2079/1954
f 1897/2054/1955 1896/2052/1955 1927/2077/1955 1928/2080/1955
f 1884/2055/1956 1883/2053/1956 1914/2079/1956 1915/2081/1956
f 1898/2056/1957 1897/2054/1957 1928/2080/1957 1929/2082/1957
f 1885/2057/1958 1884/2055/1958 1915/2081/1958 1916/2083/1958
f 1899/2058/1959 1898/2056/1959 1929/2082/1959 1930/2084/1959
f 1886/2059/1960 1885/2057/1960 1916/2083/1960 1917/2085/1960
f 1900/2060/1961 1899/2058/1961 1930/2084/1961 1931/2086/1961
f 1887/2061/1962 1886/2059/1962 1917/2085/1962 1918/2087/1962
f 1901/2062/1963 1900/2060/1963 1931/2086/1963 1932/2088/1963
f 1888/2063/1964 1887/2061/1964 1918/2087/1964 1919/2089/1964
f 1902/2064/1965 1901/2062/1965 1932/2088/1965 1933/2090/1965
f 1889/2065/1966 1888/2063/1966 1919/2089/1966 1920/2091/1966
f 1903/2066/1967 1902/2064/1967 1933/2090/1967 1934/2092/1967
f 1890/2067/1968 1889/2065/1968 1920/2091/1968 1921/2093/1968
f 1904/2068/1969 1903/2066/1969 1934/2092/1969 1935/2094/1969
f 1891/2069/1970 1890/2067/1970 1921/2093/1970 1922/2095/1970
f 1878/2071/1971 1039/2096/1971 1909/2097/1971
f 1905/2072/1972 1904/2068/1972 1935/2094/1972 1936/2098/1972
f 1892/2073/1973 1891/2069/1973 1922/2095/1973 1923/2099/1973
f 1879/2074/1974 1878/2071/1974 1909/2097/1974 1910/2100/1974
f 1906/2075/1975 1905/2072/1975 1936/2098/1975 1937/2101/1975
f 1893/2043/1976 1892/2073/1976 1923/2099/1976 1924/2102/1976
f 1880/2045/1977 1879/2074/1977 1910/2100/1977 1911/2103/1977
f 1907/2047/1978 1906/2075/1978 1937/2101/1978 1938/2104/1978
f 1894/2044/1979 1893/2043/1979 1924/2102/1979 1925/2105/1979
f 1881/2046/1980 1880/2045/1980 1911/2103/1980 1912/2106/1980
f 1908/2048/1981 1907/2047/1981 1938/2104/1981 1939/2107/1981
f 1895/2049/1982 1894/2044/1982 1925/2105/1982 1926/2076/1982
f 1882/2050/1983 1881/2046/1983 1912/2106/1983 1913/2078/1983
f 1226/2108/1984 1908/2048/1984 1939/2107/1984
f 1929/2082/1985 1928/2080/1985 1959/2109/1985 1960/2110/1985
f 1916/2083/1986 1915/2081/1986 1946/2111/1986 1947/2112/1986
f 1930/2084/1987 1929/2082/1987 1960/2110/1987 1961/2113/1987
f 1917/2085/1988 1916/2083/1988 1947/2112/1988 1948/2114/1988
f 1931/2086/1989 1930/2084/1989 1961/2113/1989 1962/2115/1989
f 1918/2087/1990 1917/2085/1990 1948/2114/1990 1949/2116/1990
f 1932/2088/1991 1931/2086/1991 1962/2115/1991 1963/2117/1991
f 1919/2089/1992 1918/2087/1992 1949/2116/1992 1950/2118/1992
f 1933/2090/1993 1932/2088/1993 1963/2117/1993 1964/2119/1993
f 1920/2091/1994 1919/2089/1994 1950/2118/1994 1951/2120/1994
f 1934/2092/1995 1933/2090/1995 1964/2119/1995 1965/2121/1995
f 1921/2093/1996 1920/2091/1996 1951/2120/1996 1952/2122/1996
f 1935/2094/1997 1934/2092/1997 1965/2121/1997 1966/2123/1997
f 1922/2095/1998 1921/2093/1998 1952/2122/1998 1953/2124/1998
f 1909/2097/1999 1039/2125/1999 1940/2126/1999
f 1936/2098/2000 1935/2094/2000 1966/2123/2000 1967/2127/2000
f 1923/2099/2001 1922/2095/2001 1953/2124/2001 1954/2128/2001
f 1910/2100/2002 1909/2097/2002 1940/2126/2002 1941/2129/2002
f 1937/2101/2003 1936/2098/2003 1967/2127/2003 1968/2130/2003
f 1924/2102/2004 1923/2099/2004 1954/2128/2004 1955/2131/2004
f 1911/2103/2005 1910/2100/2005 1941/2129/2005 1942/2132/2005
f 1938/2104/2006 1937/2101/2006 1968/2130/2006 1969/2133/2006
f 1925/2105/2007 1924/2102/2007 1955/2131/2007 1956/2134/2007
f 1912/2106/2008 1911/2103/2008 1942/2132/2008 1943/2135/2008
f 1939/2107/2009 1938/2104/2009 1969/2133/2009 1970/2136/2009
f 1926/2076/2010 1925/2105/2010 1956/2134/2010 1957/2137/2010
f 1913/2078/2011 1912/2106/2011 1943/2135/2011 1944/2138/2011
f 1226/2139/2012 1939/2107/2012 1970/2136/2012
f 1927/2077/2013 1926/2076/2013 1957/2137/2013 1958/2140/2013
f 1914/2079/2014 1913/2078/2014 1944/2138/2014 1945/2141/2014
f 1928/2080/2015 1927/2077/2015 1958/2140/2015 1959/2109/2015
f 1915/2081/2016 1914/2079/2016 1945/2141/2016 1946/2111/2016
f 1962/2115/2017 1961/2113/2017 1979/51/2017 1980/55/2017
f 1949/2116/2018 1948/2114/2018 1975/53/2018 1976/57/2018
f 1963/2117/2019 1962/2115/2019 1980/55/2019 1981/59/2019
f 1950/2118/2020 1949/2116/2020 1976/57/2020 5/61/2020
f 1964/2119/2021 1963/2117/2021 1981/59/2021 1982/63/2021
f 1951/2120/2022 1950/2118/2022 5/61/2022 6/2/2022
f 1965/2121/2023 1964/2119/2023 1982/63/2023 1983/6/2023
f 1952/2122/2024 1951/2120/2024 6/2/2024 7/1/2024
f 1966/2123/2025 1965/2121/2025 1983/6/2025 1984/5/2025
f 1953/2124/2026 1952/2122/2026 7/1/2026 1977/9/2026
f 1940/2126/2027 1039/2142/2027 1/11/2027
f 1967/2127/2028 1966/2123/2028 1984/5/2028 1985/14/2028
f 1954/2128/2029 1953/2124/2029 1977/9/2029 8/16/2029
f 1941/2129/2030 1940/2126/2030 1/11/2030 2/18/2030
f 1968/2130/2031 1967/2127/2031 1985/14/2031 14/20/2031
f 1955/2131/2032 1954/2128/2032 8/16/2032 9/22/2032
f 1942/2132/2033 1941/2129/2033 2/18/2033 3/24/2033
f 1969/2133/2034 1968/2130/2034 14/20/2034 1986/26/2034
f 1956/2134/2035 1955/2131/2035 9/22/2035 10/28/2035
f 1943/2135/2036 1942/2132/2036 3/24/2036 1971/30/2036
f 1970/2136/2037 1969/2133/2037 1986/26/2037 15/32/2037
f 1957/2137/2038 1956/2134/2038 10/28/2038 1978/34/2038
f 1944/2138/2039 1943/2135/2039 1971/30/2039 4/36/2039
f 1226/2143/2040 1970/2136/2040 15/32/2040
f 1958/2140/2041 1957/2137/2041 1978/34/2041 11/39/2041
f 1945/2141/2042 1944/2138/2042 4/36/2042 1972/41/2042
f 1959/2109/2043 1958/2140/2043 11/39/2043 12/43/2043
f 1946/2111/2044 1945/2141/2044 1972/41/2044 1973/45/2044
f 1960/2110/2045 1959/2109/2045 12/43/2045 13/47/2045
f 1947/2112/2046 1946/2111/2046 1973/45/2046 1974/49/2046
f 1961/2113/2047 1960/2110/2047 13/47/2047 1979/51/2047
f 1948/2114/2048 1947/2112/2048 1974/49/2048 1975/53/2048
